well_id,easting,northing,md_m,depth_tvd_m,porosity_pct,gamma_ray_api,bulk_density_gcc,formation_top_md,formation_base_md,formation_top_tvd,formation_base_tvd,formation_thickness_tvd_m,distance_to_usp_km,flag,flag_reason
BLT-01,141955.36,457102.99,1924.05,1862.54,0.0,64.78,2.7025,1924.0,2052.7,1862.49,1984.87,122.38,2.348,ok,"TVD converted from deviation survey; porosity from density-porosity equation (rho_ma=2.65, rho_fl=1.0)"
BLT-01,141955.37,457103.01,1924.13,1862.61,0.0,63.23,2.6884,1924.0,2052.7,1862.49,1984.87,122.38,2.348,ok,"TVD converted from deviation survey; porosity from density-porosity equation (rho_ma=2.65, rho_fl=1.0)"
BLT-01,141955.39,457103.02,1924.2,1862.69,0.0,62.69,2.6709,1924.0,2052.7,1862.49,1984.87,122.38,2.348,ok,"TVD converted from deviation survey; porosity from density-porosity equation (rho_ma=2.65, rho_fl=1.0)"
BLT-01,141955.41,457103.04,1924.28,1862.76,0.16,62.77,2.6474,1924.0,2052.7,1862.49,1984.87,122.38,2.348,ok,"TVD converted from deviation survey; porosity from density-porosity equation (rho_ma=2.65, rho_fl=1.0)"
BLT-01,141955.43,457103.05,1924.35,1862.83,2.18,62.97,2.6141,1924.0,2052.7,1862.49,1984.87,122.38,2.348,ok,"TVD converted from deviation survey; porosity from density-porosity equation (rho_ma=2.65, rho_fl=1.0)"
BLT-01,141955.44,457103.07,1924.43,1862.9,3.87,62.51,2.5861,1924.0,2052.7,1862.49,1984.87,122.38,2.348,ok,"TVD converted from deviation survey; porosity from density-porosity equation (rho_ma=2.65, rho_fl=1.0)"
BLT-01,141955.46,457103.08,1924.51,1862.98,4.96,61.79,2.5681,1924.0,2052.7,1862.49,1984.87,122.38,2.348,ok,"TVD converted from deviation survey; porosity from density-porosity equation (rho_ma=2.65, rho_fl=1.0)"
BLT-01,141955.48,457103.1,1924.58,1863.05,5.63,60.95,2.5571,1924.0,2052.7,1862.49,1984.87,122.38,2.348,ok,"TVD converted from deviation survey; porosity from density-porosity equation (rho_ma=2.65, rho_fl=1.0)"
BLT-01,141955.49,457103.11,1924.66,1863.12,6.04,60.12,2.5503,1924.0,2052.7,1862.49,1984.87,122.38,2.348,ok,"TVD converted from deviation survey; porosity from density-porosity equation (rho_ma=2.65, rho_fl=1.0)"
BLT-01,141955.51,457103.13,1924.74,1863.2,6.17,59.14,2.5483,1924.0,2052.7,1862.49,1984.87,122.38,2.348,ok,"TVD converted from deviation survey; porosity from density-porosity equation (rho_ma=2.65, rho_fl=1.0)"
BLT-01,141955.53,457103.14,1924.81,1863.27,6.16,57.86,2.5484,1924.0,2052.7,1862.49,1984.87,122.38,2.348,ok,"TVD converted from deviation survey; porosity from density-porosity equation (rho_ma=2.65, rho_fl=1.0)"
BLT-01,141955.54,457103.15,1924.89,1863.34,6.08,56.28,2.5497,1924.0,2052.7,1862.49,1984.87,122.38,2.348,ok,"TVD converted from deviation survey; porosity from density-porosity equation (rho_ma=2.65, rho_fl=1.0)"
BLT-01,141955.56,457103.17,1924.96,1863.41,5.97,54.45,2.5514,1924.0,2052.7,1862.49,1984.87,122.38,2.348,ok,"TVD converted from deviation survey; porosity from density-porosity equation (rho_ma=2.65, rho_fl=1.0)"
BLT-01,141955.58,457103.18,1925.04,1863.49,5.93,52.51,2.5522,1924.0,2052.7,1862.49,1984.87,122.38,2.348,ok,"TVD converted from deviation survey; porosity from density-porosity equation (rho_ma=2.65, rho_fl=1.0)"
BLT-01,141955.6,457103.2,1925.12,1863.56,5.97,51.09,2.5515,1924.0,2052.7,1862.49,1984.87,122.38,2.348,ok,"TVD converted from deviation survey; porosity from density-porosity equation (rho_ma=2.65, rho_fl=1.0)"
BLT-01,141955.61,457103.21,1925.19,1863.63,6.08,50.27,2.5497,1924.0,2052.7,1862.49,1984.87,122.38,2.348,ok,"TVD converted from deviation survey; porosity from density-porosity equation (rho_ma=2.65, rho_fl=1.0)"
BLT-01,141955.63,457103.23,1925.27,1863.71,6.24,50.04,2.547,1924.0,2052.7,1862.49,1984.87,122.38,2.348,ok,"TVD converted from deviation survey; porosity from density-porosity equation (rho_ma=2.65, rho_fl=1.0)"
BLT-01,141955.65,457103.24,1925.35,1863.78,6.43,50.31,2.544,1924.0,2052.7,1862.49,1984.87,122.38,2.348,ok,"TVD converted from deviation survey; porosity from density-porosity equation (rho_ma=2.65, rho_fl=1.0)"
BLT-01,141955.66,457103.26,1925.42,1863.85,6.64,50.67,2.5404,1924.0,2052.7,1862.49,1984.87,122.38,2.348,ok,"TVD converted from deviation survey; porosity from density-porosity equation (rho_ma=2.65, rho_fl=1.0)"
BLT-01,141955.68,457103.27,1925.5,1863.92,6.9,50.91,2.5362,1924.0,2052.7,1862.49,1984.87,122.38,2.348,ok,"TVD converted from deviation survey; porosity from density-porosity equation (rho_ma=2.65, rho_fl=1.0)"
BLT-01,141955.7,457103.29,1925.57,1864.0,7.18,51.01,2.5316,1924.0,2052.7,1862.49,1984.87,122.38,2.348,ok,"TVD converted from deviation survey; porosity from density-porosity equation (rho_ma=2.65, rho_fl=1.0)"
BLT-01,141955.72,457103.3,1925.65,1864.07,7.45,50.95,2.527,1924.0,2052.7,1862.49,1984.87,122.38,2.348,ok,"TVD converted from deviation survey; porosity from density-porosity equation (rho_ma=2.65, rho_fl=1.0)"
BLT-01,141955.73,457103.31,1925.73,1864.14,7.65,50.86,2.5238,1924.0,2052.7,1862.49,1984.87,122.38,2.348,ok,"TVD converted from deviation survey; porosity from density-porosity equation (rho_ma=2.65, rho_fl=1.0)"
BLT-01,141955.75,457103.33,1925.8,1864.22,7.75,50.67,2.5221,1924.0,2052.7,1862.49,1984.87,122.38,2.348,ok,"TVD converted from deviation survey; porosity from density-porosity equation (rho_ma=2.65, rho_fl=1.0)"
BLT-01,141955.77,457103.34,1925.88,1864.29,7.7,50.36,2.523,1924.0,2052.7,1862.49,1984.87,122.38,2.348,ok,"TVD converted from deviation survey; porosity from density-porosity equation (rho_ma=2.65, rho_fl=1.0)"
BLT-01,141955.78,457103.36,1925.95,1864.36,7.38,49.91,2.5283,1924.0,2052.7,1862.49,1984.87,122.38,2.348,ok,"TVD converted from deviation survey; porosity from density-porosity equation (rho_ma=2.65, rho_fl=1.0)"
BLT-01,141955.8,457103.37,1926.03,1864.43,6.74,49.52,2.5389,1924.0,2052.7,1862.49,1984.87,122.38,2.348,ok,"TVD converted from deviation survey; porosity from density-porosity equation (rho_ma=2.65, rho_fl=1.0)"
BLT-01,141955.82,457103.39,1926.11,1864.51,6.05,49.07,2.5502,1924.0,2052.7,1862.49,1984.87,122.38,2.348,ok,"TVD converted from deviation survey; porosity from density-porosity equation (rho_ma=2.65, rho_fl=1.0)"
BLT-01,141955.83,457103.4,1926.18,1864.58,5.33,48.36,2.562,1924.0,2052.7,1862.49,1984.87,122.38,2.348,ok,"TVD converted from deviation survey; porosity from density-porosity equation (rho_ma=2.65, rho_fl=1.0)"
BLT-01,141955.85,457103.42,1926.26,1864.65,4.61,47.25,2.574,1924.0,2052.7,1862.49,1984.87,122.38,2.348,ok,"TVD converted from deviation survey; porosity from density-porosity equation (rho_ma=2.65, rho_fl=1.0)"
BLT-01,141955.87,457103.43,1926.34,1864.72,4.29,46.0,2.5792,1924.0,2052.7,1862.49,1984.87,122.38,2.348,ok,"TVD converted from deviation survey; porosity from density-porosity equation (rho_ma=2.65, rho_fl=1.0)"
BLT-01,141955.89,457103.44,1926.41,1864.8,4.25,45.1,2.5799,1924.0,2052.7,1862.49,1984.87,122.38,2.348,ok,"TVD converted from deviation survey; porosity from density-porosity equation (rho_ma=2.65, rho_fl=1.0)"
BLT-01,141955.9,457103.46,1926.49,1864.87,4.32,44.53,2.5787,1924.0,2052.7,1862.49,1984.87,122.38,2.349,ok,"TVD converted from deviation survey; porosity from density-porosity equation (rho_ma=2.65, rho_fl=1.0)"
BLT-01,141955.92,457103.47,1926.56,1864.94,4.41,44.26,2.5772,1924.0,2052.7,1862.49,1984.87,122.38,2.349,ok,"TVD converted from deviation survey; porosity from density-porosity equation (rho_ma=2.65, rho_fl=1.0)"
BLT-01,141955.94,457103.49,1926.64,1865.02,4.55,44.32,2.5749,1924.0,2052.7,1862.49,1984.87,122.38,2.349,ok,"TVD converted from deviation survey; porosity from density-porosity equation (rho_ma=2.65, rho_fl=1.0)"
BLT-01,141955.95,457103.5,1926.72,1865.09,4.77,44.51,2.5712,1924.0,2052.7,1862.49,1984.87,122.38,2.349,ok,"TVD converted from deviation survey; porosity from density-porosity equation (rho_ma=2.65, rho_fl=1.0)"
BLT-01,141955.97,457103.52,1926.79,1865.16,5.04,44.7,2.5668,1924.0,2052.7,1862.49,1984.87,122.38,2.349,ok,"TVD converted from deviation survey; porosity from density-porosity equation (rho_ma=2.65, rho_fl=1.0)"
BLT-01,141955.99,457103.53,1926.87,1865.23,5.33,44.85,2.562,1924.0,2052.7,1862.49,1984.87,122.38,2.349,ok,"TVD converted from deviation survey; porosity from density-porosity equation (rho_ma=2.65, rho_fl=1.0)"
BLT-01,141956.01,457103.55,1926.95,1865.31,5.62,44.92,2.5572,1924.0,2052.7,1862.49,1984.87,122.38,2.349,ok,"TVD converted from deviation survey; porosity from density-porosity equation (rho_ma=2.65, rho_fl=1.0)"
BLT-01,141956.02,457103.56,1927.02,1865.38,5.81,44.96,2.5542,1924.0,2052.7,1862.49,1984.87,122.38,2.349,ok,"TVD converted from deviation survey; porosity from density-porosity equation (rho_ma=2.65, rho_fl=1.0)"
BLT-01,141956.04,457103.58,1927.1,1865.45,5.87,45.14,2.5532,1924.0,2052.7,1862.49,1984.87,122.38,2.349,ok,"TVD converted from deviation survey; porosity from density-porosity equation (rho_ma=2.65, rho_fl=1.0)"
BLT-01,141956.06,457103.59,1927.17,1865.53,5.81,45.51,2.5541,1924.0,2052.7,1862.49,1984.87,122.38,2.349,ok,"TVD converted from deviation survey; porosity from density-porosity equation (rho_ma=2.65, rho_fl=1.0)"
BLT-01,141956.07,457103.6,1927.25,1865.6,5.67,46.08,2.5564,1924.0,2052.7,1862.49,1984.87,122.38,2.349,ok,"TVD converted from deviation survey; porosity from density-porosity equation (rho_ma=2.65, rho_fl=1.0)"
BLT-01,141956.09,457103.62,1927.33,1865.67,5.56,46.73,2.5582,1924.0,2052.7,1862.49,1984.87,122.38,2.349,ok,"TVD converted from deviation survey; porosity from density-porosity equation (rho_ma=2.65, rho_fl=1.0)"
BLT-01,141956.11,457103.63,1927.4,1865.74,5.51,47.28,2.5591,1924.0,2052.7,1862.49,1984.87,122.38,2.349,ok,"TVD converted from deviation survey; porosity from density-porosity equation (rho_ma=2.65, rho_fl=1.0)"
BLT-01,141956.12,457103.65,1927.48,1865.82,5.54,47.5,2.5585,1924.0,2052.7,1862.49,1984.87,122.38,2.349,ok,"TVD converted from deviation survey; porosity from density-porosity equation (rho_ma=2.65, rho_fl=1.0)"
BLT-01,141956.14,457103.66,1927.56,1865.89,5.7,47.04,2.5559,1924.0,2052.7,1862.49,1984.87,122.38,2.349,ok,"TVD converted from deviation survey; porosity from density-porosity equation (rho_ma=2.65, rho_fl=1.0)"
BLT-01,141956.16,457103.68,1927.63,1865.96,5.86,46.15,2.5534,1924.0,2052.7,1862.49,1984.87,122.38,2.349,ok,"TVD converted from deviation survey; porosity from density-porosity equation (rho_ma=2.65, rho_fl=1.0)"
BLT-01,141956.18,457103.69,1927.71,1866.04,5.94,45.38,2.552,1924.0,2052.7,1862.49,1984.87,122.38,2.349,ok,"TVD converted from deviation survey; porosity from density-porosity equation (rho_ma=2.65, rho_fl=1.0)"
BLT-01,141956.19,457103.71,1927.78,1866.11,5.96,44.64,2.5517,1924.0,2052.7,1862.49,1984.87,122.38,2.349,ok,"TVD converted from deviation survey; porosity from density-porosity equation (rho_ma=2.65, rho_fl=1.0)"
BLT-01,141956.21,457103.72,1927.86,1866.18,5.91,43.84,2.5525,1924.0,2052.7,1862.49,1984.87,122.38,2.349,ok,"TVD converted from deviation survey; porosity from density-porosity equation (rho_ma=2.65, rho_fl=1.0)"
BLT-01,141956.23,457103.74,1927.94,1866.25,5.86,42.95,2.5534,1924.0,2052.7,1862.49,1984.87,122.38,2.349,ok,"TVD converted from deviation survey; porosity from density-porosity equation (rho_ma=2.65, rho_fl=1.0)"
BLT-01,141956.24,457103.75,1928.01,1866.33,5.88,42.58,2.553,1924.0,2052.7,1862.49,1984.87,122.38,2.349,ok,"TVD converted from deviation survey; porosity from density-porosity equation (rho_ma=2.65, rho_fl=1.0)"
BLT-01,141956.26,457103.76,1928.09,1866.4,5.97,43.04,2.5515,1924.0,2052.7,1862.49,1984.87,122.38,2.349,ok,"TVD converted from deviation survey; porosity from density-porosity equation (rho_ma=2.65, rho_fl=1.0)"
BLT-01,141956.28,457103.78,1928.16,1866.47,6.11,44.34,2.5491,1924.0,2052.7,1862.49,1984.87,122.38,2.349,ok,"TVD converted from deviation survey; porosity from density-porosity equation (rho_ma=2.65, rho_fl=1.0)"
BLT-01,141956.29,457103.79,1928.24,1866.55,6.19,45.34,2.5479,1924.0,2052.7,1862.49,1984.87,122.38,2.349,ok,"TVD converted from deviation survey; porosity from density-porosity equation (rho_ma=2.65, rho_fl=1.0)"
BLT-01,141956.31,457103.81,1928.32,1866.62,6.15,45.34,2.5485,1924.0,2052.7,1862.49,1984.87,122.38,2.349,ok,"TVD converted from deviation survey; porosity from density-porosity equation (rho_ma=2.65, rho_fl=1.0)"
BLT-01,141956.33,457103.82,1928.39,1866.69,6.08,44.46,2.5498,1924.0,2052.7,1862.49,1984.87,122.38,2.349,ok,"TVD converted from deviation survey; porosity from density-porosity equation (rho_ma=2.65, rho_fl=1.0)"
BLT-01,141956.35,457103.84,1928.47,1866.76,5.99,42.93,2.5511,1924.0,2052.7,1862.49,1984.87,122.38,2.349,ok,"TVD converted from deviation survey; porosity from density-porosity equation (rho_ma=2.65, rho_fl=1.0)"
BLT-01,141956.36,457103.85,1928.55,1866.84,5.94,41.5,2.552,1924.0,2052.7,1862.49,1984.87,122.38,2.349,ok,"TVD converted from deviation survey; porosity from density-porosity equation (rho_ma=2.65, rho_fl=1.0)"
BLT-01,141956.38,457103.87,1928.62,1866.91,5.92,41.08,2.5524,1924.0,2052.7,1862.49,1984.87,122.38,2.349,ok,"TVD converted from deviation survey; porosity from density-porosity equation (rho_ma=2.65, rho_fl=1.0)"
BLT-01,141956.4,457103.88,1928.7,1866.98,5.88,41.15,2.553,1924.0,2052.7,1862.49,1984.87,122.38,2.349,ok,"TVD converted from deviation survey; porosity from density-porosity equation (rho_ma=2.65, rho_fl=1.0)"
BLT-01,141956.41,457103.9,1928.77,1867.06,5.82,41.46,2.554,1924.0,2052.7,1862.49,1984.87,122.38,2.349,ok,"TVD converted from deviation survey; porosity from density-porosity equation (rho_ma=2.65, rho_fl=1.0)"
BLT-01,141956.43,457103.91,1928.85,1867.13,5.77,41.7,2.5548,1924.0,2052.7,1862.49,1984.87,122.38,2.349,ok,"TVD converted from deviation survey; porosity from density-porosity equation (rho_ma=2.65, rho_fl=1.0)"
BLT-01,141956.45,457103.92,1928.93,1867.2,5.85,41.45,2.5535,1924.0,2052.7,1862.49,1984.87,122.38,2.349,ok,"TVD converted from deviation survey; porosity from density-porosity equation (rho_ma=2.65, rho_fl=1.0)"
BLT-01,141956.47,457103.94,1929.0,1867.27,6.0,41.05,2.5509,1924.0,2052.7,1862.49,1984.87,122.38,2.349,ok,"TVD converted from deviation survey; porosity from density-porosity equation (rho_ma=2.65, rho_fl=1.0)"
BLT-01,141956.48,457103.95,1929.08,1867.35,6.24,40.66,2.5471,1924.0,2052.7,1862.49,1984.87,122.38,2.349,ok,"TVD converted from deviation survey; porosity from density-porosity equation (rho_ma=2.65, rho_fl=1.0)"
BLT-01,141956.5,457103.97,1929.16,1867.42,6.55,40.46,2.542,1924.0,2052.7,1862.49,1984.87,122.38,2.349,ok,"TVD converted from deviation survey; porosity from density-porosity equation (rho_ma=2.65, rho_fl=1.0)"
BLT-01,141956.52,457103.98,1929.23,1867.49,6.75,40.54,2.5386,1924.0,2052.7,1862.49,1984.87,122.38,2.349,ok,"TVD converted from deviation survey; porosity from density-porosity equation (rho_ma=2.65, rho_fl=1.0)"
BLT-01,141956.54,457104.0,1929.31,1867.56,6.96,40.76,2.5352,1924.0,2052.7,1862.49,1984.87,122.38,2.349,ok,"TVD converted from deviation survey; porosity from density-porosity equation (rho_ma=2.65, rho_fl=1.0)"
BLT-01,141956.55,457104.01,1929.38,1867.64,7.18,41.15,2.5315,1924.0,2052.7,1862.49,1984.87,122.38,2.349,ok,"TVD converted from deviation survey; porosity from density-porosity equation (rho_ma=2.65, rho_fl=1.0)"
BLT-01,141956.57,457104.03,1929.46,1867.71,7.43,41.79,2.5273,1924.0,2052.7,1862.49,1984.87,122.38,2.349,ok,"TVD converted from deviation survey; porosity from density-porosity equation (rho_ma=2.65, rho_fl=1.0)"
BLT-01,141956.59,457104.04,1929.54,1867.78,7.68,43.21,2.5233,1924.0,2052.7,1862.49,1984.87,122.38,2.349,ok,"TVD converted from deviation survey; porosity from density-porosity equation (rho_ma=2.65, rho_fl=1.0)"
BLT-01,141956.61,457104.06,1929.61,1867.85,7.84,44.44,2.5206,1924.0,2052.7,1862.49,1984.87,122.38,2.349,ok,"TVD converted from deviation survey; porosity from density-porosity equation (rho_ma=2.65, rho_fl=1.0)"
BLT-01,141956.62,457104.07,1929.69,1867.93,7.91,45.31,2.5195,1924.0,2052.7,1862.49,1984.87,122.38,2.349,ok,"TVD converted from deviation survey; porosity from density-porosity equation (rho_ma=2.65, rho_fl=1.0)"
BLT-01,141956.64,457104.09,1929.76,1868.0,7.89,45.79,2.5198,1924.0,2052.7,1862.49,1984.87,122.38,2.349,ok,"TVD converted from deviation survey; porosity from density-porosity equation (rho_ma=2.65, rho_fl=1.0)"
BLT-01,141956.66,457104.1,1929.84,1868.07,7.76,46.02,2.522,1924.0,2052.7,1862.49,1984.87,122.38,2.349,ok,"TVD converted from deviation survey; porosity from density-porosity equation (rho_ma=2.65, rho_fl=1.0)"
BLT-01,141956.68,457104.12,1929.92,1868.15,7.59,45.9,2.5248,1924.0,2052.7,1862.49,1984.87,122.38,2.349,ok,"TVD converted from deviation survey; porosity from density-porosity equation (rho_ma=2.65, rho_fl=1.0)"
BLT-01,141956.69,457104.13,1929.99,1868.22,7.39,45.42,2.528,1924.0,2052.7,1862.49,1984.87,122.38,2.349,ok,"TVD converted from deviation survey; porosity from density-porosity equation (rho_ma=2.65, rho_fl=1.0)"
BLT-01,141956.71,457104.15,1930.07,1868.29,7.2,44.73,2.5311,1924.0,2052.7,1862.49,1984.87,122.38,2.349,ok,"TVD converted from deviation survey; porosity from density-porosity equation (rho_ma=2.65, rho_fl=1.0)"
BLT-01,141956.73,457104.16,1930.15,1868.36,7.16,44.37,2.5318,1924.0,2052.7,1862.49,1984.87,122.38,2.349,ok,"TVD converted from deviation survey; porosity from density-porosity equation (rho_ma=2.65, rho_fl=1.0)"
BLT-01,141956.75,457104.18,1930.22,1868.44,7.39,45.1,2.5281,1924.0,2052.7,1862.49,1984.87,122.38,2.349,ok,"TVD converted from deviation survey; porosity from density-porosity equation (rho_ma=2.65, rho_fl=1.0)"
BLT-01,141956.76,457104.19,1930.3,1868.51,7.61,46.1,2.5245,1924.0,2052.7,1862.49,1984.87,122.38,2.349,ok,"TVD converted from deviation survey; porosity from density-porosity equation (rho_ma=2.65, rho_fl=1.0)"
BLT-01,141956.78,457104.21,1930.37,1868.58,7.75,47.03,2.5221,1924.0,2052.7,1862.49,1984.87,122.38,2.35,ok,"TVD converted from deviation survey; porosity from density-porosity equation (rho_ma=2.65, rho_fl=1.0)"
BLT-01,141956.8,457104.22,1930.45,1868.65,7.74,47.52,2.5223,1924.0,2052.7,1862.49,1984.87,122.38,2.35,ok,"TVD converted from deviation survey; porosity from density-porosity equation (rho_ma=2.65, rho_fl=1.0)"
BLT-01,141956.82,457104.24,1930.53,1868.73,7.78,47.56,2.5216,1924.0,2052.7,1862.49,1984.87,122.38,2.35,ok,"TVD converted from deviation survey; porosity from density-porosity equation (rho_ma=2.65, rho_fl=1.0)"
BLT-01,141956.83,457104.25,1930.6,1868.8,7.95,47.39,2.5188,1924.0,2052.7,1862.49,1984.87,122.38,2.35,ok,"TVD converted from deviation survey; porosity from density-porosity equation (rho_ma=2.65, rho_fl=1.0)"
BLT-01,141956.85,457104.27,1930.68,1868.87,8.31,46.99,2.5129,1924.0,2052.7,1862.49,1984.87,122.38,2.35,ok,"TVD converted from deviation survey; porosity from density-porosity equation (rho_ma=2.65, rho_fl=1.0)"
BLT-01,141956.87,457104.28,1930.76,1868.94,8.91,46.31,2.503,1924.0,2052.7,1862.49,1984.87,122.38,2.35,ok,"TVD converted from deviation survey; porosity from density-porosity equation (rho_ma=2.65, rho_fl=1.0)"
BLT-01,141956.88,457104.3,1930.83,1869.02,9.35,45.65,2.4958,1924.0,2052.7,1862.49,1984.87,122.38,2.35,ok,"TVD converted from deviation survey; porosity from density-porosity equation (rho_ma=2.65, rho_fl=1.0)"
BLT-01,141956.9,457104.31,1930.91,1869.09,9.48,45.51,2.4936,1924.0,2052.7,1862.49,1984.87,122.38,2.35,ok,"TVD converted from deviation survey; porosity from density-porosity equation (rho_ma=2.65, rho_fl=1.0)"
BLT-01,141956.92,457104.33,1930.98,1869.16,9.44,45.77,2.4942,1924.0,2052.7,1862.49,1984.87,122.38,2.35,ok,"TVD converted from deviation survey; porosity from density-porosity equation (rho_ma=2.65, rho_fl=1.0)"
BLT-01,141956.94,457104.34,1931.06,1869.23,9.36,46.27,2.4956,1924.0,2052.7,1862.49,1984.87,122.38,2.35,ok,"TVD converted from deviation survey; porosity from density-porosity equation (rho_ma=2.65, rho_fl=1.0)"
BLT-01,141956.95,457104.36,1931.14,1869.31,9.32,46.66,2.4963,1924.0,2052.7,1862.49,1984.87,122.38,2.35,ok,"TVD converted from deviation survey; porosity from density-porosity equation (rho_ma=2.65, rho_fl=1.0)"
BLT-01,141956.97,457104.37,1931.21,1869.38,9.25,46.91,2.4973,1924.0,2052.7,1862.49,1984.87,122.38,2.35,ok,"TVD converted from deviation survey; porosity from density-porosity equation (rho_ma=2.65, rho_fl=1.0)"
BLT-01,141956.99,457104.39,1931.29,1869.45,9.14,47.08,2.4991,1924.0,2052.7,1862.49,1984.87,122.38,2.35,ok,"TVD converted from deviation survey; porosity from density-porosity equation (rho_ma=2.65, rho_fl=1.0)"
BLT-01,141957.01,457104.4,1931.37,1869.53,8.97,47.2,2.5019,1924.0,2052.7,1862.49,1984.87,122.38,2.35,ok,"TVD converted from deviation survey; porosity from density-porosity equation (rho_ma=2.65, rho_fl=1.0)"
BLT-01,141957.02,457104.42,1931.44,1869.6,8.7,47.45,2.5064,1924.0,2052.7,1862.49,1984.87,122.38,2.35,ok,"TVD converted from deviation survey; porosity from density-porosity equation (rho_ma=2.65, rho_fl=1.0)"
BLT-01,141957.04,457104.43,1931.52,1869.67,8.5,47.72,2.5098,1924.0,2052.7,1862.49,1984.87,122.38,2.35,ok,"TVD converted from deviation survey; porosity from density-porosity equation (rho_ma=2.65, rho_fl=1.0)"
BLT-01,141957.06,457104.45,1931.59,1869.74,8.42,47.85,2.511,1924.0,2052.7,1862.49,1984.87,122.38,2.35,ok,"TVD converted from deviation survey; porosity from density-porosity equation (rho_ma=2.65, rho_fl=1.0)"
BLT-01,141957.08,457104.46,1931.67,1869.82,8.51,47.77,2.5096,1924.0,2052.7,1862.49,1984.87,122.38,2.35,ok,"TVD converted from deviation survey; porosity from density-porosity equation (rho_ma=2.65, rho_fl=1.0)"
BLT-01,141957.09,457104.48,1931.75,1869.89,8.75,47.39,2.5056,1924.0,2052.7,1862.49,1984.87,122.38,2.35,ok,"TVD converted from deviation survey; porosity from density-porosity equation (rho_ma=2.65, rho_fl=1.0)"
BLT-01,141957.11,457104.49,1931.82,1869.96,9.04,46.93,2.5008,1924.0,2052.7,1862.49,1984.87,122.38,2.35,ok,"TVD converted from deviation survey; porosity from density-porosity equation (rho_ma=2.65, rho_fl=1.0)"
BLT-01,141957.13,457104.51,1931.9,1870.03,9.45,46.45,2.494,1924.0,2052.7,1862.49,1984.87,122.38,2.35,ok,"TVD converted from deviation survey; porosity from density-porosity equation (rho_ma=2.65, rho_fl=1.0)"
BLT-01,141957.15,457104.52,1931.97,1870.11,9.92,46.11,2.4863,1924.0,2052.7,1862.49,1984.87,122.38,2.35,ok,"TVD converted from deviation survey; porosity from density-porosity equation (rho_ma=2.65, rho_fl=1.0)"
BLT-01,141957.16,457104.54,1932.05,1870.18,10.3,46.18,2.4801,1924.0,2052.7,1862.49,1984.87,122.38,2.35,ok,"TVD converted from deviation survey; porosity from density-porosity equation (rho_ma=2.65, rho_fl=1.0)"
BLT-01,141957.18,457104.55,1932.13,1870.25,10.54,47.39,2.4761,1924.0,2052.7,1862.49,1984.87,122.38,2.35,ok,"TVD converted from deviation survey; porosity from density-porosity equation (rho_ma=2.65, rho_fl=1.0)"
BLT-01,141957.2,457104.57,1932.2,1870.32,10.79,48.86,2.472,1924.0,2052.7,1862.49,1984.87,122.38,2.35,ok,"TVD converted from deviation survey; porosity from density-porosity equation (rho_ma=2.65, rho_fl=1.0)"
BLT-01,141957.22,457104.58,1932.28,1870.4,11.1,50.18,2.4668,1924.0,2052.7,1862.49,1984.87,122.38,2.35,ok,"TVD converted from deviation survey; porosity from density-porosity equation (rho_ma=2.65, rho_fl=1.0)"
BLT-01,141957.23,457104.6,1932.36,1870.47,11.55,50.91,2.4594,1924.0,2052.7,1862.49,1984.87,122.38,2.35,ok,"TVD converted from deviation survey; porosity from density-porosity equation (rho_ma=2.65, rho_fl=1.0)"
BLT-01,141957.25,457104.61,1932.43,1870.54,12.06,50.8,2.451,1924.0,2052.7,1862.49,1984.87,122.38,2.35,ok,"TVD converted from deviation survey; porosity from density-porosity equation (rho_ma=2.65, rho_fl=1.0)"
BLT-01,141957.27,457104.63,1932.51,1870.62,12.42,50.43,2.445,1924.0,2052.7,1862.49,1984.87,122.38,2.35,ok,"TVD converted from deviation survey; porosity from density-porosity equation (rho_ma=2.65, rho_fl=1.0)"
BLT-01,141957.29,457104.64,1932.58,1870.69,12.67,50.12,2.441,1924.0,2052.7,1862.49,1984.87,122.38,2.35,ok,"TVD converted from deviation survey; porosity from density-porosity equation (rho_ma=2.65, rho_fl=1.0)"
BLT-01,141957.3,457104.66,1932.66,1870.76,12.81,50.17,2.4386,1924.0,2052.7,1862.49,1984.87,122.38,2.35,ok,"TVD converted from deviation survey; porosity from density-porosity equation (rho_ma=2.65, rho_fl=1.0)"
BLT-01,141957.32,457104.67,1932.74,1870.83,12.68,50.85,2.4407,1924.0,2052.7,1862.49,1984.87,122.38,2.35,ok,"TVD converted from deviation survey; porosity from density-porosity equation (rho_ma=2.65, rho_fl=1.0)"
BLT-01,141957.34,457104.69,1932.81,1870.91,12.1,51.83,2.4504,1924.0,2052.7,1862.49,1984.87,122.38,2.35,ok,"TVD converted from deviation survey; porosity from density-porosity equation (rho_ma=2.65, rho_fl=1.0)"
BLT-01,141957.36,457104.7,1932.89,1870.98,11.35,52.69,2.4628,1924.0,2052.7,1862.49,1984.87,122.38,2.35,ok,"TVD converted from deviation survey; porosity from density-porosity equation (rho_ma=2.65, rho_fl=1.0)"
BLT-01,141957.37,457104.72,1932.97,1871.05,10.6,53.25,2.4752,1924.0,2052.7,1862.49,1984.87,122.38,2.35,ok,"TVD converted from deviation survey; porosity from density-porosity equation (rho_ma=2.65, rho_fl=1.0)"
BLT-01,141957.39,457104.73,1933.04,1871.12,9.94,53.69,2.4859,1924.0,2052.7,1862.49,1984.87,122.38,2.35,ok,"TVD converted from deviation survey; porosity from density-porosity equation (rho_ma=2.65, rho_fl=1.0)"
BLT-01,141957.41,457104.75,1933.12,1871.2,9.5,53.94,2.4932,1924.0,2052.7,1862.49,1984.87,122.38,2.35,ok,"TVD converted from deviation survey; porosity from density-porosity equation (rho_ma=2.65, rho_fl=1.0)"
BLT-01,141957.43,457104.76,1933.19,1871.27,9.25,54.09,2.4974,1924.0,2052.7,1862.49,1984.87,122.38,2.35,ok,"TVD converted from deviation survey; porosity from density-porosity equation (rho_ma=2.65, rho_fl=1.0)"
BLT-01,141957.44,457104.78,1933.27,1871.34,9.2,54.23,2.4982,1924.0,2052.7,1862.49,1984.87,122.38,2.35,ok,"TVD converted from deviation survey; porosity from density-porosity equation (rho_ma=2.65, rho_fl=1.0)"
BLT-01,141957.46,457104.79,1933.35,1871.41,9.44,54.58,2.4943,1924.0,2052.7,1862.49,1984.87,122.38,2.35,ok,"TVD converted from deviation survey; porosity from density-porosity equation (rho_ma=2.65, rho_fl=1.0)"
BLT-01,141957.48,457104.81,1933.42,1871.49,9.97,55.19,2.4855,1924.0,2052.7,1862.49,1984.87,122.38,2.35,ok,"TVD converted from deviation survey; porosity from density-porosity equation (rho_ma=2.65, rho_fl=1.0)"
BLT-01,141957.5,457104.82,1933.5,1871.56,11.06,55.17,2.4674,1924.0,2052.7,1862.49,1984.87,122.38,2.35,ok,"TVD converted from deviation survey; porosity from density-porosity equation (rho_ma=2.65, rho_fl=1.0)"
BLT-01,141957.51,457104.84,1933.57,1871.63,12.59,54.3,2.4423,1924.0,2052.7,1862.49,1984.87,122.38,2.35,ok,"TVD converted from deviation survey; porosity from density-porosity equation (rho_ma=2.65, rho_fl=1.0)"
BLT-01,141957.53,457104.85,1933.65,1871.7,14.19,52.49,2.4159,1924.0,2052.7,1862.49,1984.87,122.38,2.35,ok,"TVD converted from deviation survey; porosity from density-porosity equation (rho_ma=2.65, rho_fl=1.0)"
BLT-01,141957.55,457104.87,1933.73,1871.78,15.31,50.7,2.3973,1924.0,2052.7,1862.49,1984.87,122.38,2.35,ok,"TVD converted from deviation survey; porosity from density-porosity equation (rho_ma=2.65, rho_fl=1.0)"
BLT-01,141957.57,457104.88,1933.8,1871.85,16.39,49.34,2.3796,1924.0,2052.7,1862.49,1984.87,122.38,2.35,ok,"TVD converted from deviation survey; porosity from density-porosity equation (rho_ma=2.65, rho_fl=1.0)"
BLT-01,141957.58,457104.9,1933.88,1871.92,17.33,48.57,2.3641,1924.0,2052.7,1862.49,1984.87,122.38,2.35,ok,"TVD converted from deviation survey; porosity from density-porosity equation (rho_ma=2.65, rho_fl=1.0)"
BLT-01,141957.6,457104.91,1933.96,1872.0,17.99,48.53,2.3531,1924.0,2052.7,1862.49,1984.87,122.38,2.35,ok,"TVD converted from deviation survey; porosity from density-porosity equation (rho_ma=2.65, rho_fl=1.0)"
BLT-01,141957.62,457104.93,1934.03,1872.07,18.31,49.02,2.3478,1924.0,2052.7,1862.49,1984.87,122.38,2.35,ok,"TVD converted from deviation survey; porosity from density-porosity equation (rho_ma=2.65, rho_fl=1.0)"
BLT-01,141957.63,457104.94,1934.11,1872.14,18.68,49.74,2.3417,1924.0,2052.7,1862.49,1984.87,122.38,2.35,ok,"TVD converted from deviation survey; porosity from density-porosity equation (rho_ma=2.65, rho_fl=1.0)"
BLT-01,141957.65,457104.96,1934.18,1872.21,19.01,50.46,2.3364,1924.0,2052.7,1862.49,1984.87,122.38,2.351,ok,"TVD converted from deviation survey; porosity from density-porosity equation (rho_ma=2.65, rho_fl=1.0)"
BLT-01,141957.67,457104.97,1934.26,1872.29,19.21,50.98,2.3331,1924.0,2052.7,1862.49,1984.87,122.38,2.351,ok,"TVD converted from deviation survey; porosity from density-porosity equation (rho_ma=2.65, rho_fl=1.0)"
BLT-01,141957.69,457104.99,1934.34,1872.36,19.13,51.14,2.3343,1924.0,2052.7,1862.49,1984.87,122.38,2.351,ok,"TVD converted from deviation survey; porosity from density-porosity equation (rho_ma=2.65, rho_fl=1.0)"
BLT-01,141957.7,457105.0,1934.41,1872.43,18.93,50.77,2.3377,1924.0,2052.7,1862.49,1984.87,122.38,2.351,ok,"TVD converted from deviation survey; porosity from density-porosity equation (rho_ma=2.65, rho_fl=1.0)"
BLT-01,141957.72,457105.02,1934.49,1872.5,18.7,50.19,2.3415,1924.0,2052.7,1862.49,1984.87,122.38,2.351,ok,"TVD converted from deviation survey; porosity from density-porosity equation (rho_ma=2.65, rho_fl=1.0)"
BLT-01,141957.74,457105.03,1934.57,1872.58,18.51,49.63,2.3446,1924.0,2052.7,1862.49,1984.87,122.38,2.351,ok,"TVD converted from deviation survey; porosity from density-porosity equation (rho_ma=2.65, rho_fl=1.0)"
BLT-01,141957.76,457105.05,1934.64,1872.65,18.44,49.59,2.3457,1924.0,2052.7,1862.49,1984.87,122.38,2.351,ok,"TVD converted from deviation survey; porosity from density-porosity equation (rho_ma=2.65, rho_fl=1.0)"
BLT-01,141957.77,457105.06,1934.72,1872.72,18.3,50.44,2.348,1924.0,2052.7,1862.49,1984.87,122.38,2.351,ok,"TVD converted from deviation survey; porosity from density-porosity equation (rho_ma=2.65, rho_fl=1.0)"
BLT-01,141957.79,457105.08,1934.79,1872.79,18.12,51.43,2.3511,1924.0,2052.7,1862.49,1984.87,122.38,2.351,ok,"TVD converted from deviation survey; porosity from density-porosity equation (rho_ma=2.65, rho_fl=1.0)"
BLT-01,141957.81,457105.09,1934.87,1872.87,17.89,52.18,2.3549,1924.0,2052.7,1862.49,1984.87,122.38,2.351,ok,"TVD converted from deviation survey; porosity from density-porosity equation (rho_ma=2.65, rho_fl=1.0)"
BLT-01,141957.83,457105.11,1934.95,1872.94,17.64,52.14,2.3589,1924.0,2052.7,1862.49,1984.87,122.38,2.351,ok,"TVD converted from deviation survey; porosity from density-porosity equation (rho_ma=2.65, rho_fl=1.0)"
BLT-01,141957.84,457105.12,1935.02,1873.01,17.38,51.73,2.3633,1924.0,2052.7,1862.49,1984.87,122.38,2.351,ok,"TVD converted from deviation survey; porosity from density-porosity equation (rho_ma=2.65, rho_fl=1.0)"
BLT-01,141957.86,457105.14,1935.1,1873.09,17.22,51.27,2.3659,1924.0,2052.7,1862.49,1984.87,122.38,2.351,ok,"TVD converted from deviation survey; porosity from density-porosity equation (rho_ma=2.65, rho_fl=1.0)"
BLT-01,141957.88,457105.15,1935.18,1873.16,17.18,50.82,2.3665,1924.0,2052.7,1862.49,1984.87,122.38,2.351,ok,"TVD converted from deviation survey; porosity from density-porosity equation (rho_ma=2.65, rho_fl=1.0)"
BLT-01,141957.9,457105.17,1935.25,1873.23,17.28,50.43,2.3649,1924.0,2052.7,1862.49,1984.87,122.38,2.351,ok,"TVD converted from deviation survey; porosity from density-porosity equation (rho_ma=2.65, rho_fl=1.0)"
BLT-01,141957.91,457105.18,1935.33,1873.3,17.48,49.69,2.3616,1924.0,2052.7,1862.49,1984.87,122.38,2.351,ok,"TVD converted from deviation survey; porosity from density-porosity equation (rho_ma=2.65, rho_fl=1.0)"
BLT-01,141957.93,457105.2,1935.4,1873.38,17.66,49.07,2.3586,1924.0,2052.7,1862.49,1984.87,122.38,2.351,ok,"TVD converted from deviation survey; porosity from density-porosity equation (rho_ma=2.65, rho_fl=1.0)"
BLT-01,141957.95,457105.21,1935.48,1873.45,17.79,48.69,2.3564,1924.0,2052.7,1862.49,1984.87,122.38,2.351,ok,"TVD converted from deviation survey; porosity from density-porosity equation (rho_ma=2.65, rho_fl=1.0)"
BLT-01,141957.97,457105.23,1935.56,1873.52,17.85,48.65,2.3555,1924.0,2052.7,1862.49,1984.87,122.38,2.351,ok,"TVD converted from deviation survey; porosity from density-porosity equation (rho_ma=2.65, rho_fl=1.0)"
BLT-01,141957.98,457105.24,1935.63,1873.59,17.85,48.74,2.3555,1924.0,2052.7,1862.49,1984.87,122.38,2.351,ok,"TVD converted from deviation survey; porosity from density-porosity equation (rho_ma=2.65, rho_fl=1.0)"
BLT-01,141958.0,457105.26,1935.71,1873.67,17.83,48.93,2.3558,1924.0,2052.7,1862.49,1984.87,122.38,2.351,ok,"TVD converted from deviation survey; porosity from density-porosity equation (rho_ma=2.65, rho_fl=1.0)"
BLT-01,141958.02,457105.27,1935.78,1873.74,17.8,49.19,2.3563,1924.0,2052.7,1862.49,1984.87,122.38,2.351,ok,"TVD converted from deviation survey; porosity from density-porosity equation (rho_ma=2.65, rho_fl=1.0)"
BLT-01,141958.04,457105.29,1935.86,1873.81,17.78,49.48,2.3566,1924.0,2052.7,1862.49,1984.87,122.38,2.351,ok,"TVD converted from deviation survey; porosity from density-porosity equation (rho_ma=2.65, rho_fl=1.0)"
BLT-01,141958.05,457105.3,1935.94,1873.88,17.9,50.2,2.3547,1924.0,2052.7,1862.49,1984.87,122.38,2.351,ok,"TVD converted from deviation survey; porosity from density-porosity equation (rho_ma=2.65, rho_fl=1.0)"
BLT-01,141958.07,457105.31,1936.01,1873.96,18.03,50.86,2.3526,1924.0,2052.7,1862.49,1984.87,122.38,2.351,ok,"TVD converted from deviation survey; porosity from density-porosity equation (rho_ma=2.65, rho_fl=1.0)"
BLT-01,141958.09,457105.33,1936.09,1874.03,18.11,51.46,2.3511,1924.0,2052.7,1862.49,1984.87,122.38,2.351,ok,"TVD converted from deviation survey; porosity from density-porosity equation (rho_ma=2.65, rho_fl=1.0)"
BLT-01,141958.11,457105.34,1936.17,1874.1,18.11,51.98,2.3512,1924.0,2052.7,1862.49,1984.87,122.38,2.351,ok,"TVD converted from deviation survey; porosity from density-porosity equation (rho_ma=2.65, rho_fl=1.0)"
BLT-01,141958.12,457105.36,1936.24,1874.17,17.87,52.43,2.3552,1924.0,2052.7,1862.49,1984.87,122.38,2.351,ok,"TVD converted from deviation survey; porosity from density-porosity equation (rho_ma=2.65, rho_fl=1.0)"
BLT-01,141958.14,457105.37,1936.32,1874.25,17.61,52.42,2.3595,1924.0,2052.7,1862.49,1984.87,122.38,2.351,ok,"TVD converted from deviation survey; porosity from density-porosity equation (rho_ma=2.65, rho_fl=1.0)"
BLT-01,141958.16,457105.39,1936.39,1874.32,17.43,52.12,2.3624,1924.0,2052.7,1862.49,1984.87,122.38,2.351,ok,"TVD converted from deviation survey; porosity from density-porosity equation (rho_ma=2.65, rho_fl=1.0)"
BLT-01,141958.18,457105.4,1936.47,1874.39,17.37,51.59,2.3634,1924.0,2052.7,1862.49,1984.87,122.38,2.351,ok,"TVD converted from deviation survey; porosity from density-porosity equation (rho_ma=2.65, rho_fl=1.0)"
BLT-01,141958.19,457105.42,1936.55,1874.47,17.45,50.84,2.362,1924.0,2052.7,1862.49,1984.87,122.38,2.351,ok,"TVD converted from deviation survey; porosity from density-porosity equation (rho_ma=2.65, rho_fl=1.0)"
BLT-01,141958.21,457105.43,1936.62,1874.54,17.58,50.13,2.36,1924.0,2052.7,1862.49,1984.87,122.38,2.351,ok,"TVD converted from deviation survey; porosity from density-porosity equation (rho_ma=2.65, rho_fl=1.0)"
BLT-01,141958.23,457105.45,1936.7,1874.61,17.68,49.64,2.3582,1924.0,2052.7,1862.49,1984.87,122.38,2.351,ok,"TVD converted from deviation survey; porosity from density-porosity equation (rho_ma=2.65, rho_fl=1.0)"
BLT-01,141958.25,457105.46,1936.78,1874.68,17.75,49.38,2.3571,1924.0,2052.7,1862.49,1984.87,122.38,2.351,ok,"TVD converted from deviation survey; porosity from density-porosity equation (rho_ma=2.65, rho_fl=1.0)"
BLT-01,141958.26,457105.48,1936.85,1874.76,17.76,49.33,2.357,1924.0,2052.7,1862.49,1984.87,122.38,2.351,ok,"TVD converted from deviation survey; porosity from density-porosity equation (rho_ma=2.65, rho_fl=1.0)"
BLT-01,141958.28,457105.49,1936.93,1874.83,17.69,49.61,2.3581,1924.0,2052.7,1862.49,1984.87,122.38,2.351,ok,"TVD converted from deviation survey; porosity from density-porosity equation (rho_ma=2.65, rho_fl=1.0)"
BLT-01,141958.3,457105.51,1937.0,1874.9,17.6,49.92,2.3596,1924.0,2052.7,1862.49,1984.87,122.38,2.351,ok,"TVD converted from deviation survey; porosity from density-porosity equation (rho_ma=2.65, rho_fl=1.0)"
BLT-01,141958.31,457105.52,1937.08,1874.97,17.51,50.04,2.3612,1924.0,2052.7,1862.49,1984.87,122.38,2.351,ok,"TVD converted from deviation survey; porosity from density-porosity equation (rho_ma=2.65, rho_fl=1.0)"
BLT-01,141958.33,457105.54,1937.16,1875.05,17.46,49.74,2.362,1924.0,2052.7,1862.49,1984.87,122.38,2.351,ok,"TVD converted from deviation survey; porosity from density-porosity equation (rho_ma=2.65, rho_fl=1.0)"
BLT-01,141958.35,457105.55,1937.23,1875.12,17.48,49.05,2.3616,1924.0,2052.7,1862.49,1984.87,122.38,2.351,ok,"TVD converted from deviation survey; porosity from density-porosity equation (rho_ma=2.65, rho_fl=1.0)"
BLT-01,141958.37,457105.57,1937.31,1875.19,17.54,48.48,2.3606,1924.0,2052.7,1862.49,1984.87,122.38,2.351,ok,"TVD converted from deviation survey; porosity from density-porosity equation (rho_ma=2.65, rho_fl=1.0)"
BLT-01,141958.38,457105.58,1937.38,1875.26,17.71,48.37,2.3577,1924.0,2052.7,1862.49,1984.87,122.38,2.351,ok,"TVD converted from deviation survey; porosity from density-porosity equation (rho_ma=2.65, rho_fl=1.0)"
BLT-01,141958.4,457105.6,1937.46,1875.34,18.05,48.92,2.3521,1924.0,2052.7,1862.49,1984.87,122.38,2.351,ok,"TVD converted from deviation survey; porosity from density-porosity equation (rho_ma=2.65, rho_fl=1.0)"
BLT-01,141958.42,457105.61,1937.54,1875.41,18.51,49.87,2.3447,1924.0,2052.7,1862.49,1984.87,122.38,2.351,ok,"TVD converted from deviation survey; porosity from density-porosity equation (rho_ma=2.65, rho_fl=1.0)"
BLT-01,141958.44,457105.63,1937.61,1875.48,18.92,50.37,2.3379,1924.0,2052.7,1862.49,1984.87,122.38,2.351,ok,"TVD converted from deviation survey; porosity from density-porosity equation (rho_ma=2.65, rho_fl=1.0)"
BLT-01,141958.45,457105.64,1937.69,1875.56,19.26,50.43,2.3322,1924.0,2052.7,1862.49,1984.87,122.38,2.351,ok,"TVD converted from deviation survey; porosity from density-porosity equation (rho_ma=2.65, rho_fl=1.0)"
BLT-01,141958.47,457105.66,1937.77,1875.63,19.5,50.12,2.3282,1924.0,2052.7,1862.49,1984.87,122.38,2.351,ok,"TVD converted from deviation survey; porosity from density-porosity equation (rho_ma=2.65, rho_fl=1.0)"
BLT-01,141958.49,457105.67,1937.84,1875.7,19.56,50.0,2.3273,1924.0,2052.7,1862.49,1984.87,122.38,2.351,ok,"TVD converted from deviation survey; porosity from density-porosity equation (rho_ma=2.65, rho_fl=1.0)"
BLT-01,141958.51,457105.69,1937.92,1875.77,19.5,50.29,2.3282,1924.0,2052.7,1862.49,1984.87,122.38,2.351,ok,"TVD converted from deviation survey; porosity from density-porosity equation (rho_ma=2.65, rho_fl=1.0)"
BLT-01,141958.52,457105.7,1937.99,1875.85,19.35,50.65,2.3307,1924.0,2052.7,1862.49,1984.87,122.38,2.351,ok,"TVD converted from deviation survey; porosity from density-porosity equation (rho_ma=2.65, rho_fl=1.0)"
BLT-01,141958.54,457105.72,1938.07,1875.92,19.08,50.91,2.3352,1924.0,2052.7,1862.49,1984.87,122.38,2.352,ok,"TVD converted from deviation survey; porosity from density-porosity equation (rho_ma=2.65, rho_fl=1.0)"
BLT-01,141958.56,457105.73,1938.15,1875.99,18.6,50.77,2.3431,1924.0,2052.7,1862.49,1984.87,122.38,2.352,ok,"TVD converted from deviation survey; porosity from density-porosity equation (rho_ma=2.65, rho_fl=1.0)"
BLT-01,141958.58,457105.75,1938.22,1876.06,17.89,50.65,2.3549,1924.0,2052.7,1862.49,1984.87,122.38,2.352,ok,"TVD converted from deviation survey; porosity from density-porosity equation (rho_ma=2.65, rho_fl=1.0)"
BLT-01,141958.59,457105.76,1938.3,1876.14,16.82,50.78,2.3725,1924.0,2052.7,1862.49,1984.87,122.38,2.352,ok,"TVD converted from deviation survey; porosity from density-porosity equation (rho_ma=2.65, rho_fl=1.0)"
BLT-01,141958.61,457105.78,1938.38,1876.21,15.63,51.08,2.3921,1924.0,2052.7,1862.49,1984.87,122.38,2.352,ok,"TVD converted from deviation survey; porosity from density-porosity equation (rho_ma=2.65, rho_fl=1.0)"
BLT-01,141958.63,457105.79,1938.45,1876.28,14.85,51.39,2.405,1924.0,2052.7,1862.49,1984.87,122.38,2.352,ok,"TVD converted from deviation survey; porosity from density-porosity equation (rho_ma=2.65, rho_fl=1.0)"
BLT-01,141958.65,457105.81,1938.53,1876.35,15.0,51.45,2.4025,1924.0,2052.7,1862.49,1984.87,122.38,2.352,ok,"TVD converted from deviation survey; porosity from density-porosity equation (rho_ma=2.65, rho_fl=1.0)"
BLT-01,141958.66,457105.82,1938.6,1876.43,15.69,51.56,2.3911,1924.0,2052.7,1862.49,1984.87,122.38,2.352,ok,"TVD converted from deviation survey; porosity from density-porosity equation (rho_ma=2.65, rho_fl=1.0)"
BLT-01,141958.68,457105.84,1938.68,1876.5,16.57,51.78,2.3765,1924.0,2052.7,1862.49,1984.87,122.38,2.352,ok,"TVD converted from deviation survey; porosity from density-porosity equation (rho_ma=2.65, rho_fl=1.0)"
BLT-01,141958.7,457105.85,1938.76,1876.57,17.25,52.19,2.3653,1924.0,2052.7,1862.49,1984.87,122.38,2.352,ok,"TVD converted from deviation survey; porosity from density-porosity equation (rho_ma=2.65, rho_fl=1.0)"
BLT-01,141958.72,457105.87,1938.83,1876.64,17.18,52.65,2.3666,1924.0,2052.7,1862.49,1984.87,122.38,2.352,ok,"TVD converted from deviation survey; porosity from density-porosity equation (rho_ma=2.65, rho_fl=1.0)"
BLT-01,141958.73,457105.88,1938.91,1876.72,16.76,53.42,2.3735,1924.0,2052.7,1862.49,1984.87,122.38,2.352,ok,"TVD converted from deviation survey; porosity from density-porosity equation (rho_ma=2.65, rho_fl=1.0)"
BLT-01,141958.75,457105.9,1938.99,1876.79,16.19,54.21,2.3829,1924.0,2052.7,1862.49,1984.87,122.38,2.352,ok,"TVD converted from deviation survey; porosity from density-porosity equation (rho_ma=2.65, rho_fl=1.0)"
BLT-01,141958.77,457105.91,1939.06,1876.86,15.64,54.74,2.392,1924.0,2052.7,1862.49,1984.87,122.38,2.352,ok,"TVD converted from deviation survey; porosity from density-porosity equation (rho_ma=2.65, rho_fl=1.0)"
BLT-01,141958.79,457105.93,1939.14,1876.94,15.23,54.46,2.3987,1924.0,2052.7,1862.49,1984.87,122.38,2.352,ok,"TVD converted from deviation survey; porosity from density-porosity equation (rho_ma=2.65, rho_fl=1.0)"
BLT-01,141958.8,457105.94,1939.21,1877.01,14.48,53.43,2.411,1924.0,2052.7,1862.49,1984.87,122.38,2.352,ok,"TVD converted from deviation survey; porosity from density-porosity equation (rho_ma=2.65, rho_fl=1.0)"
BLT-01,141958.82,457105.96,1939.29,1877.08,13.75,52.27,2.4231,1924.0,2052.7,1862.49,1984.87,122.38,2.352,ok,"TVD converted from deviation survey; porosity from density-porosity equation (rho_ma=2.65, rho_fl=1.0)"
BLT-01,141958.84,457105.97,1939.37,1877.15,13.26,51.33,2.4312,1924.0,2052.7,1862.49,1984.87,122.38,2.352,ok,"TVD converted from deviation survey; porosity from density-porosity equation (rho_ma=2.65, rho_fl=1.0)"
BLT-01,141958.86,457105.99,1939.44,1877.23,13.4,50.99,2.429,1924.0,2052.7,1862.49,1984.87,122.38,2.352,ok,"TVD converted from deviation survey; porosity from density-porosity equation (rho_ma=2.65, rho_fl=1.0)"
BLT-01,141958.87,457106.0,1939.52,1877.3,14.26,50.6,2.4147,1924.0,2052.7,1862.49,1984.87,122.38,2.352,ok,"TVD converted from deviation survey; porosity from density-porosity equation (rho_ma=2.65, rho_fl=1.0)"
BLT-01,141958.89,457106.02,1939.59,1877.37,15.28,50.06,2.398,1924.0,2052.7,1862.49,1984.87,122.38,2.352,ok,"TVD converted from deviation survey; porosity from density-porosity equation (rho_ma=2.65, rho_fl=1.0)"
BLT-01,141958.91,457106.03,1939.67,1877.44,16.17,49.43,2.3831,1924.0,2052.7,1862.49,1984.87,122.38,2.352,ok,"TVD converted from deviation survey; porosity from density-porosity equation (rho_ma=2.65, rho_fl=1.0)"
BLT-01,141958.93,457106.05,1939.75,1877.52,16.64,48.98,2.3755,1924.0,2052.7,1862.49,1984.87,122.38,2.352,ok,"TVD converted from deviation survey; porosity from density-porosity equation (rho_ma=2.65, rho_fl=1.0)"
BLT-01,141958.94,457106.06,1939.82,1877.59,16.92,49.36,2.3708,1924.0,2052.7,1862.49,1984.87,122.38,2.352,ok,"TVD converted from deviation survey; porosity from density-porosity equation (rho_ma=2.65, rho_fl=1.0)"
BLT-01,141958.96,457106.08,1939.9,1877.66,17.02,50.05,2.3692,1924.0,2052.7,1862.49,1984.87,122.38,2.352,ok,"TVD converted from deviation survey; porosity from density-porosity equation (rho_ma=2.65, rho_fl=1.0)"
BLT-01,141958.98,457106.09,1939.98,1877.73,16.92,50.82,2.3708,1924.0,2052.7,1862.49,1984.87,122.38,2.352,ok,"TVD converted from deviation survey; porosity from density-porosity equation (rho_ma=2.65, rho_fl=1.0)"
BLT-01,141958.99,457106.11,1940.05,1877.81,16.64,51.4,2.3754,1924.0,2052.7,1862.49,1984.87,122.38,2.352,ok,"TVD converted from deviation survey; porosity from density-porosity equation (rho_ma=2.65, rho_fl=1.0)"
BLT-01,141959.01,457106.12,1940.13,1877.88,16.07,51.5,2.3849,1924.0,2052.7,1862.49,1984.87,122.38,2.352,ok,"TVD converted from deviation survey; porosity from density-porosity equation (rho_ma=2.65, rho_fl=1.0)"
BLT-01,141959.03,457106.14,1940.2,1877.95,15.59,51.23,2.3928,1924.0,2052.7,1862.49,1984.87,122.38,2.352,ok,"TVD converted from deviation survey; porosity from density-porosity equation (rho_ma=2.65, rho_fl=1.0)"
BLT-01,141959.05,457106.15,1940.28,1878.03,15.27,50.69,2.3981,1924.0,2052.7,1862.49,1984.87,122.38,2.352,ok,"TVD converted from deviation survey; porosity from density-porosity equation (rho_ma=2.65, rho_fl=1.0)"
BLT-01,141959.06,457106.17,1940.36,1878.1,15.14,49.99,2.4002,1924.0,2052.7,1862.49,1984.87,122.38,2.352,ok,"TVD converted from deviation survey; porosity from density-porosity equation (rho_ma=2.65, rho_fl=1.0)"
BLT-01,141959.08,457106.18,1940.43,1878.17,15.14,49.14,2.4001,1924.0,2052.7,1862.49,1984.87,122.38,2.352,ok,"TVD converted from deviation survey; porosity from density-porosity equation (rho_ma=2.65, rho_fl=1.0)"
BLT-01,141959.1,457106.2,1940.51,1878.24,15.29,48.68,2.3977,1924.0,2052.7,1862.49,1984.87,122.38,2.352,ok,"TVD converted from deviation survey; porosity from density-porosity equation (rho_ma=2.65, rho_fl=1.0)"
BLT-01,141959.12,457106.21,1940.59,1878.32,15.6,48.56,2.3925,1924.0,2052.7,1862.49,1984.87,122.38,2.352,ok,"TVD converted from deviation survey; porosity from density-porosity equation (rho_ma=2.65, rho_fl=1.0)"
BLT-01,141959.13,457106.23,1940.66,1878.39,16.11,48.7,2.3841,1924.0,2052.7,1862.49,1984.87,122.38,2.352,ok,"TVD converted from deviation survey; porosity from density-porosity equation (rho_ma=2.65, rho_fl=1.0)"
BLT-01,141959.15,457106.24,1940.74,1878.46,17.16,48.54,2.3668,1924.0,2052.7,1862.49,1984.87,122.38,2.352,ok,"TVD converted from deviation survey; porosity from density-porosity equation (rho_ma=2.65, rho_fl=1.0)"
BLT-01,141959.17,457106.26,1940.81,1878.53,18.08,48.31,2.3517,1924.0,2052.7,1862.49,1984.87,122.38,2.352,ok,"TVD converted from deviation survey; porosity from density-porosity equation (rho_ma=2.65, rho_fl=1.0)"
BLT-01,141959.19,457106.27,1940.89,1878.61,18.73,48.28,2.341,1924.0,2052.7,1862.49,1984.87,122.38,2.352,ok,"TVD converted from deviation survey; porosity from density-porosity equation (rho_ma=2.65, rho_fl=1.0)"
BLT-01,141959.2,457106.29,1940.97,1878.68,19.08,48.69,2.3352,1924.0,2052.7,1862.49,1984.87,122.38,2.352,ok,"TVD converted from deviation survey; porosity from density-porosity equation (rho_ma=2.65, rho_fl=1.0)"
BLT-01,141959.22,457106.3,1941.04,1878.75,19.32,49.91,2.3313,1924.0,2052.7,1862.49,1984.87,122.38,2.352,ok,"TVD converted from deviation survey; porosity from density-porosity equation (rho_ma=2.65, rho_fl=1.0)"
BLT-01,141959.24,457106.32,1941.12,1878.82,19.42,51.06,2.3296,1924.0,2052.7,1862.49,1984.87,122.38,2.352,ok,"TVD converted from deviation survey; porosity from density-porosity equation (rho_ma=2.65, rho_fl=1.0)"
BLT-01,141959.26,457106.33,1941.19,1878.9,19.43,51.7,2.3294,1924.0,2052.7,1862.49,1984.87,122.38,2.352,ok,"TVD converted from deviation survey; porosity from density-porosity equation (rho_ma=2.65, rho_fl=1.0)"
BLT-01,141959.27,457106.35,1941.27,1878.97,19.34,51.7,2.3309,1924.0,2052.7,1862.49,1984.87,122.38,2.352,ok,"TVD converted from deviation survey; porosity from density-porosity equation (rho_ma=2.65, rho_fl=1.0)"
BLT-01,141959.29,457106.36,1941.35,1879.04,19.11,51.0,2.3347,1924.0,2052.7,1862.49,1984.87,122.38,2.352,ok,"TVD converted from deviation survey; porosity from density-porosity equation (rho_ma=2.65, rho_fl=1.0)"
BLT-01,141959.31,457106.38,1941.42,1879.11,18.83,50.0,2.3393,1924.0,2052.7,1862.49,1984.87,122.38,2.352,ok,"TVD converted from deviation survey; porosity from density-porosity equation (rho_ma=2.65, rho_fl=1.0)"
BLT-01,141959.33,457106.39,1941.5,1879.19,18.62,49.11,2.3428,1924.0,2052.7,1862.49,1984.87,122.38,2.352,ok,"TVD converted from deviation survey; porosity from density-porosity equation (rho_ma=2.65, rho_fl=1.0)"
BLT-01,141959.34,457106.41,1941.58,1879.26,18.55,48.45,2.344,1924.0,2052.7,1862.49,1984.87,122.38,2.352,ok,"TVD converted from deviation survey; porosity from density-porosity equation (rho_ma=2.65, rho_fl=1.0)"
BLT-01,141959.36,457106.42,1941.65,1879.33,18.73,48.11,2.3409,1924.0,2052.7,1862.49,1984.87,122.38,2.352,ok,"TVD converted from deviation survey; porosity from density-porosity equation (rho_ma=2.65, rho_fl=1.0)"
BLT-01,141959.38,457106.44,1941.73,1879.41,19.21,48.24,2.3331,1924.0,2052.7,1862.49,1984.87,122.38,2.352,ok,"TVD converted from deviation survey; porosity from density-porosity equation (rho_ma=2.65, rho_fl=1.0)"
BLT-01,141959.4,457106.45,1941.8,1879.48,19.71,48.53,2.3247,1924.0,2052.7,1862.49,1984.87,122.38,2.352,ok,"TVD converted from deviation survey; porosity from density-porosity equation (rho_ma=2.65, rho_fl=1.0)"
BLT-01,141959.41,457106.47,1941.88,1879.55,20.24,48.85,2.3161,1924.0,2052.7,1862.49,1984.87,122.38,2.353,ok,"TVD converted from deviation survey; porosity from density-porosity equation (rho_ma=2.65, rho_fl=1.0)"
BLT-01,141959.43,457106.48,1941.96,1879.62,20.76,49.08,2.3075,1924.0,2052.7,1862.49,1984.87,122.38,2.353,ok,"TVD converted from deviation survey; porosity from density-porosity equation (rho_ma=2.65, rho_fl=1.0)"
BLT-01,141959.45,457106.5,1942.03,1879.7,20.99,49.16,2.3036,1924.0,2052.7,1862.49,1984.87,122.38,2.353,ok,"TVD converted from deviation survey; porosity from density-porosity equation (rho_ma=2.65, rho_fl=1.0)"
BLT-01,141959.47,457106.51,1942.11,1879.77,21.01,49.31,2.3033,1924.0,2052.7,1862.49,1984.87,122.38,2.353,ok,"TVD converted from deviation survey; porosity from density-porosity equation (rho_ma=2.65, rho_fl=1.0)"
BLT-01,141959.48,457106.53,1942.19,1879.84,20.86,49.49,2.3058,1924.0,2052.7,1862.49,1984.87,122.38,2.353,ok,"TVD converted from deviation survey; porosity from density-porosity equation (rho_ma=2.65, rho_fl=1.0)"
BLT-01,141959.5,457106.54,1942.26,1879.91,20.59,49.65,2.3103,1924.0,2052.7,1862.49,1984.87,122.38,2.353,ok,"TVD converted from deviation survey; porosity from density-porosity equation (rho_ma=2.65, rho_fl=1.0)"
BLT-01,141959.52,457106.56,1942.34,1879.99,20.3,49.45,2.315,1924.0,2052.7,1862.49,1984.87,122.38,2.353,ok,"TVD converted from deviation survey; porosity from density-porosity equation (rho_ma=2.65, rho_fl=1.0)"
BLT-01,141959.54,457106.57,1942.41,1880.06,20.11,48.98,2.3181,1924.0,2052.7,1862.49,1984.87,122.38,2.353,ok,"TVD converted from deviation survey; porosity from density-porosity equation (rho_ma=2.65, rho_fl=1.0)"
BLT-01,141959.55,457106.59,1942.49,1880.13,20.0,48.36,2.32,1924.0,2052.7,1862.49,1984.87,122.38,2.353,ok,"TVD converted from deviation survey; porosity from density-porosity equation (rho_ma=2.65, rho_fl=1.0)"
BLT-01,141959.57,457106.6,1942.57,1880.2,19.96,47.75,2.3207,1924.0,2052.7,1862.49,1984.87,122.38,2.353,ok,"TVD converted from deviation survey; porosity from density-porosity equation (rho_ma=2.65, rho_fl=1.0)"
BLT-01,141959.59,457106.62,1942.64,1880.28,20.02,47.56,2.3197,1924.0,2052.7,1862.49,1984.87,122.38,2.353,ok,"TVD converted from deviation survey; porosity from density-porosity equation (rho_ma=2.65, rho_fl=1.0)"
BLT-01,141959.61,457106.63,1942.72,1880.35,20.13,47.83,2.3179,1924.0,2052.7,1862.49,1984.87,122.38,2.353,ok,"TVD converted from deviation survey; porosity from density-porosity equation (rho_ma=2.65, rho_fl=1.0)"
BLT-01,141959.62,457106.65,1942.8,1880.42,20.22,48.52,2.3163,1924.0,2052.7,1862.49,1984.87,122.38,2.353,ok,"TVD converted from deviation survey; porosity from density-porosity equation (rho_ma=2.65, rho_fl=1.0)"
BLT-01,141959.64,457106.66,1942.87,1880.5,20.26,49.46,2.3156,1924.0,2052.7,1862.49,1984.87,122.38,2.353,ok,"TVD converted from deviation survey; porosity from density-porosity equation (rho_ma=2.65, rho_fl=1.0)"
BLT-01,141959.66,457106.68,1942.95,1880.57,20.17,50.11,2.3172,1924.0,2052.7,1862.49,1984.87,122.38,2.353,ok,"TVD converted from deviation survey; porosity from density-porosity equation (rho_ma=2.65, rho_fl=1.0)"
BLT-01,141959.68,457106.69,1943.02,1880.64,19.9,50.09,2.3216,1924.0,2052.7,1862.49,1984.87,122.38,2.353,ok,"TVD converted from deviation survey; porosity from density-porosity equation (rho_ma=2.65, rho_fl=1.0)"
BLT-01,141959.69,457106.7,1943.1,1880.71,19.42,49.62,2.3295,1924.0,2052.7,1862.49,1984.87,122.38,2.353,ok,"TVD converted from deviation survey; porosity from density-porosity equation (rho_ma=2.65, rho_fl=1.0)"
BLT-01,141959.71,457106.72,1943.18,1880.79,18.79,48.93,2.34,1924.0,2052.7,1862.49,1984.87,122.38,2.353,ok,"TVD converted from deviation survey; porosity from density-porosity equation (rho_ma=2.65, rho_fl=1.0)"
BLT-01,141959.73,457106.73,1943.25,1880.86,18.13,48.34,2.3509,1924.0,2052.7,1862.49,1984.87,122.38,2.353,ok,"TVD converted from deviation survey; porosity from density-porosity equation (rho_ma=2.65, rho_fl=1.0)"
BLT-01,141959.74,457106.75,1943.33,1880.93,17.64,48.03,2.3589,1924.0,2052.7,1862.49,1984.87,122.38,2.353,ok,"TVD converted from deviation survey; porosity from density-porosity equation (rho_ma=2.65, rho_fl=1.0)"
BLT-01,141959.76,457106.76,1943.4,1881.0,17.13,47.93,2.3673,1924.0,2052.7,1862.49,1984.87,122.38,2.353,ok,"TVD converted from deviation survey; porosity from density-porosity equation (rho_ma=2.65, rho_fl=1.0)"
BLT-01,141959.78,457106.78,1943.48,1881.08,16.71,48.02,2.3743,1924.0,2052.7,1862.49,1984.87,122.38,2.353,ok,"TVD converted from deviation survey; porosity from density-porosity equation (rho_ma=2.65, rho_fl=1.0)"
BLT-01,141959.8,457106.79,1943.56,1881.15,16.5,48.28,2.3777,1924.0,2052.7,1862.49,1984.87,122.38,2.353,ok,"TVD converted from deviation survey; porosity from density-porosity equation (rho_ma=2.65, rho_fl=1.0)"
BLT-01,141959.81,457106.81,1943.63,1881.22,16.68,48.66,2.3747,1924.0,2052.7,1862.49,1984.87,122.38,2.353,ok,"TVD converted from deviation survey; porosity from density-porosity equation (rho_ma=2.65, rho_fl=1.0)"
BLT-01,141959.83,457106.82,1943.71,1881.29,17.0,48.69,2.3695,1924.0,2052.7,1862.49,1984.87,122.38,2.353,ok,"TVD converted from deviation survey; porosity from density-porosity equation (rho_ma=2.65, rho_fl=1.0)"
BLT-01,141959.85,457106.84,1943.79,1881.37,17.32,48.37,2.3642,1924.0,2052.7,1862.49,1984.87,122.38,2.353,ok,"TVD converted from deviation survey; porosity from density-porosity equation (rho_ma=2.65, rho_fl=1.0)"
BLT-01,141959.87,457106.85,1943.86,1881.44,17.53,47.73,2.3608,1924.0,2052.7,1862.49,1984.87,122.38,2.353,ok,"TVD converted from deviation survey; porosity from density-porosity equation (rho_ma=2.65, rho_fl=1.0)"
BLT-01,141959.88,457106.87,1943.94,1881.51,17.51,47.24,2.3612,1924.0,2052.7,1862.49,1984.87,122.38,2.353,ok,"TVD converted from deviation survey; porosity from density-porosity equation (rho_ma=2.65, rho_fl=1.0)"
BLT-01,141959.9,457106.88,1944.01,1881.58,17.48,46.85,2.3616,1924.0,2052.7,1862.49,1984.87,122.38,2.353,ok,"TVD converted from deviation survey; porosity from density-porosity equation (rho_ma=2.65, rho_fl=1.0)"
BLT-01,141959.92,457106.9,1944.09,1881.66,17.5,46.66,2.3613,1924.0,2052.7,1862.49,1984.87,122.38,2.353,ok,"TVD converted from deviation survey; porosity from density-porosity equation (rho_ma=2.65, rho_fl=1.0)"
BLT-01,141959.94,457106.91,1944.17,1881.73,17.58,46.72,2.3599,1924.0,2052.7,1862.49,1984.87,122.38,2.353,ok,"TVD converted from deviation survey; porosity from density-porosity equation (rho_ma=2.65, rho_fl=1.0)"
BLT-01,141959.95,457106.93,1944.24,1881.8,17.71,47.08,2.3578,1924.0,2052.7,1862.49,1984.87,122.38,2.353,ok,"TVD converted from deviation survey; porosity from density-porosity equation (rho_ma=2.65, rho_fl=1.0)"
BLT-01,141959.97,457106.94,1944.32,1881.88,17.77,47.63,2.3568,1924.0,2052.7,1862.49,1984.87,122.38,2.353,ok,"TVD converted from deviation survey; porosity from density-porosity equation (rho_ma=2.65, rho_fl=1.0)"
BLT-01,141959.99,457106.96,1944.4,1881.95,17.74,48.1,2.3572,1924.0,2052.7,1862.49,1984.87,122.38,2.353,ok,"TVD converted from deviation survey; porosity from density-porosity equation (rho_ma=2.65, rho_fl=1.0)"
BLT-01,141960.01,457106.97,1944.47,1882.02,17.64,48.4,2.3589,1924.0,2052.7,1862.49,1984.87,122.38,2.353,ok,"TVD converted from deviation survey; porosity from density-porosity equation (rho_ma=2.65, rho_fl=1.0)"
BLT-01,141960.02,457106.99,1944.55,1882.09,17.5,48.49,2.3612,1924.0,2052.7,1862.49,1984.87,122.38,2.353,ok,"TVD converted from deviation survey; porosity from density-porosity equation (rho_ma=2.65, rho_fl=1.0)"
BLT-01,141960.04,457107.0,1944.62,1882.17,17.39,48.58,2.363,1924.0,2052.7,1862.49,1984.87,122.38,2.353,ok,"TVD converted from deviation survey; porosity from density-porosity equation (rho_ma=2.65, rho_fl=1.0)"
BLT-01,141960.06,457107.02,1944.7,1882.24,17.32,48.62,2.3641,1924.0,2052.7,1862.49,1984.87,122.38,2.353,ok,"TVD converted from deviation survey; porosity from density-porosity equation (rho_ma=2.65, rho_fl=1.0)"
BLT-01,141960.08,457107.03,1944.78,1882.31,17.3,48.49,2.3646,1924.0,2052.7,1862.49,1984.87,122.38,2.353,ok,"TVD converted from deviation survey; porosity from density-porosity equation (rho_ma=2.65, rho_fl=1.0)"
BLT-01,141960.09,457107.05,1944.85,1882.38,17.3,47.95,2.3645,1924.0,2052.7,1862.49,1984.87,122.38,2.353,ok,"TVD converted from deviation survey; porosity from density-porosity equation (rho_ma=2.65, rho_fl=1.0)"
BLT-01,141960.11,457107.06,1944.93,1882.46,17.26,47.2,2.3652,1924.0,2052.7,1862.49,1984.87,122.38,2.353,ok,"TVD converted from deviation survey; porosity from density-porosity equation (rho_ma=2.65, rho_fl=1.0)"
BLT-01,141960.13,457107.08,1945.0,1882.53,17.19,46.79,2.3663,1924.0,2052.7,1862.49,1984.87,122.38,2.353,ok,"TVD converted from deviation survey; porosity from density-porosity equation (rho_ma=2.65, rho_fl=1.0)"
BLT-01,141960.15,457107.09,1945.08,1882.6,17.1,46.83,2.3678,1924.0,2052.7,1862.49,1984.87,122.38,2.353,ok,"TVD converted from deviation survey; porosity from density-porosity equation (rho_ma=2.65, rho_fl=1.0)"
BLT-01,141960.16,457107.11,1945.16,1882.67,16.98,47.34,2.3699,1924.0,2052.7,1862.49,1984.87,122.38,2.353,ok,"TVD converted from deviation survey; porosity from density-porosity equation (rho_ma=2.65, rho_fl=1.0)"
BLT-01,141960.18,457107.12,1945.23,1882.75,16.68,48.05,2.3747,1924.0,2052.7,1862.49,1984.87,122.38,2.353,ok,"TVD converted from deviation survey; porosity from density-porosity equation (rho_ma=2.65, rho_fl=1.0)"
BLT-01,141960.2,457107.14,1945.31,1882.82,16.38,48.5,2.3798,1924.0,2052.7,1862.49,1984.87,122.38,2.353,ok,"TVD converted from deviation survey; porosity from density-porosity equation (rho_ma=2.65, rho_fl=1.0)"
BLT-01,141960.22,457107.15,1945.39,1882.89,16.1,48.63,2.3844,1924.0,2052.7,1862.49,1984.87,122.38,2.353,ok,"TVD converted from deviation survey; porosity from density-porosity equation (rho_ma=2.65, rho_fl=1.0)"
BLT-01,141960.23,457107.17,1945.46,1882.97,15.85,48.42,2.3885,1924.0,2052.7,1862.49,1984.87,122.38,2.353,ok,"TVD converted from deviation survey; porosity from density-porosity equation (rho_ma=2.65, rho_fl=1.0)"
BLT-01,141960.25,457107.18,1945.54,1883.04,15.44,48.06,2.3952,1924.0,2052.7,1862.49,1984.87,122.38,2.353,ok,"TVD converted from deviation survey; porosity from density-porosity equation (rho_ma=2.65, rho_fl=1.0)"
BLT-01,141960.27,457107.2,1945.61,1883.11,15.08,47.82,2.4012,1924.0,2052.7,1862.49,1984.87,122.38,2.353,ok,"TVD converted from deviation survey; porosity from density-porosity equation (rho_ma=2.65, rho_fl=1.0)"
BLT-01,141960.29,457107.21,1945.69,1883.18,14.84,47.7,2.4051,1924.0,2052.7,1862.49,1984.87,122.38,2.354,ok,"TVD converted from deviation survey; porosity from density-porosity equation (rho_ma=2.65, rho_fl=1.0)"
BLT-01,141960.3,457107.23,1945.77,1883.26,14.78,47.76,2.4061,1924.0,2052.7,1862.49,1984.87,122.38,2.354,ok,"TVD converted from deviation survey; porosity from density-porosity equation (rho_ma=2.65, rho_fl=1.0)"
BLT-01,141960.32,457107.24,1945.84,1883.33,15.03,48.14,2.402,1924.0,2052.7,1862.49,1984.87,122.38,2.354,ok,"TVD converted from deviation survey; porosity from density-porosity equation (rho_ma=2.65, rho_fl=1.0)"
BLT-01,141960.34,457107.26,1945.92,1883.4,15.46,48.77,2.3949,1924.0,2052.7,1862.49,1984.87,122.38,2.354,ok,"TVD converted from deviation survey; porosity from density-porosity equation (rho_ma=2.65, rho_fl=1.0)"
BLT-01,141960.36,457107.27,1946.0,1883.47,15.91,49.46,2.3875,1924.0,2052.7,1862.49,1984.87,122.38,2.354,ok,"TVD converted from deviation survey; porosity from density-porosity equation (rho_ma=2.65, rho_fl=1.0)"
BLT-01,141960.37,457107.29,1946.07,1883.55,16.31,50.07,2.3808,1924.0,2052.7,1862.49,1984.87,122.38,2.354,ok,"TVD converted from deviation survey; porosity from density-porosity equation (rho_ma=2.65, rho_fl=1.0)"
BLT-01,141960.39,457107.3,1946.15,1883.62,16.61,50.32,2.376,1924.0,2052.7,1862.49,1984.87,122.38,2.354,ok,"TVD converted from deviation survey; porosity from density-porosity equation (rho_ma=2.65, rho_fl=1.0)"
BLT-01,141960.41,457107.32,1946.22,1883.69,16.51,49.86,2.3776,1924.0,2052.7,1862.49,1984.87,122.38,2.354,ok,"TVD converted from deviation survey; porosity from density-porosity equation (rho_ma=2.65, rho_fl=1.0)"
BLT-01,141960.42,457107.33,1946.3,1883.76,16.14,49.27,2.3836,1924.0,2052.7,1862.49,1984.87,122.38,2.354,ok,"TVD converted from deviation survey; porosity from density-porosity equation (rho_ma=2.65, rho_fl=1.0)"
BLT-01,141960.44,457107.35,1946.38,1883.84,15.53,48.83,2.3937,1924.0,2052.7,1862.49,1984.87,122.38,2.354,ok,"TVD converted from deviation survey; porosity from density-porosity equation (rho_ma=2.65, rho_fl=1.0)"
BLT-01,141960.46,457107.36,1946.45,1883.91,14.7,48.85,2.4075,1924.0,2052.7,1862.49,1984.87,122.38,2.354,ok,"TVD converted from deviation survey; porosity from density-porosity equation (rho_ma=2.65, rho_fl=1.0)"
BLT-01,141960.48,457107.38,1946.53,1883.98,14.2,49.13,2.4157,1924.0,2052.7,1862.49,1984.87,122.38,2.354,ok,"TVD converted from deviation survey; porosity from density-porosity equation (rho_ma=2.65, rho_fl=1.0)"
BLT-01,141960.49,457107.39,1946.61,1884.05,14.06,49.32,2.418,1924.0,2052.7,1862.49,1984.87,122.38,2.354,ok,"TVD converted from deviation survey; porosity from density-porosity equation (rho_ma=2.65, rho_fl=1.0)"
BLT-01,141960.51,457107.41,1946.68,1884.13,14.19,49.53,2.4158,1924.0,2052.7,1862.49,1984.87,122.38,2.354,ok,"TVD converted from deviation survey; porosity from density-porosity equation (rho_ma=2.65, rho_fl=1.0)"
BLT-01,141960.53,457107.42,1946.76,1884.2,14.48,49.85,2.411,1924.0,2052.7,1862.49,1984.87,122.38,2.354,ok,"TVD converted from deviation survey; porosity from density-porosity equation (rho_ma=2.65, rho_fl=1.0)"
BLT-01,141960.55,457107.44,1946.83,1884.27,14.72,50.29,2.4071,1924.0,2052.7,1862.49,1984.87,122.38,2.354,ok,"TVD converted from deviation survey; porosity from density-porosity equation (rho_ma=2.65, rho_fl=1.0)"
BLT-01,141960.56,457107.45,1946.91,1884.35,15.0,50.56,2.4025,1924.0,2052.7,1862.49,1984.87,122.38,2.354,ok,"TVD converted from deviation survey; porosity from density-porosity equation (rho_ma=2.65, rho_fl=1.0)"
BLT-01,141960.58,457107.47,1946.99,1884.42,15.33,50.65,2.3971,1924.0,2052.7,1862.49,1984.87,122.38,2.354,ok,"TVD converted from deviation survey; porosity from density-porosity equation (rho_ma=2.65, rho_fl=1.0)"
BLT-01,141960.6,457107.48,1947.06,1884.49,15.71,50.57,2.3909,1924.0,2052.7,1862.49,1984.87,122.38,2.354,ok,"TVD converted from deviation survey; porosity from density-porosity equation (rho_ma=2.65, rho_fl=1.0)"
BLT-01,141960.62,457107.5,1947.14,1884.56,15.99,50.52,2.3862,1924.0,2052.7,1862.49,1984.87,122.38,2.354,ok,"TVD converted from deviation survey; porosity from density-porosity equation (rho_ma=2.65, rho_fl=1.0)"
BLT-01,141960.63,457107.51,1947.21,1884.64,16.01,50.64,2.3859,1924.0,2052.7,1862.49,1984.87,122.38,2.354,ok,"TVD converted from deviation survey; porosity from density-porosity equation (rho_ma=2.65, rho_fl=1.0)"
BLT-01,141960.65,457107.53,1947.29,1884.71,15.76,50.71,2.3899,1924.0,2052.7,1862.49,1984.87,122.38,2.354,ok,"TVD converted from deviation survey; porosity from density-porosity equation (rho_ma=2.65, rho_fl=1.0)"
BLT-01,141960.67,457107.54,1947.37,1884.78,15.3,50.57,2.3975,1924.0,2052.7,1862.49,1984.87,122.38,2.354,ok,"TVD converted from deviation survey; porosity from density-porosity equation (rho_ma=2.65, rho_fl=1.0)"
BLT-01,141960.69,457107.56,1947.44,1884.85,14.84,49.89,2.4051,1924.0,2052.7,1862.49,1984.87,122.38,2.354,ok,"TVD converted from deviation survey; porosity from density-porosity equation (rho_ma=2.65, rho_fl=1.0)"
BLT-01,141960.7,457107.57,1947.52,1884.93,14.72,48.97,2.4071,1924.0,2052.7,1862.49,1984.87,122.38,2.354,ok,"TVD converted from deviation survey; porosity from density-porosity equation (rho_ma=2.65, rho_fl=1.0)"
BLT-01,141960.72,457107.59,1947.6,1885.0,14.92,48.38,2.4039,1924.0,2052.7,1862.49,1984.87,122.38,2.354,ok,"TVD converted from deviation survey; porosity from density-porosity equation (rho_ma=2.65, rho_fl=1.0)"
BLT-01,141960.74,457107.6,1947.67,1885.07,15.37,48.32,2.3964,1924.0,2052.7,1862.49,1984.87,122.38,2.354,ok,"TVD converted from deviation survey; porosity from density-porosity equation (rho_ma=2.65, rho_fl=1.0)"
BLT-01,141960.76,457107.62,1947.75,1885.14,15.91,48.99,2.3875,1924.0,2052.7,1862.49,1984.87,122.38,2.354,ok,"TVD converted from deviation survey; porosity from density-porosity equation (rho_ma=2.65, rho_fl=1.0)"
BLT-01,141960.77,457107.63,1947.82,1885.22,16.37,49.76,2.38,1924.0,2052.7,1862.49,1984.87,122.38,2.354,ok,"TVD converted from deviation survey; porosity from density-porosity equation (rho_ma=2.65, rho_fl=1.0)"
BLT-01,141960.79,457107.65,1947.9,1885.29,16.65,50.15,2.3753,1924.0,2052.7,1862.49,1984.87,122.38,2.354,ok,"TVD converted from deviation survey; porosity from density-porosity equation (rho_ma=2.65, rho_fl=1.0)"
BLT-01,141960.81,457107.66,1947.98,1885.36,16.75,50.11,2.3736,1924.0,2052.7,1862.49,1984.87,122.38,2.354,ok,"TVD converted from deviation survey; porosity from density-porosity equation (rho_ma=2.65, rho_fl=1.0)"
BLT-01,141960.83,457107.68,1948.05,1885.44,16.71,49.63,2.3742,1924.0,2052.7,1862.49,1984.87,122.38,2.354,ok,"TVD converted from deviation survey; porosity from density-porosity equation (rho_ma=2.65, rho_fl=1.0)"
BLT-01,141960.84,457107.69,1948.13,1885.51,16.79,48.79,2.373,1924.0,2052.7,1862.49,1984.87,122.38,2.354,ok,"TVD converted from deviation survey; porosity from density-porosity equation (rho_ma=2.65, rho_fl=1.0)"
BLT-01,141960.86,457107.71,1948.21,1885.58,16.95,48.13,2.3704,1924.0,2052.7,1862.49,1984.87,122.38,2.354,ok,"TVD converted from deviation survey; porosity from density-porosity equation (rho_ma=2.65, rho_fl=1.0)"
BLT-01,141960.88,457107.72,1948.28,1885.65,17.14,47.8,2.3671,1924.0,2052.7,1862.49,1984.87,122.38,2.354,ok,"TVD converted from deviation survey; porosity from density-porosity equation (rho_ma=2.65, rho_fl=1.0)"
BLT-01,141960.9,457107.74,1948.36,1885.73,17.34,47.92,2.3638,1924.0,2052.7,1862.49,1984.87,122.38,2.354,ok,"TVD converted from deviation survey; porosity from density-porosity equation (rho_ma=2.65, rho_fl=1.0)"
BLT-01,141960.91,457107.75,1948.43,1885.8,17.6,48.9,2.3596,1924.0,2052.7,1862.49,1984.87,122.38,2.354,ok,"TVD converted from deviation survey; porosity from density-porosity equation (rho_ma=2.65, rho_fl=1.0)"
BLT-01,141960.93,457107.77,1948.51,1885.87,17.78,50.02,2.3567,1924.0,2052.7,1862.49,1984.87,122.38,2.354,ok,"TVD converted from deviation survey; porosity from density-porosity equation (rho_ma=2.65, rho_fl=1.0)"
BLT-01,141960.95,457107.78,1948.59,1885.94,17.89,51.01,2.3548,1924.0,2052.7,1862.49,1984.87,122.38,2.354,ok,"TVD converted from deviation survey; porosity from density-porosity equation (rho_ma=2.65, rho_fl=1.0)"
BLT-01,141960.97,457107.8,1948.66,1886.02,17.94,51.7,2.354,1924.0,2052.7,1862.49,1984.87,122.38,2.354,ok,"TVD converted from deviation survey; porosity from density-porosity equation (rho_ma=2.65, rho_fl=1.0)"
BLT-01,141960.98,457107.81,1948.74,1886.09,17.98,51.96,2.3533,1924.0,2052.7,1862.49,1984.87,122.38,2.354,ok,"TVD converted from deviation survey; porosity from density-porosity equation (rho_ma=2.65, rho_fl=1.0)"
BLT-01,141961.0,457107.83,1948.81,1886.16,18.04,51.89,2.3523,1924.0,2052.7,1862.49,1984.87,122.38,2.354,ok,"TVD converted from deviation survey; porosity from density-porosity equation (rho_ma=2.65, rho_fl=1.0)"
BLT-01,141961.02,457107.84,1948.89,1886.23,18.1,51.69,2.3513,1924.0,2052.7,1862.49,1984.87,122.38,2.354,ok,"TVD converted from deviation survey; porosity from density-porosity equation (rho_ma=2.65, rho_fl=1.0)"
BLT-01,141961.04,457107.86,1948.97,1886.31,18.16,51.47,2.3504,1924.0,2052.7,1862.49,1984.87,122.38,2.354,ok,"TVD converted from deviation survey; porosity from density-porosity equation (rho_ma=2.65, rho_fl=1.0)"
BLT-01,141961.05,457107.87,1949.04,1886.38,18.21,51.19,2.3495,1924.0,2052.7,1862.49,1984.87,122.38,2.354,ok,"TVD converted from deviation survey; porosity from density-porosity equation (rho_ma=2.65, rho_fl=1.0)"
BLT-01,141961.07,457107.89,1949.12,1886.45,18.22,50.91,2.3493,1924.0,2052.7,1862.49,1984.87,122.38,2.354,ok,"TVD converted from deviation survey; porosity from density-porosity equation (rho_ma=2.65, rho_fl=1.0)"
BLT-01,141961.09,457107.9,1949.2,1886.52,18.24,50.44,2.3491,1924.0,2052.7,1862.49,1984.87,122.38,2.354,ok,"TVD converted from deviation survey; porosity from density-porosity equation (rho_ma=2.65, rho_fl=1.0)"
BLT-01,141961.1,457107.92,1949.27,1886.6,18.29,49.77,2.3482,1924.0,2052.7,1862.49,1984.87,122.38,2.354,ok,"TVD converted from deviation survey; porosity from density-porosity equation (rho_ma=2.65, rho_fl=1.0)"
BLT-01,141961.12,457107.93,1949.35,1886.67,18.47,48.9,2.3452,1924.0,2052.7,1862.49,1984.87,122.38,2.354,ok,"TVD converted from deviation survey; porosity from density-porosity equation (rho_ma=2.65, rho_fl=1.0)"
BLT-01,141961.14,457107.95,1949.42,1886.74,18.64,48.45,2.3424,1924.0,2052.7,1862.49,1984.87,122.38,2.354,ok,"TVD converted from deviation survey; porosity from density-porosity equation (rho_ma=2.65, rho_fl=1.0)"
BLT-01,141961.16,457107.96,1949.5,1886.82,18.7,48.43,2.3414,1924.0,2052.7,1862.49,1984.87,122.38,2.355,ok,"TVD converted from deviation survey; porosity from density-porosity equation (rho_ma=2.65, rho_fl=1.0)"
BLT-01,141961.17,457107.98,1949.58,1886.89,18.63,48.68,2.3427,1924.0,2052.7,1862.49,1984.87,122.38,2.355,ok,"TVD converted from deviation survey; porosity from density-porosity equation (rho_ma=2.65, rho_fl=1.0)"
BLT-01,141961.19,457107.99,1949.65,1886.96,18.39,48.92,2.3465,1924.0,2052.7,1862.49,1984.87,122.38,2.355,ok,"TVD converted from deviation survey; porosity from density-porosity equation (rho_ma=2.65, rho_fl=1.0)"
BLT-01,141961.21,457108.01,1949.73,1887.03,18.19,48.76,2.3499,1924.0,2052.7,1862.49,1984.87,122.38,2.355,ok,"TVD converted from deviation survey; porosity from density-porosity equation (rho_ma=2.65, rho_fl=1.0)"
BLT-01,141961.23,457108.02,1949.81,1887.11,18.11,48.57,2.3512,1924.0,2052.7,1862.49,1984.87,122.38,2.355,ok,"TVD converted from deviation survey; porosity from density-porosity equation (rho_ma=2.65, rho_fl=1.0)"
BLT-01,141961.25,457108.04,1949.88,1887.18,18.12,48.29,2.351,1924.0,2052.7,1862.49,1984.87,122.38,2.355,ok,"TVD converted from deviation survey; porosity from density-porosity equation (rho_ma=2.65, rho_fl=1.0)"
BLT-01,141961.26,457108.05,1949.96,1887.25,18.17,47.85,2.3503,1924.0,2052.7,1862.49,1984.87,122.38,2.355,ok,"TVD converted from deviation survey; porosity from density-porosity equation (rho_ma=2.65, rho_fl=1.0)"
BLT-01,141961.28,457108.07,1950.03,1887.32,18.17,47.33,2.3501,1924.0,2052.7,1862.49,1984.87,122.38,2.355,ok,"TVD converted from deviation survey; porosity from density-porosity equation (rho_ma=2.65, rho_fl=1.0)"
BLT-01,141961.3,457108.08,1950.11,1887.4,18.14,46.69,2.3506,1924.0,2052.7,1862.49,1984.87,122.38,2.355,ok,"TVD converted from deviation survey; porosity from density-porosity equation (rho_ma=2.65, rho_fl=1.0)"
BLT-01,141961.32,457108.1,1950.19,1887.47,18.1,46.17,2.3513,1924.0,2052.7,1862.49,1984.87,122.38,2.355,ok,"TVD converted from deviation survey; porosity from density-porosity equation (rho_ma=2.65, rho_fl=1.0)"
BLT-01,141961.33,457108.11,1950.26,1887.54,18.07,45.93,2.3518,1924.0,2052.7,1862.49,1984.87,122.38,2.355,ok,"TVD converted from deviation survey; porosity from density-porosity equation (rho_ma=2.65, rho_fl=1.0)"
BLT-01,141961.35,457108.13,1950.34,1887.61,18.02,46.34,2.3527,1924.0,2052.7,1862.49,1984.87,122.38,2.355,ok,"TVD converted from deviation survey; porosity from density-porosity equation (rho_ma=2.65, rho_fl=1.0)"
BLT-01,141961.37,457108.14,1950.42,1887.69,17.91,46.96,2.3545,1924.0,2052.7,1862.49,1984.87,122.38,2.355,ok,"TVD converted from deviation survey; porosity from density-porosity equation (rho_ma=2.65, rho_fl=1.0)"
BLT-01,141961.39,457108.16,1950.49,1887.76,17.77,47.7,2.3569,1924.0,2052.7,1862.49,1984.87,122.38,2.355,ok,"TVD converted from deviation survey; porosity from density-porosity equation (rho_ma=2.65, rho_fl=1.0)"
BLT-01,141961.4,457108.17,1950.57,1887.83,17.61,48.43,2.3594,1924.0,2052.7,1862.49,1984.87,122.38,2.355,ok,"TVD converted from deviation survey; porosity from density-porosity equation (rho_ma=2.65, rho_fl=1.0)"
BLT-01,141961.42,457108.19,1950.64,1887.9,17.6,48.86,2.3597,1924.0,2052.7,1862.49,1984.87,122.38,2.355,ok,"TVD converted from deviation survey; porosity from density-porosity equation (rho_ma=2.65, rho_fl=1.0)"
BLT-01,141961.44,457108.2,1950.72,1887.98,17.72,48.93,2.3576,1924.0,2052.7,1862.49,1984.87,122.38,2.355,ok,"TVD converted from deviation survey; porosity from density-porosity equation (rho_ma=2.65, rho_fl=1.0)"
BLT-01,141961.46,457108.22,1950.8,1888.05,17.94,48.75,2.354,1924.0,2052.7,1862.49,1984.87,122.38,2.355,ok,"TVD converted from deviation survey; porosity from density-porosity equation (rho_ma=2.65, rho_fl=1.0)"
BLT-01,141961.47,457108.23,1950.87,1888.12,18.19,48.47,2.3498,1924.0,2052.7,1862.49,1984.87,122.38,2.355,ok,"TVD converted from deviation survey; porosity from density-porosity equation (rho_ma=2.65, rho_fl=1.0)"
BLT-01,141961.49,457108.25,1950.95,1888.19,18.36,48.44,2.347,1924.0,2052.7,1862.49,1984.87,122.38,2.355,ok,"TVD converted from deviation survey; porosity from density-porosity equation (rho_ma=2.65, rho_fl=1.0)"
BLT-01,141961.51,457108.26,1951.02,1888.27,18.39,49.03,2.3466,1924.0,2052.7,1862.49,1984.87,122.38,2.355,ok,"TVD converted from deviation survey; porosity from density-porosity equation (rho_ma=2.65, rho_fl=1.0)"
BLT-01,141961.53,457108.28,1951.1,1888.34,18.26,50.01,2.3487,1924.0,2052.7,1862.49,1984.87,122.38,2.355,ok,"TVD converted from deviation survey; porosity from density-porosity equation (rho_ma=2.65, rho_fl=1.0)"
BLT-01,141961.55,457108.29,1951.18,1888.41,18.05,51.04,2.3522,1924.0,2052.7,1862.49,1984.87,122.38,2.355,ok,"TVD converted from deviation survey; porosity from density-porosity equation (rho_ma=2.65, rho_fl=1.0)"
BLT-01,141961.56,457108.31,1951.25,1888.48,17.84,51.62,2.3556,1924.0,2052.7,1862.49,1984.87,122.38,2.355,ok,"TVD converted from deviation survey; porosity from density-porosity equation (rho_ma=2.65, rho_fl=1.0)"
BLT-01,141961.58,457108.32,1951.33,1888.56,17.82,51.17,2.356,1924.0,2052.7,1862.49,1984.87,122.38,2.355,ok,"TVD converted from deviation survey; porosity from density-porosity equation (rho_ma=2.65, rho_fl=1.0)"
BLT-01,141961.6,457108.34,1951.41,1888.63,18.01,50.0,2.3529,1924.0,2052.7,1862.49,1984.87,122.38,2.355,ok,"TVD converted from deviation survey; porosity from density-porosity equation (rho_ma=2.65, rho_fl=1.0)"
BLT-01,141961.62,457108.36,1951.48,1888.7,18.28,48.54,2.3484,1924.0,2052.7,1862.49,1984.87,122.38,2.355,ok,"TVD converted from deviation survey; porosity from density-porosity equation (rho_ma=2.65, rho_fl=1.0)"
BLT-01,141961.63,457108.37,1951.56,1888.77,18.49,47.24,2.3448,1924.0,2052.7,1862.49,1984.87,122.38,2.355,ok,"TVD converted from deviation survey; porosity from density-porosity equation (rho_ma=2.65, rho_fl=1.0)"
BLT-01,141961.65,457108.39,1951.63,1888.85,18.42,46.93,2.3461,1924.0,2052.7,1862.49,1984.87,122.38,2.355,ok,"TVD converted from deviation survey; porosity from density-porosity equation (rho_ma=2.65, rho_fl=1.0)"
BLT-01,141961.67,457108.4,1951.71,1888.92,18.25,46.91,2.3488,1924.0,2052.7,1862.49,1984.87,122.38,2.355,ok,"TVD converted from deviation survey; porosity from density-porosity equation (rho_ma=2.65, rho_fl=1.0)"
BLT-01,141961.69,457108.42,1951.79,1888.99,17.98,47.13,2.3533,1924.0,2052.7,1862.49,1984.87,122.38,2.355,ok,"TVD converted from deviation survey; porosity from density-porosity equation (rho_ma=2.65, rho_fl=1.0)"
BLT-01,141961.7,457108.43,1951.86,1889.06,17.62,47.53,2.3592,1924.0,2052.7,1862.49,1984.87,122.38,2.355,ok,"TVD converted from deviation survey; porosity from density-porosity equation (rho_ma=2.65, rho_fl=1.0)"
BLT-01,141961.72,457108.45,1951.94,1889.14,17.39,47.93,2.3631,1924.0,2052.7,1862.49,1984.87,122.38,2.355,ok,"TVD converted from deviation survey; porosity from density-porosity equation (rho_ma=2.65, rho_fl=1.0)"
BLT-01,141961.74,457108.46,1952.02,1889.21,17.31,48.22,2.3644,1924.0,2052.7,1862.49,1984.87,122.38,2.355,ok,"TVD converted from deviation survey; porosity from density-porosity equation (rho_ma=2.65, rho_fl=1.0)"
BLT-01,141961.76,457108.48,1952.09,1889.28,17.35,48.36,2.3638,1924.0,2052.7,1862.49,1984.87,122.38,2.355,ok,"TVD converted from deviation survey; porosity from density-porosity equation (rho_ma=2.65, rho_fl=1.0)"
BLT-01,141961.77,457108.49,1952.17,1889.35,17.48,48.39,2.3615,1924.0,2052.7,1862.49,1984.87,122.38,2.355,ok,"TVD converted from deviation survey; porosity from density-porosity equation (rho_ma=2.65, rho_fl=1.0)"
BLT-01,141961.79,457108.51,1952.24,1889.43,17.7,48.46,2.358,1924.0,2052.7,1862.49,1984.87,122.38,2.355,ok,"TVD converted from deviation survey; porosity from density-porosity equation (rho_ma=2.65, rho_fl=1.0)"
BLT-01,141961.81,457108.52,1952.32,1889.5,17.9,48.75,2.3546,1924.0,2052.7,1862.49,1984.87,122.38,2.355,ok,"TVD converted from deviation survey; porosity from density-porosity equation (rho_ma=2.65, rho_fl=1.0)"
BLT-01,141961.83,457108.54,1952.4,1889.57,18.11,49.31,2.3512,1924.0,2052.7,1862.49,1984.87,122.38,2.355,ok,"TVD converted from deviation survey; porosity from density-porosity equation (rho_ma=2.65, rho_fl=1.0)"
BLT-01,141961.85,457108.55,1952.47,1889.65,18.29,49.99,2.3483,1924.0,2052.7,1862.49,1984.87,122.38,2.355,ok,"TVD converted from deviation survey; porosity from density-porosity equation (rho_ma=2.65, rho_fl=1.0)"
BLT-01,141961.86,457108.57,1952.55,1889.72,18.37,50.33,2.3469,1924.0,2052.7,1862.49,1984.87,122.38,2.355,ok,"TVD converted from deviation survey; porosity from density-porosity equation (rho_ma=2.65, rho_fl=1.0)"
BLT-01,141961.88,457108.58,1952.62,1889.79,18.4,49.85,2.3465,1924.0,2052.7,1862.49,1984.87,122.38,2.355,ok,"TVD converted from deviation survey; porosity from density-porosity equation (rho_ma=2.65, rho_fl=1.0)"
BLT-01,141961.9,457108.6,1952.7,1889.86,18.46,48.94,2.3455,1924.0,2052.7,1862.49,1984.87,122.38,2.355,ok,"TVD converted from deviation survey; porosity from density-porosity equation (rho_ma=2.65, rho_fl=1.0)"
BLT-01,141961.92,457108.61,1952.78,1889.94,18.55,47.9,2.3438,1924.0,2052.7,1862.49,1984.87,122.38,2.355,ok,"TVD converted from deviation survey; porosity from density-porosity equation (rho_ma=2.65, rho_fl=1.0)"
BLT-01,141961.93,457108.63,1952.85,1890.01,18.67,47.14,2.3419,1924.0,2052.7,1862.49,1984.87,122.38,2.355,ok,"TVD converted from deviation survey; porosity from density-porosity equation (rho_ma=2.65, rho_fl=1.0)"
BLT-01,141961.95,457108.64,1952.93,1890.08,18.77,47.18,2.3404,1924.0,2052.7,1862.49,1984.87,122.38,2.355,ok,"TVD converted from deviation survey; porosity from density-porosity equation (rho_ma=2.65, rho_fl=1.0)"
BLT-01,141961.97,457108.66,1953.01,1890.15,18.81,47.48,2.3396,1924.0,2052.7,1862.49,1984.87,122.38,2.355,ok,"TVD converted from deviation survey; porosity from density-porosity equation (rho_ma=2.65, rho_fl=1.0)"
BLT-01,141961.99,457108.67,1953.08,1890.23,18.81,47.99,2.3397,1924.0,2052.7,1862.49,1984.87,122.38,2.355,ok,"TVD converted from deviation survey; porosity from density-porosity equation (rho_ma=2.65, rho_fl=1.0)"
BLT-01,141962.0,457108.69,1953.16,1890.3,18.76,48.64,2.3405,1924.0,2052.7,1862.49,1984.87,122.38,2.355,ok,"TVD converted from deviation survey; porosity from density-porosity equation (rho_ma=2.65, rho_fl=1.0)"
BLT-01,141962.02,457108.7,1953.23,1890.37,18.65,49.09,2.3423,1924.0,2052.7,1862.49,1984.87,122.38,2.355,ok,"TVD converted from deviation survey; porosity from density-porosity equation (rho_ma=2.65, rho_fl=1.0)"
BLT-01,141962.04,457108.72,1953.31,1890.44,18.57,49.07,2.3436,1924.0,2052.7,1862.49,1984.87,122.38,2.356,ok,"TVD converted from deviation survey; porosity from density-porosity equation (rho_ma=2.65, rho_fl=1.0)"
BLT-01,141962.06,457108.74,1953.39,1890.52,18.55,48.56,2.3439,1924.0,2052.7,1862.49,1984.87,122.38,2.356,ok,"TVD converted from deviation survey; porosity from density-porosity equation (rho_ma=2.65, rho_fl=1.0)"
BLT-01,141962.07,457108.75,1953.46,1890.59,18.6,47.63,2.3431,1924.0,2052.7,1862.49,1984.87,122.38,2.356,ok,"TVD converted from deviation survey; porosity from density-porosity equation (rho_ma=2.65, rho_fl=1.0)"
BLT-01,141962.09,457108.77,1953.54,1890.66,18.74,46.99,2.3408,1924.0,2052.7,1862.49,1984.87,122.38,2.356,ok,"TVD converted from deviation survey; porosity from density-porosity equation (rho_ma=2.65, rho_fl=1.0)"
BLT-01,141962.11,457108.78,1953.62,1890.73,18.91,46.81,2.3379,1924.0,2052.7,1862.49,1984.87,122.38,2.356,ok,"TVD converted from deviation survey; porosity from density-porosity equation (rho_ma=2.65, rho_fl=1.0)"
BLT-01,141962.13,457108.8,1953.69,1890.81,19.04,46.64,2.3358,1924.0,2052.7,1862.49,1984.87,122.38,2.356,ok,"TVD converted from deviation survey; porosity from density-porosity equation (rho_ma=2.65, rho_fl=1.0)"
BLT-01,141962.14,457108.81,1953.77,1890.88,19.06,46.3,2.3355,1924.0,2052.7,1862.49,1984.87,122.38,2.356,ok,"TVD converted from deviation survey; porosity from density-porosity equation (rho_ma=2.65, rho_fl=1.0)"
BLT-01,141962.16,457108.83,1953.84,1890.95,18.89,45.75,2.3383,1924.0,2052.7,1862.49,1984.87,122.38,2.356,ok,"TVD converted from deviation survey; porosity from density-porosity equation (rho_ma=2.65, rho_fl=1.0)"
BLT-01,141962.18,457108.84,1953.92,1891.02,18.46,45.31,2.3455,1924.0,2052.7,1862.49,1984.87,122.38,2.356,ok,"TVD converted from deviation survey; porosity from density-porosity equation (rho_ma=2.65, rho_fl=1.0)"
BLT-01,141962.2,457108.86,1954.0,1891.1,17.64,45.17,2.3589,1924.0,2052.7,1862.49,1984.87,122.38,2.356,ok,"TVD converted from deviation survey; porosity from density-porosity equation (rho_ma=2.65, rho_fl=1.0)"
BLT-01,141962.22,457108.87,1954.07,1891.17,16.56,45.36,2.3768,1924.0,2052.7,1862.49,1984.87,122.38,2.356,ok,"TVD converted from deviation survey; porosity from density-porosity equation (rho_ma=2.65, rho_fl=1.0)"
BLT-01,141962.23,457108.89,1954.15,1891.24,15.57,45.83,2.3931,1924.0,2052.7,1862.49,1984.87,122.38,2.356,ok,"TVD converted from deviation survey; porosity from density-porosity equation (rho_ma=2.65, rho_fl=1.0)"
BLT-01,141962.25,457108.9,1954.23,1891.31,15.13,46.32,2.4004,1924.0,2052.7,1862.49,1984.87,122.38,2.356,ok,"TVD converted from deviation survey; porosity from density-porosity equation (rho_ma=2.65, rho_fl=1.0)"
BLT-01,141962.27,457108.92,1954.3,1891.39,14.97,46.85,2.403,1924.0,2052.7,1862.49,1984.87,122.38,2.356,ok,"TVD converted from deviation survey; porosity from density-porosity equation (rho_ma=2.65, rho_fl=1.0)"
BLT-01,141962.29,457108.93,1954.38,1891.46,14.99,47.34,2.4027,1924.0,2052.7,1862.49,1984.87,122.38,2.356,ok,"TVD converted from deviation survey; porosity from density-porosity equation (rho_ma=2.65, rho_fl=1.0)"
BLT-01,141962.3,457108.95,1954.45,1891.53,15.05,47.61,2.4017,1924.0,2052.7,1862.49,1984.87,122.38,2.356,ok,"TVD converted from deviation survey; porosity from density-porosity equation (rho_ma=2.65, rho_fl=1.0)"
BLT-01,141962.32,457108.96,1954.53,1891.6,14.96,47.82,2.4032,1924.0,2052.7,1862.49,1984.87,122.38,2.356,ok,"TVD converted from deviation survey; porosity from density-porosity equation (rho_ma=2.65, rho_fl=1.0)"
BLT-01,141962.34,457108.98,1954.61,1891.68,14.79,48.08,2.406,1924.0,2052.7,1862.49,1984.87,122.38,2.356,ok,"TVD converted from deviation survey; porosity from density-porosity equation (rho_ma=2.65, rho_fl=1.0)"
BLT-01,141962.36,457108.99,1954.68,1891.75,14.57,48.27,2.4096,1924.0,2052.7,1862.49,1984.87,122.38,2.356,ok,"TVD converted from deviation survey; porosity from density-porosity equation (rho_ma=2.65, rho_fl=1.0)"
BLT-01,141962.37,457109.01,1954.76,1891.82,14.35,48.26,2.4133,1924.0,2052.7,1862.49,1984.87,122.38,2.356,ok,"TVD converted from deviation survey; porosity from density-porosity equation (rho_ma=2.65, rho_fl=1.0)"
BLT-01,141962.39,457109.02,1954.83,1891.89,14.22,47.83,2.4154,1924.0,2052.7,1862.49,1984.87,122.38,2.356,ok,"TVD converted from deviation survey; porosity from density-porosity equation (rho_ma=2.65, rho_fl=1.0)"
BLT-01,141962.41,457109.04,1954.91,1891.97,14.09,47.38,2.4174,1924.0,2052.7,1862.49,1984.87,122.38,2.356,ok,"TVD converted from deviation survey; porosity from density-porosity equation (rho_ma=2.65, rho_fl=1.0)"
BLT-01,141962.43,457109.05,1954.99,1892.04,13.85,47.02,2.4215,1924.0,2052.7,1862.49,1984.87,122.38,2.356,ok,"TVD converted from deviation survey; porosity from density-porosity equation (rho_ma=2.65, rho_fl=1.0)"
BLT-01,141962.44,457109.07,1955.06,1892.11,13.43,46.83,2.4284,1924.0,2052.7,1862.49,1984.87,122.38,2.356,ok,"TVD converted from deviation survey; porosity from density-porosity equation (rho_ma=2.65, rho_fl=1.0)"
BLT-01,141962.46,457109.08,1955.14,1892.18,13.05,46.92,2.4346,1924.0,2052.7,1862.49,1984.87,122.38,2.356,ok,"TVD converted from deviation survey; porosity from density-porosity equation (rho_ma=2.65, rho_fl=1.0)"
BLT-01,141962.48,457109.1,1955.22,1892.26,12.97,47.08,2.4359,1924.0,2052.7,1862.49,1984.87,122.38,2.356,ok,"TVD converted from deviation survey; porosity from density-porosity equation (rho_ma=2.65, rho_fl=1.0)"
BLT-01,141962.5,457109.12,1955.29,1892.33,13.27,47.44,2.4311,1924.0,2052.7,1862.49,1984.87,122.38,2.356,ok,"TVD converted from deviation survey; porosity from density-porosity equation (rho_ma=2.65, rho_fl=1.0)"
BLT-01,141962.52,457109.13,1955.37,1892.4,13.9,48.01,2.4207,1924.0,2052.7,1862.49,1984.87,122.38,2.356,ok,"TVD converted from deviation survey; porosity from density-porosity equation (rho_ma=2.65, rho_fl=1.0)"
BLT-01,141962.53,457109.15,1955.44,1892.47,14.55,48.6,2.4099,1924.0,2052.7,1862.49,1984.87,122.38,2.356,ok,"TVD converted from deviation survey; porosity from density-porosity equation (rho_ma=2.65, rho_fl=1.0)"
BLT-01,141962.55,457109.16,1955.52,1892.55,14.84,48.83,2.4051,1924.0,2052.7,1862.49,1984.87,122.38,2.356,ok,"TVD converted from deviation survey; porosity from density-porosity equation (rho_ma=2.65, rho_fl=1.0)"
BLT-01,141962.57,457109.18,1955.6,1892.62,14.86,49.09,2.4049,1924.0,2052.7,1862.49,1984.87,122.38,2.356,ok,"TVD converted from deviation survey; porosity from density-porosity equation (rho_ma=2.65, rho_fl=1.0)"
BLT-01,141962.59,457109.19,1955.67,1892.69,14.67,49.41,2.4079,1924.0,2052.7,1862.49,1984.87,122.38,2.356,ok,"TVD converted from deviation survey; porosity from density-porosity equation (rho_ma=2.65, rho_fl=1.0)"
BLT-01,141962.6,457109.21,1955.75,1892.77,14.49,49.7,2.411,1924.0,2052.7,1862.49,1984.87,122.38,2.356,ok,"TVD converted from deviation survey; porosity from density-porosity equation (rho_ma=2.65, rho_fl=1.0)"
BLT-01,141962.62,457109.22,1955.83,1892.84,14.52,49.89,2.4105,1924.0,2052.7,1862.49,1984.87,122.38,2.356,ok,"TVD converted from deviation survey; porosity from density-porosity equation (rho_ma=2.65, rho_fl=1.0)"
BLT-01,141962.64,457109.24,1955.9,1892.91,14.63,49.95,2.4086,1924.0,2052.7,1862.49,1984.87,122.38,2.356,ok,"TVD converted from deviation survey; porosity from density-porosity equation (rho_ma=2.65, rho_fl=1.0)"
BLT-01,141962.66,457109.25,1955.98,1892.98,14.77,49.96,2.4062,1924.0,2052.7,1862.49,1984.87,122.38,2.356,ok,"TVD converted from deviation survey; porosity from density-porosity equation (rho_ma=2.65, rho_fl=1.0)"
BLT-01,141962.67,457109.27,1956.05,1893.06,14.89,50.08,2.4043,1924.0,2052.7,1862.49,1984.87,122.38,2.356,ok,"TVD converted from deviation survey; porosity from density-porosity equation (rho_ma=2.65, rho_fl=1.0)"
BLT-01,141962.69,457109.28,1956.13,1893.13,14.74,50.15,2.4069,1924.0,2052.7,1862.49,1984.87,122.38,2.356,ok,"TVD converted from deviation survey; porosity from density-porosity equation (rho_ma=2.65, rho_fl=1.0)"
BLT-01,141962.71,457109.3,1956.21,1893.2,14.41,50.03,2.4122,1924.0,2052.7,1862.49,1984.87,122.38,2.356,ok,"TVD converted from deviation survey; porosity from density-porosity equation (rho_ma=2.65, rho_fl=1.0)"
BLT-01,141962.73,457109.31,1956.28,1893.27,13.88,49.82,2.421,1924.0,2052.7,1862.49,1984.87,122.38,2.356,ok,"TVD converted from deviation survey; porosity from density-porosity equation (rho_ma=2.65, rho_fl=1.0)"
BLT-01,141962.74,457109.33,1956.36,1893.35,13.11,49.64,2.4337,1924.0,2052.7,1862.49,1984.87,122.38,2.356,ok,"TVD converted from deviation survey; porosity from density-porosity equation (rho_ma=2.65, rho_fl=1.0)"
BLT-01,141962.76,457109.34,1956.43,1893.42,12.59,49.77,2.4423,1924.0,2052.7,1862.49,1984.87,122.38,2.356,ok,"TVD converted from deviation survey; porosity from density-porosity equation (rho_ma=2.65, rho_fl=1.0)"
BLT-01,141962.78,457109.36,1956.51,1893.49,12.43,49.97,2.4449,1924.0,2052.7,1862.49,1984.87,122.38,2.356,ok,"TVD converted from deviation survey; porosity from density-porosity equation (rho_ma=2.65, rho_fl=1.0)"
BLT-01,141962.8,457109.37,1956.59,1893.56,12.54,49.96,2.4432,1924.0,2052.7,1862.49,1984.87,122.38,2.356,ok,"TVD converted from deviation survey; porosity from density-porosity equation (rho_ma=2.65, rho_fl=1.0)"
BLT-01,141962.82,457109.39,1956.66,1893.64,12.82,49.58,2.4385,1924.0,2052.7,1862.49,1984.87,122.38,2.356,ok,"TVD converted from deviation survey; porosity from density-porosity equation (rho_ma=2.65, rho_fl=1.0)"
BLT-01,141962.83,457109.4,1956.74,1893.71,13.02,48.96,2.4352,1924.0,2052.7,1862.49,1984.87,122.38,2.356,ok,"TVD converted from deviation survey; porosity from density-porosity equation (rho_ma=2.65, rho_fl=1.0)"
BLT-01,141962.85,457109.42,1956.82,1893.78,13.05,48.38,2.4347,1924.0,2052.7,1862.49,1984.87,122.38,2.356,ok,"TVD converted from deviation survey; porosity from density-porosity equation (rho_ma=2.65, rho_fl=1.0)"
BLT-01,141962.87,457109.43,1956.89,1893.85,13.11,48.0,2.4336,1924.0,2052.7,1862.49,1984.87,122.38,2.356,ok,"TVD converted from deviation survey; porosity from density-porosity equation (rho_ma=2.65, rho_fl=1.0)"
BLT-01,141962.89,457109.45,1956.97,1893.93,13.3,47.9,2.4306,1924.0,2052.7,1862.49,1984.87,122.38,2.356,ok,"TVD converted from deviation survey; porosity from density-porosity equation (rho_ma=2.65, rho_fl=1.0)"
BLT-01,141962.9,457109.46,1957.04,1894.0,13.65,48.17,2.4248,1924.0,2052.7,1862.49,1984.87,122.38,2.357,ok,"TVD converted from deviation survey; porosity from density-porosity equation (rho_ma=2.65, rho_fl=1.0)"
BLT-01,141962.92,457109.48,1957.12,1894.07,14.05,48.69,2.4182,1924.0,2052.7,1862.49,1984.87,122.38,2.357,ok,"TVD converted from deviation survey; porosity from density-porosity equation (rho_ma=2.65, rho_fl=1.0)"
BLT-01,141962.94,457109.5,1957.2,1894.14,14.45,49.26,2.4115,1924.0,2052.7,1862.49,1984.87,122.38,2.357,ok,"TVD converted from deviation survey; porosity from density-porosity equation (rho_ma=2.65, rho_fl=1.0)"
BLT-01,141962.96,457109.51,1957.27,1894.22,14.82,49.79,2.4055,1924.0,2052.7,1862.49,1984.87,122.38,2.357,ok,"TVD converted from deviation survey; porosity from density-porosity equation (rho_ma=2.65, rho_fl=1.0)"
BLT-01,141962.97,457109.53,1957.35,1894.29,15.01,50.14,2.4023,1924.0,2052.7,1862.49,1984.87,122.38,2.357,ok,"TVD converted from deviation survey; porosity from density-porosity equation (rho_ma=2.65, rho_fl=1.0)"
BLT-01,141962.99,457109.54,1957.43,1894.36,15.05,50.11,2.4016,1924.0,2052.7,1862.49,1984.87,122.38,2.357,ok,"TVD converted from deviation survey; porosity from density-porosity equation (rho_ma=2.65, rho_fl=1.0)"
BLT-01,141963.01,457109.56,1957.5,1894.43,15.07,49.97,2.4014,1924.0,2052.7,1862.49,1984.87,122.38,2.357,ok,"TVD converted from deviation survey; porosity from density-porosity equation (rho_ma=2.65, rho_fl=1.0)"
BLT-01,141963.03,457109.57,1957.58,1894.51,15.05,49.59,2.4016,1924.0,2052.7,1862.49,1984.87,122.38,2.357,ok,"TVD converted from deviation survey; porosity from density-porosity equation (rho_ma=2.65, rho_fl=1.0)"
BLT-01,141963.04,457109.59,1957.65,1894.58,14.99,48.77,2.4027,1924.0,2052.7,1862.49,1984.87,122.38,2.357,ok,"TVD converted from deviation survey; porosity from density-porosity equation (rho_ma=2.65, rho_fl=1.0)"
BLT-01,141963.06,457109.6,1957.73,1894.65,14.82,48.03,2.4055,1924.0,2052.7,1862.49,1984.87,122.38,2.357,ok,"TVD converted from deviation survey; porosity from density-porosity equation (rho_ma=2.65, rho_fl=1.0)"
BLT-01,141963.08,457109.62,1957.81,1894.72,14.61,47.51,2.4089,1924.0,2052.7,1862.49,1984.87,122.38,2.357,ok,"TVD converted from deviation survey; porosity from density-porosity equation (rho_ma=2.65, rho_fl=1.0)"
BLT-01,141963.1,457109.63,1957.88,1894.8,14.36,47.16,2.413,1924.0,2052.7,1862.49,1984.87,122.38,2.357,ok,"TVD converted from deviation survey; porosity from density-porosity equation (rho_ma=2.65, rho_fl=1.0)"
BLT-01,141963.12,457109.65,1957.96,1894.87,14.09,46.95,2.4175,1924.0,2052.7,1862.49,1984.87,122.38,2.357,ok,"TVD converted from deviation survey; porosity from density-porosity equation (rho_ma=2.65, rho_fl=1.0)"
BLT-01,141963.13,457109.66,1958.04,1894.94,14.01,47.14,2.4188,1924.0,2052.7,1862.49,1984.87,122.38,2.357,ok,"TVD converted from deviation survey; porosity from density-porosity equation (rho_ma=2.65, rho_fl=1.0)"
BLT-01,141963.15,457109.68,1958.11,1895.01,14.12,47.72,2.417,1924.0,2052.7,1862.49,1984.87,122.38,2.357,ok,"TVD converted from deviation survey; porosity from density-porosity equation (rho_ma=2.65, rho_fl=1.0)"
BLT-01,141963.17,457109.69,1958.19,1895.09,14.38,48.67,2.4127,1924.0,2052.7,1862.49,1984.87,122.38,2.357,ok,"TVD converted from deviation survey; porosity from density-porosity equation (rho_ma=2.65, rho_fl=1.0)"
BLT-01,141963.19,457109.71,1958.26,1895.16,14.74,49.89,2.4068,1924.0,2052.7,1862.49,1984.87,122.38,2.357,ok,"TVD converted from deviation survey; porosity from density-porosity equation (rho_ma=2.65, rho_fl=1.0)"
BLT-01,141963.2,457109.72,1958.34,1895.23,14.99,50.6,2.4026,1924.0,2052.7,1862.49,1984.87,122.38,2.357,ok,"TVD converted from deviation survey; porosity from density-porosity equation (rho_ma=2.65, rho_fl=1.0)"
BLT-01,141963.22,457109.74,1958.42,1895.3,15.08,50.34,2.4012,1924.0,2052.7,1862.49,1984.87,122.38,2.357,ok,"TVD converted from deviation survey; porosity from density-porosity equation (rho_ma=2.65, rho_fl=1.0)"
BLT-01,141963.24,457109.75,1958.49,1895.38,15.13,49.34,2.4003,1924.0,2052.7,1862.49,1984.87,122.38,2.357,ok,"TVD converted from deviation survey; porosity from density-porosity equation (rho_ma=2.65, rho_fl=1.0)"
BLT-01,141963.26,457109.77,1958.57,1895.45,15.22,47.9,2.3989,1924.0,2052.7,1862.49,1984.87,122.38,2.357,ok,"TVD converted from deviation survey; porosity from density-porosity equation (rho_ma=2.65, rho_fl=1.0)"
BLT-01,141963.27,457109.78,1958.64,1895.52,15.33,46.82,2.397,1924.0,2052.7,1862.49,1984.87,122.38,2.357,ok,"TVD converted from deviation survey; porosity from density-porosity equation (rho_ma=2.65, rho_fl=1.0)"
BLT-01,141963.29,457109.8,1958.72,1895.59,15.43,46.35,2.3954,1924.0,2052.7,1862.49,1984.87,122.38,2.357,ok,"TVD converted from deviation survey; porosity from density-porosity equation (rho_ma=2.65, rho_fl=1.0)"
BLT-01,141963.31,457109.81,1958.8,1895.67,15.47,45.91,2.3948,1924.0,2052.7,1862.49,1984.87,122.38,2.357,ok,"TVD converted from deviation survey; porosity from density-porosity equation (rho_ma=2.65, rho_fl=1.0)"
BLT-01,141963.33,457109.83,1958.87,1895.74,15.45,45.36,2.395,1924.0,2052.7,1862.49,1984.87,122.38,2.357,ok,"TVD converted from deviation survey; porosity from density-porosity equation (rho_ma=2.65, rho_fl=1.0)"
BLT-01,141963.34,457109.84,1958.95,1895.81,15.41,44.68,2.3957,1924.0,2052.7,1862.49,1984.87,122.38,2.357,ok,"TVD converted from deviation survey; porosity from density-porosity equation (rho_ma=2.65, rho_fl=1.0)"
BLT-01,141963.36,457109.86,1959.03,1895.89,15.36,44.34,2.3966,1924.0,2052.7,1862.49,1984.87,122.38,2.357,ok,"TVD converted from deviation survey; porosity from density-porosity equation (rho_ma=2.65, rho_fl=1.0)"
BLT-01,141963.38,457109.88,1959.1,1895.96,15.27,44.01,2.398,1924.0,2052.7,1862.49,1984.87,122.38,2.357,ok,"TVD converted from deviation survey; porosity from density-porosity equation (rho_ma=2.65, rho_fl=1.0)"
BLT-01,141963.4,457109.89,1959.18,1896.03,15.16,43.66,2.3998,1924.0,2052.7,1862.49,1984.87,122.38,2.357,ok,"TVD converted from deviation survey; porosity from density-porosity equation (rho_ma=2.65, rho_fl=1.0)"
BLT-01,141963.42,457109.91,1959.25,1896.1,15.05,43.32,2.4017,1924.0,2052.7,1862.49,1984.87,122.38,2.357,ok,"TVD converted from deviation survey; porosity from density-porosity equation (rho_ma=2.65, rho_fl=1.0)"
BLT-01,141963.43,457109.92,1959.33,1896.18,15.02,43.07,2.4021,1924.0,2052.7,1862.49,1984.87,122.38,2.357,ok,"TVD converted from deviation survey; porosity from density-porosity equation (rho_ma=2.65, rho_fl=1.0)"
BLT-01,141963.45,457109.94,1959.41,1896.25,15.16,43.19,2.3999,1924.0,2052.7,1862.49,1984.87,122.38,2.357,ok,"TVD converted from deviation survey; porosity from density-porosity equation (rho_ma=2.65, rho_fl=1.0)"
BLT-01,141963.47,457109.95,1959.48,1896.32,15.39,43.68,2.3961,1924.0,2052.7,1862.49,1984.87,122.38,2.357,ok,"TVD converted from deviation survey; porosity from density-porosity equation (rho_ma=2.65, rho_fl=1.0)"
BLT-01,141963.49,457109.97,1959.56,1896.39,15.64,44.51,2.392,1924.0,2052.7,1862.49,1984.87,122.38,2.357,ok,"TVD converted from deviation survey; porosity from density-porosity equation (rho_ma=2.65, rho_fl=1.0)"
BLT-01,141963.5,457109.98,1959.64,1896.47,15.75,45.33,2.3902,1924.0,2052.7,1862.49,1984.87,122.38,2.357,ok,"TVD converted from deviation survey; porosity from density-porosity equation (rho_ma=2.65, rho_fl=1.0)"
BLT-01,141963.52,457110.0,1959.71,1896.54,15.65,46.16,2.3918,1924.0,2052.7,1862.49,1984.87,122.38,2.357,ok,"TVD converted from deviation survey; porosity from density-porosity equation (rho_ma=2.65, rho_fl=1.0)"
BLT-01,141963.54,457110.01,1959.79,1896.61,15.45,46.81,2.3951,1924.0,2052.7,1862.49,1984.87,122.38,2.357,ok,"TVD converted from deviation survey; porosity from density-porosity equation (rho_ma=2.65, rho_fl=1.0)"
BLT-01,141963.56,457110.03,1959.86,1896.68,15.22,47.14,2.3988,1924.0,2052.7,1862.49,1984.87,122.38,2.357,ok,"TVD converted from deviation survey; porosity from density-porosity equation (rho_ma=2.65, rho_fl=1.0)"
BLT-01,141963.57,457110.04,1959.94,1896.76,15.1,47.01,2.4009,1924.0,2052.7,1862.49,1984.87,122.38,2.357,ok,"TVD converted from deviation survey; porosity from density-porosity equation (rho_ma=2.65, rho_fl=1.0)"
BLT-01,141963.59,457110.06,1960.02,1896.83,15.02,46.79,2.4022,1924.0,2052.7,1862.49,1984.87,122.38,2.357,ok,"TVD converted from deviation survey; porosity from density-porosity equation (rho_ma=2.65, rho_fl=1.0)"
BLT-01,141963.61,457110.07,1960.09,1896.9,14.94,46.57,2.4034,1924.0,2052.7,1862.49,1984.87,122.38,2.357,ok,"TVD converted from deviation survey; porosity from density-porosity equation (rho_ma=2.65, rho_fl=1.0)"
BLT-01,141963.63,457110.09,1960.17,1896.97,14.88,46.38,2.4045,1924.0,2052.7,1862.49,1984.87,122.38,2.357,ok,"TVD converted from deviation survey; porosity from density-porosity equation (rho_ma=2.65, rho_fl=1.0)"
BLT-01,141963.64,457110.1,1960.24,1897.05,14.85,46.14,2.4049,1924.0,2052.7,1862.49,1984.87,122.38,2.357,ok,"TVD converted from deviation survey; porosity from density-porosity equation (rho_ma=2.65, rho_fl=1.0)"
BLT-01,141963.66,457110.12,1960.32,1897.12,15.09,45.43,2.401,1924.0,2052.7,1862.49,1984.87,122.38,2.357,ok,"TVD converted from deviation survey; porosity from density-porosity equation (rho_ma=2.65, rho_fl=1.0)"
BLT-01,141963.68,457110.13,1960.4,1897.19,15.43,44.76,2.3955,1924.0,2052.7,1862.49,1984.87,122.38,2.357,ok,"TVD converted from deviation survey; porosity from density-porosity equation (rho_ma=2.65, rho_fl=1.0)"
BLT-01,141963.7,457110.15,1960.47,1897.26,15.76,44.37,2.3899,1924.0,2052.7,1862.49,1984.87,122.38,2.357,ok,"TVD converted from deviation survey; porosity from density-porosity equation (rho_ma=2.65, rho_fl=1.0)"
BLT-01,141963.72,457110.16,1960.55,1897.34,15.95,44.55,2.3868,1924.0,2052.7,1862.49,1984.87,122.38,2.357,ok,"TVD converted from deviation survey; porosity from density-porosity equation (rho_ma=2.65, rho_fl=1.0)"
BLT-01,141963.73,457110.18,1960.63,1897.41,15.67,45.63,2.3915,1924.0,2052.7,1862.49,1984.87,122.38,2.357,ok,"TVD converted from deviation survey; porosity from density-porosity equation (rho_ma=2.65, rho_fl=1.0)"
BLT-01,141963.75,457110.19,1960.7,1897.48,15.21,46.59,2.399,1924.0,2052.7,1862.49,1984.87,122.38,2.357,ok,"TVD converted from deviation survey; porosity from density-porosity equation (rho_ma=2.65, rho_fl=1.0)"
BLT-01,141963.77,457110.21,1960.78,1897.55,14.71,47.16,2.4072,1924.0,2052.7,1862.49,1984.87,122.38,2.358,ok,"TVD converted from deviation survey; porosity from density-porosity equation (rho_ma=2.65, rho_fl=1.0)"
BLT-01,141963.79,457110.22,1960.85,1897.63,14.33,47.09,2.4136,1924.0,2052.7,1862.49,1984.87,122.38,2.358,ok,"TVD converted from deviation survey; porosity from density-porosity equation (rho_ma=2.65, rho_fl=1.0)"
BLT-01,141963.8,457110.24,1960.93,1897.7,14.18,46.75,2.416,1924.0,2052.7,1862.49,1984.87,122.38,2.358,ok,"TVD converted from deviation survey; porosity from density-porosity equation (rho_ma=2.65, rho_fl=1.0)"
BLT-01,141963.82,457110.26,1961.01,1897.77,14.24,46.59,2.4151,1924.0,2052.7,1862.49,1984.87,122.38,2.358,ok,"TVD converted from deviation survey; porosity from density-porosity equation (rho_ma=2.65, rho_fl=1.0)"
BLT-01,141963.84,457110.27,1961.08,1897.84,14.43,46.69,2.4118,1924.0,2052.7,1862.49,1984.87,122.38,2.358,ok,"TVD converted from deviation survey; porosity from density-porosity equation (rho_ma=2.65, rho_fl=1.0)"
BLT-01,141963.86,457110.29,1961.16,1897.92,14.74,47.11,2.4068,1924.0,2052.7,1862.49,1984.87,122.38,2.358,ok,"TVD converted from deviation survey; porosity from density-porosity equation (rho_ma=2.65, rho_fl=1.0)"
BLT-01,141963.87,457110.3,1961.24,1897.99,15.36,47.61,2.3965,1924.0,2052.7,1862.49,1984.87,122.38,2.358,ok,"TVD converted from deviation survey; porosity from density-porosity equation (rho_ma=2.65, rho_fl=1.0)"
BLT-01,141963.89,457110.32,1961.31,1898.06,15.97,47.75,2.3865,1924.0,2052.7,1862.49,1984.87,122.38,2.358,ok,"TVD converted from deviation survey; porosity from density-porosity equation (rho_ma=2.65, rho_fl=1.0)"
BLT-01,141963.91,457110.33,1961.39,1898.13,16.48,47.57,2.3781,1924.0,2052.7,1862.49,1984.87,122.38,2.358,ok,"TVD converted from deviation survey; porosity from density-porosity equation (rho_ma=2.65, rho_fl=1.0)"
BLT-01,141963.93,457110.35,1961.46,1898.21,16.82,47.14,2.3725,1924.0,2052.7,1862.49,1984.87,122.38,2.358,ok,"TVD converted from deviation survey; porosity from density-porosity equation (rho_ma=2.65, rho_fl=1.0)"
BLT-01,141963.94,457110.36,1961.54,1898.28,16.98,46.78,2.3699,1924.0,2052.7,1862.49,1984.87,122.38,2.358,ok,"TVD converted from deviation survey; porosity from density-porosity equation (rho_ma=2.65, rho_fl=1.0)"
BLT-01,141963.96,457110.38,1961.62,1898.35,16.93,46.82,2.3707,1924.0,2052.7,1862.49,1984.87,122.38,2.358,ok,"TVD converted from deviation survey; porosity from density-porosity equation (rho_ma=2.65, rho_fl=1.0)"
BLT-01,141963.98,457110.39,1961.69,1898.42,16.78,47.07,2.3732,1924.0,2052.7,1862.49,1984.87,122.38,2.358,ok,"TVD converted from deviation survey; porosity from density-porosity equation (rho_ma=2.65, rho_fl=1.0)"
BLT-01,141964.0,457110.41,1961.77,1898.5,16.56,47.35,2.3767,1924.0,2052.7,1862.49,1984.87,122.38,2.358,ok,"TVD converted from deviation survey; porosity from density-porosity equation (rho_ma=2.65, rho_fl=1.0)"
BLT-01,141964.02,457110.42,1961.85,1898.57,16.28,47.3,2.3814,1924.0,2052.7,1862.49,1984.87,122.38,2.358,ok,"TVD converted from deviation survey; porosity from density-porosity equation (rho_ma=2.65, rho_fl=1.0)"
BLT-01,141964.03,457110.44,1961.92,1898.64,16.0,46.96,2.386,1924.0,2052.7,1862.49,1984.87,122.38,2.358,ok,"TVD converted from deviation survey; porosity from density-porosity equation (rho_ma=2.65, rho_fl=1.0)"
BLT-01,141964.05,457110.45,1962.0,1898.71,15.73,46.52,2.3904,1924.0,2052.7,1862.49,1984.87,122.38,2.358,ok,"TVD converted from deviation survey; porosity from density-porosity equation (rho_ma=2.65, rho_fl=1.0)"
BLT-01,141964.07,457110.47,1962.07,1898.79,15.45,45.94,2.3951,1924.0,2052.7,1862.49,1984.87,122.38,2.358,ok,"TVD converted from deviation survey; porosity from density-porosity equation (rho_ma=2.65, rho_fl=1.0)"
BLT-01,141964.09,457110.48,1962.15,1898.86,15.06,45.01,2.4015,1924.0,2052.7,1862.49,1984.87,122.38,2.358,ok,"TVD converted from deviation survey; porosity from density-porosity equation (rho_ma=2.65, rho_fl=1.0)"
BLT-01,141964.1,457110.5,1962.23,1898.93,14.81,44.22,2.4056,1924.0,2052.7,1862.49,1984.87,122.38,2.358,ok,"TVD converted from deviation survey; porosity from density-porosity equation (rho_ma=2.65, rho_fl=1.0)"
BLT-01,141964.12,457110.51,1962.3,1899.0,14.68,43.85,2.4078,1924.0,2052.7,1862.49,1984.87,122.38,2.358,ok,"TVD converted from deviation survey; porosity from density-porosity equation (rho_ma=2.65, rho_fl=1.0)"
BLT-01,141964.14,457110.53,1962.38,1899.08,14.59,43.98,2.4092,1924.0,2052.7,1862.49,1984.87,122.38,2.358,ok,"TVD converted from deviation survey; porosity from density-porosity equation (rho_ma=2.65, rho_fl=1.0)"
BLT-01,141964.16,457110.54,1962.45,1899.15,14.47,44.7,2.4113,1924.0,2052.7,1862.49,1984.87,122.38,2.358,ok,"TVD converted from deviation survey; porosity from density-porosity equation (rho_ma=2.65, rho_fl=1.0)"
BLT-01,141964.17,457110.56,1962.53,1899.22,14.22,45.33,2.4153,1924.0,2052.7,1862.49,1984.87,122.38,2.358,ok,"TVD converted from deviation survey; porosity from density-porosity equation (rho_ma=2.65, rho_fl=1.0)"
BLT-01,141964.19,457110.57,1962.61,1899.3,13.89,45.48,2.4209,1924.0,2052.7,1862.49,1984.87,122.38,2.358,ok,"TVD converted from deviation survey; porosity from density-porosity equation (rho_ma=2.65, rho_fl=1.0)"
BLT-01,141964.21,457110.59,1962.68,1899.37,13.36,45.29,2.4296,1924.0,2052.7,1862.49,1984.87,122.38,2.358,ok,"TVD converted from deviation survey; porosity from density-porosity equation (rho_ma=2.65, rho_fl=1.0)"
BLT-01,141964.23,457110.6,1962.76,1899.44,12.56,44.94,2.4427,1924.0,2052.7,1862.49,1984.87,122.38,2.358,ok,"TVD converted from deviation survey; porosity from density-porosity equation (rho_ma=2.65, rho_fl=1.0)"
BLT-01,141964.24,457110.62,1962.84,1899.51,11.89,45.0,2.4539,1924.0,2052.7,1862.49,1984.87,122.38,2.358,ok,"TVD converted from deviation survey; porosity from density-porosity equation (rho_ma=2.65, rho_fl=1.0)"
BLT-01,141964.26,457110.64,1962.91,1899.59,11.56,45.5,2.4592,1924.0,2052.7,1862.49,1984.87,122.38,2.358,ok,"TVD converted from deviation survey; porosity from density-porosity equation (rho_ma=2.65, rho_fl=1.0)"
BLT-01,141964.28,457110.65,1962.99,1899.66,11.45,46.25,2.461,1924.0,2052.7,1862.49,1984.87,122.38,2.358,ok,"TVD converted from deviation survey; porosity from density-porosity equation (rho_ma=2.65, rho_fl=1.0)"
BLT-01,141964.3,457110.67,1963.06,1899.73,11.45,47.05,2.4611,1924.0,2052.7,1862.49,1984.87,122.38,2.358,ok,"TVD converted from deviation survey; porosity from density-porosity equation (rho_ma=2.65, rho_fl=1.0)"
BLT-01,141964.31,457110.68,1963.14,1899.8,11.47,47.24,2.4607,1924.0,2052.7,1862.49,1984.87,122.38,2.358,ok,"TVD converted from deviation survey; porosity from density-porosity equation (rho_ma=2.65, rho_fl=1.0)"
BLT-01,141964.33,457110.7,1963.22,1899.88,11.44,47.04,2.4613,1924.0,2052.7,1862.49,1984.87,122.38,2.358,ok,"TVD converted from deviation survey; porosity from density-porosity equation (rho_ma=2.65, rho_fl=1.0)"
BLT-01,141964.35,457110.71,1963.29,1899.95,11.6,46.61,2.4586,1924.0,2052.7,1862.49,1984.87,122.38,2.358,ok,"TVD converted from deviation survey; porosity from density-porosity equation (rho_ma=2.65, rho_fl=1.0)"
BLT-01,141964.37,457110.73,1963.37,1900.02,12.06,46.12,2.451,1924.0,2052.7,1862.49,1984.87,122.38,2.358,ok,"TVD converted from deviation survey; porosity from density-porosity equation (rho_ma=2.65, rho_fl=1.0)"
BLT-01,141964.39,457110.74,1963.45,1900.09,12.84,45.96,2.4382,1924.0,2052.7,1862.49,1984.87,122.38,2.358,ok,"TVD converted from deviation survey; porosity from density-porosity equation (rho_ma=2.65, rho_fl=1.0)"
BLT-01,141964.4,457110.76,1963.52,1900.17,13.71,46.22,2.4239,1924.0,2052.7,1862.49,1984.87,122.38,2.358,ok,"TVD converted from deviation survey; porosity from density-porosity equation (rho_ma=2.65, rho_fl=1.0)"
BLT-01,141964.42,457110.77,1963.6,1900.24,14.6,46.64,2.4092,1924.0,2052.7,1862.49,1984.87,122.38,2.358,ok,"TVD converted from deviation survey; porosity from density-porosity equation (rho_ma=2.65, rho_fl=1.0)"
BLT-01,141964.44,457110.79,1963.67,1900.31,15.36,47.04,2.3965,1924.0,2052.7,1862.49,1984.87,122.38,2.358,ok,"TVD converted from deviation survey; porosity from density-porosity equation (rho_ma=2.65, rho_fl=1.0)"
BLT-01,141964.46,457110.8,1963.75,1900.38,15.7,47.09,2.391,1924.0,2052.7,1862.49,1984.87,122.38,2.358,ok,"TVD converted from deviation survey; porosity from density-porosity equation (rho_ma=2.65, rho_fl=1.0)"
BLT-01,141964.47,457110.82,1963.83,1900.46,15.56,46.64,2.3933,1924.0,2052.7,1862.49,1984.87,122.38,2.358,ok,"TVD converted from deviation survey; porosity from density-porosity equation (rho_ma=2.65, rho_fl=1.0)"
BLT-01,141964.49,457110.83,1963.9,1900.53,15.24,46.09,2.3985,1924.0,2052.7,1862.49,1984.87,122.38,2.358,ok,"TVD converted from deviation survey; porosity from density-porosity equation (rho_ma=2.65, rho_fl=1.0)"
BLT-01,141964.51,457110.85,1963.98,1900.6,14.85,45.61,2.405,1924.0,2052.7,1862.49,1984.87,122.38,2.358,ok,"TVD converted from deviation survey; porosity from density-porosity equation (rho_ma=2.65, rho_fl=1.0)"
BLT-01,141964.53,457110.86,1964.05,1900.67,14.46,45.43,2.4114,1924.0,2052.7,1862.49,1984.87,122.38,2.358,ok,"TVD converted from deviation survey; porosity from density-porosity equation (rho_ma=2.65, rho_fl=1.0)"
BLT-01,141964.54,457110.88,1964.13,1900.75,14.03,45.52,2.4184,1924.0,2052.7,1862.49,1984.87,122.38,2.358,ok,"TVD converted from deviation survey; porosity from density-porosity equation (rho_ma=2.65, rho_fl=1.0)"
BLT-01,141964.56,457110.89,1964.21,1900.82,13.54,45.84,2.4265,1924.0,2052.7,1862.49,1984.87,122.38,2.358,ok,"TVD converted from deviation survey; porosity from density-porosity equation (rho_ma=2.65, rho_fl=1.0)"
BLT-01,141964.58,457110.91,1964.28,1900.89,13.14,46.39,2.4331,1924.0,2052.7,1862.49,1984.87,122.38,2.358,ok,"TVD converted from deviation survey; porosity from density-porosity equation (rho_ma=2.65, rho_fl=1.0)"
BLT-01,141964.6,457110.92,1964.36,1900.96,13.01,47.15,2.4353,1924.0,2052.7,1862.49,1984.87,122.38,2.358,ok,"TVD converted from deviation survey; porosity from density-porosity equation (rho_ma=2.65, rho_fl=1.0)"
BLT-01,141964.61,457110.94,1964.44,1901.04,13.71,48.52,2.4238,1924.0,2052.7,1862.49,1984.87,122.38,2.358,ok,"TVD converted from deviation survey; porosity from density-porosity equation (rho_ma=2.65, rho_fl=1.0)"
BLT-01,141964.63,457110.95,1964.51,1901.11,14.35,49.77,2.4132,1924.0,2052.7,1862.49,1984.87,122.38,2.358,ok,"TVD converted from deviation survey; porosity from density-porosity equation (rho_ma=2.65, rho_fl=1.0)"
BLT-01,141964.65,457110.97,1964.59,1901.18,14.77,50.74,2.4063,1924.0,2052.7,1862.49,1984.87,122.38,2.359,ok,"TVD converted from deviation survey; porosity from density-porosity equation (rho_ma=2.65, rho_fl=1.0)"
BLT-01,141964.67,457110.98,1964.66,1901.25,14.83,51.41,2.4054,1924.0,2052.7,1862.49,1984.87,122.38,2.359,ok,"TVD converted from deviation survey; porosity from density-porosity equation (rho_ma=2.65, rho_fl=1.0)"
BLT-01,141964.69,457111.0,1964.74,1901.33,14.35,52.39,2.4133,1924.0,2052.7,1862.49,1984.87,122.38,2.359,ok,"TVD converted from deviation survey; porosity from density-porosity equation (rho_ma=2.65, rho_fl=1.0)"
BLT-01,141964.7,457111.02,1964.82,1901.4,13.79,53.08,2.4225,1924.0,2052.7,1862.49,1984.87,122.38,2.359,ok,"TVD converted from deviation survey; porosity from density-porosity equation (rho_ma=2.65, rho_fl=1.0)"
BLT-01,141964.72,457111.03,1964.89,1901.47,13.35,53.36,2.4298,1924.0,2052.7,1862.49,1984.87,122.38,2.359,ok,"TVD converted from deviation survey; porosity from density-porosity equation (rho_ma=2.65, rho_fl=1.0)"
BLT-01,141964.74,457111.05,1964.97,1901.54,13.09,53.18,2.4341,1924.0,2052.7,1862.49,1984.87,122.38,2.359,ok,"TVD converted from deviation survey; porosity from density-porosity equation (rho_ma=2.65, rho_fl=1.0)"
BLT-01,141964.76,457111.06,1965.05,1901.62,12.98,52.66,2.4359,1924.0,2052.7,1862.49,1984.87,122.38,2.359,ok,"TVD converted from deviation survey; porosity from density-porosity equation (rho_ma=2.65, rho_fl=1.0)"
BLT-01,141964.77,457111.08,1965.12,1901.69,13.02,51.65,2.4351,1924.0,2052.7,1862.49,1984.87,122.38,2.359,ok,"TVD converted from deviation survey; porosity from density-porosity equation (rho_ma=2.65, rho_fl=1.0)"
BLT-01,141964.79,457111.09,1965.2,1901.76,13.07,50.64,2.4343,1924.0,2052.7,1862.49,1984.87,122.38,2.359,ok,"TVD converted from deviation survey; porosity from density-porosity equation (rho_ma=2.65, rho_fl=1.0)"
BLT-01,141964.81,457111.11,1965.27,1901.83,13.07,49.74,2.4344,1924.0,2052.7,1862.49,1984.87,122.38,2.359,ok,"TVD converted from deviation survey; porosity from density-porosity equation (rho_ma=2.65, rho_fl=1.0)"
BLT-01,141964.83,457111.12,1965.35,1901.91,12.98,48.97,2.4359,1924.0,2052.7,1862.49,1984.87,122.38,2.359,ok,"TVD converted from deviation survey; porosity from density-porosity equation (rho_ma=2.65, rho_fl=1.0)"
BLT-01,141964.84,457111.14,1965.43,1901.98,12.83,48.27,2.4383,1924.0,2052.7,1862.49,1984.87,122.38,2.359,ok,"TVD converted from deviation survey; porosity from density-porosity equation (rho_ma=2.65, rho_fl=1.0)"
BLT-01,141964.86,457111.15,1965.5,1902.05,12.6,47.76,2.4421,1924.0,2052.7,1862.49,1984.87,122.38,2.359,ok,"TVD converted from deviation survey; porosity from density-porosity equation (rho_ma=2.65, rho_fl=1.0)"
BLT-01,141964.88,457111.17,1965.58,1902.12,12.32,47.56,2.4468,1924.0,2052.7,1862.49,1984.87,122.38,2.359,ok,"TVD converted from deviation survey; porosity from density-porosity equation (rho_ma=2.65, rho_fl=1.0)"
BLT-01,141964.9,457111.18,1965.66,1902.2,12.06,47.79,2.4511,1924.0,2052.7,1862.49,1984.87,122.38,2.359,ok,"TVD converted from deviation survey; porosity from density-porosity equation (rho_ma=2.65, rho_fl=1.0)"
BLT-01,141964.91,457111.2,1965.73,1902.27,11.97,48.08,2.4525,1924.0,2052.7,1862.49,1984.87,122.38,2.359,ok,"TVD converted from deviation survey; porosity from density-porosity equation (rho_ma=2.65, rho_fl=1.0)"
BLT-01,141964.93,457111.21,1965.81,1902.34,12.0,48.03,2.4521,1924.0,2052.7,1862.49,1984.87,122.38,2.359,ok,"TVD converted from deviation survey; porosity from density-porosity equation (rho_ma=2.65, rho_fl=1.0)"
BLT-01,141964.95,457111.23,1965.88,1902.42,12.3,47.53,2.4471,1924.0,2052.7,1862.49,1984.87,122.38,2.359,ok,"TVD converted from deviation survey; porosity from density-porosity equation (rho_ma=2.65, rho_fl=1.0)"
BLT-01,141964.97,457111.24,1965.96,1902.49,12.99,46.57,2.4356,1924.0,2052.7,1862.49,1984.87,122.38,2.359,ok,"TVD converted from deviation survey; porosity from density-porosity equation (rho_ma=2.65, rho_fl=1.0)"
BLT-01,141964.99,457111.26,1966.04,1902.56,13.85,46.1,2.4214,1924.0,2052.7,1862.49,1984.87,122.38,2.359,ok,"TVD converted from deviation survey; porosity from density-porosity equation (rho_ma=2.65, rho_fl=1.0)"
BLT-01,141965.0,457111.27,1966.11,1902.63,14.57,46.14,2.4096,1924.0,2052.7,1862.49,1984.87,122.38,2.359,ok,"TVD converted from deviation survey; porosity from density-porosity equation (rho_ma=2.65, rho_fl=1.0)"
BLT-01,141965.02,457111.29,1966.19,1902.71,15.21,46.31,2.3991,1924.0,2052.7,1862.49,1984.87,122.38,2.359,ok,"TVD converted from deviation survey; porosity from density-porosity equation (rho_ma=2.65, rho_fl=1.0)"
BLT-01,141965.04,457111.3,1966.26,1902.78,15.77,46.35,2.3898,1924.0,2052.7,1862.49,1984.87,122.38,2.359,ok,"TVD converted from deviation survey; porosity from density-porosity equation (rho_ma=2.65, rho_fl=1.0)"
BLT-01,141965.06,457111.32,1966.34,1902.85,16.02,46.15,2.3856,1924.0,2052.7,1862.49,1984.87,122.38,2.359,ok,"TVD converted from deviation survey; porosity from density-porosity equation (rho_ma=2.65, rho_fl=1.0)"
BLT-01,141965.07,457111.33,1966.42,1902.92,16.03,46.0,2.3855,1924.0,2052.7,1862.49,1984.87,122.38,2.359,ok,"TVD converted from deviation survey; porosity from density-porosity equation (rho_ma=2.65, rho_fl=1.0)"
BLT-01,141965.09,457111.35,1966.49,1903.0,15.92,45.96,2.3874,1924.0,2052.7,1862.49,1984.87,122.38,2.359,ok,"TVD converted from deviation survey; porosity from density-porosity equation (rho_ma=2.65, rho_fl=1.0)"
BLT-01,141965.11,457111.36,1966.57,1903.07,15.72,45.99,2.3906,1924.0,2052.7,1862.49,1984.87,122.38,2.359,ok,"TVD converted from deviation survey; porosity from density-porosity equation (rho_ma=2.65, rho_fl=1.0)"
BLT-01,141965.13,457111.38,1966.65,1903.14,15.45,45.9,2.3951,1924.0,2052.7,1862.49,1984.87,122.38,2.359,ok,"TVD converted from deviation survey; porosity from density-porosity equation (rho_ma=2.65, rho_fl=1.0)"
BLT-01,141965.14,457111.4,1966.72,1903.21,15.2,45.72,2.3992,1924.0,2052.7,1862.49,1984.87,122.38,2.359,ok,"TVD converted from deviation survey; porosity from density-porosity equation (rho_ma=2.65, rho_fl=1.0)"
BLT-01,141965.16,457111.41,1966.8,1903.29,14.97,45.62,2.403,1924.0,2052.7,1862.49,1984.87,122.38,2.359,ok,"TVD converted from deviation survey; porosity from density-porosity equation (rho_ma=2.65, rho_fl=1.0)"
BLT-01,141965.18,457111.43,1966.87,1903.36,14.73,45.72,2.4069,1924.0,2052.7,1862.49,1984.87,122.38,2.359,ok,"TVD converted from deviation survey; porosity from density-porosity equation (rho_ma=2.65, rho_fl=1.0)"
BLT-01,141965.2,457111.44,1966.95,1903.43,14.46,46.22,2.4114,1924.0,2052.7,1862.49,1984.87,122.38,2.359,ok,"TVD converted from deviation survey; porosity from density-porosity equation (rho_ma=2.65, rho_fl=1.0)"
BLT-01,141965.21,457111.46,1967.03,1903.5,13.93,46.96,2.4201,1924.0,2052.7,1862.49,1984.87,122.38,2.359,ok,"TVD converted from deviation survey; porosity from density-porosity equation (rho_ma=2.65, rho_fl=1.0)"
BLT-01,141965.23,457111.47,1967.1,1903.58,13.43,47.42,2.4284,1924.0,2052.7,1862.49,1984.87,122.38,2.359,ok,"TVD converted from deviation survey; porosity from density-porosity equation (rho_ma=2.65, rho_fl=1.0)"
BLT-01,141965.25,457111.49,1967.18,1903.65,13.03,47.5,2.435,1924.0,2052.7,1862.49,1984.87,122.38,2.359,ok,"TVD converted from deviation survey; porosity from density-porosity equation (rho_ma=2.65, rho_fl=1.0)"
BLT-01,141965.27,457111.5,1967.26,1903.72,12.8,47.13,2.4387,1924.0,2052.7,1862.49,1984.87,122.38,2.359,ok,"TVD converted from deviation survey; porosity from density-porosity equation (rho_ma=2.65, rho_fl=1.0)"
BLT-01,141965.29,457111.52,1967.33,1903.79,12.6,47.02,2.442,1924.0,2052.7,1862.49,1984.87,122.38,2.359,ok,"TVD converted from deviation survey; porosity from density-porosity equation (rho_ma=2.65, rho_fl=1.0)"
BLT-01,141965.3,457111.53,1967.41,1903.87,12.41,47.57,2.4452,1924.0,2052.7,1862.49,1984.87,122.38,2.359,ok,"TVD converted from deviation survey; porosity from density-porosity equation (rho_ma=2.65, rho_fl=1.0)"
BLT-01,141965.32,457111.55,1967.48,1903.94,12.27,48.37,2.4475,1924.0,2052.7,1862.49,1984.87,122.38,2.359,ok,"TVD converted from deviation survey; porosity from density-porosity equation (rho_ma=2.65, rho_fl=1.0)"
BLT-01,141965.34,457111.56,1967.56,1904.01,12.23,49.01,2.4482,1924.0,2052.7,1862.49,1984.87,122.38,2.359,ok,"TVD converted from deviation survey; porosity from density-porosity equation (rho_ma=2.65, rho_fl=1.0)"
BLT-01,141965.36,457111.58,1967.64,1904.08,12.47,48.71,2.4443,1924.0,2052.7,1862.49,1984.87,122.38,2.359,ok,"TVD converted from deviation survey; porosity from density-porosity equation (rho_ma=2.65, rho_fl=1.0)"
BLT-01,141965.37,457111.59,1967.71,1904.16,12.83,48.08,2.4383,1924.0,2052.7,1862.49,1984.87,122.38,2.359,ok,"TVD converted from deviation survey; porosity from density-porosity equation (rho_ma=2.65, rho_fl=1.0)"
BLT-01,141965.39,457111.61,1967.79,1904.23,13.34,47.2,2.43,1924.0,2052.7,1862.49,1984.87,122.38,2.359,ok,"TVD converted from deviation survey; porosity from density-porosity equation (rho_ma=2.65, rho_fl=1.0)"
BLT-01,141965.41,457111.62,1967.86,1904.3,13.93,46.22,2.4202,1924.0,2052.7,1862.49,1984.87,122.38,2.359,ok,"TVD converted from deviation survey; porosity from density-porosity equation (rho_ma=2.65, rho_fl=1.0)"
BLT-01,141965.43,457111.64,1967.94,1904.37,14.2,45.66,2.4156,1924.0,2052.7,1862.49,1984.87,122.38,2.359,ok,"TVD converted from deviation survey; porosity from density-porosity equation (rho_ma=2.65, rho_fl=1.0)"
BLT-01,141965.44,457111.65,1968.02,1904.45,14.08,45.77,2.4176,1924.0,2052.7,1862.49,1984.87,122.38,2.359,ok,"TVD converted from deviation survey; porosity from density-porosity equation (rho_ma=2.65, rho_fl=1.0)"
BLT-01,141965.46,457111.67,1968.09,1904.52,13.64,46.35,2.4249,1924.0,2052.7,1862.49,1984.87,122.38,2.359,ok,"TVD converted from deviation survey; porosity from density-porosity equation (rho_ma=2.65, rho_fl=1.0)"
BLT-01,141965.48,457111.68,1968.17,1904.59,12.98,47.21,2.4357,1924.0,2052.7,1862.49,1984.87,122.38,2.359,ok,"TVD converted from deviation survey; porosity from density-porosity equation (rho_ma=2.65, rho_fl=1.0)"
BLT-01,141965.5,457111.7,1968.25,1904.66,12.41,47.93,2.4452,1924.0,2052.7,1862.49,1984.87,122.38,2.359,ok,"TVD converted from deviation survey; porosity from density-porosity equation (rho_ma=2.65, rho_fl=1.0)"
BLT-01,141965.52,457111.71,1968.32,1904.74,12.14,48.33,2.4498,1924.0,2052.7,1862.49,1984.87,122.38,2.36,ok,"TVD converted from deviation survey; porosity from density-porosity equation (rho_ma=2.65, rho_fl=1.0)"
BLT-01,141965.53,457111.73,1968.4,1904.81,11.97,48.51,2.4524,1924.0,2052.7,1862.49,1984.87,122.38,2.36,ok,"TVD converted from deviation survey; porosity from density-porosity equation (rho_ma=2.65, rho_fl=1.0)"
BLT-01,141965.55,457111.75,1968.47,1904.88,11.9,48.45,2.4537,1924.0,2052.7,1862.49,1984.87,122.38,2.36,ok,"TVD converted from deviation survey; porosity from density-porosity equation (rho_ma=2.65, rho_fl=1.0)"
BLT-01,141965.57,457111.76,1968.55,1904.95,11.92,48.12,2.4534,1924.0,2052.7,1862.49,1984.87,122.38,2.36,ok,"TVD converted from deviation survey; porosity from density-porosity equation (rho_ma=2.65, rho_fl=1.0)"
BLT-01,141965.59,457111.78,1968.63,1905.03,11.95,48.1,2.4529,1924.0,2052.7,1862.49,1984.87,122.38,2.36,ok,"TVD converted from deviation survey; porosity from density-porosity equation (rho_ma=2.65, rho_fl=1.0)"
BLT-01,141965.6,457111.79,1968.7,1905.1,11.87,48.44,2.4541,1924.0,2052.7,1862.49,1984.87,122.38,2.36,ok,"TVD converted from deviation survey; porosity from density-porosity equation (rho_ma=2.65, rho_fl=1.0)"
BLT-01,141965.62,457111.81,1968.78,1905.17,11.7,49.1,2.4569,1924.0,2052.7,1862.49,1984.87,122.38,2.36,ok,"TVD converted from deviation survey; porosity from density-porosity equation (rho_ma=2.65, rho_fl=1.0)"
BLT-01,141965.64,457111.82,1968.86,1905.24,11.46,49.97,2.4609,1924.0,2052.7,1862.49,1984.87,122.38,2.36,ok,"TVD converted from deviation survey; porosity from density-porosity equation (rho_ma=2.65, rho_fl=1.0)"
BLT-01,141965.66,457111.84,1968.93,1905.32,11.26,50.78,2.4643,1924.0,2052.7,1862.49,1984.87,122.38,2.36,ok,"TVD converted from deviation survey; porosity from density-porosity equation (rho_ma=2.65, rho_fl=1.0)"
BLT-01,141965.68,457111.85,1969.01,1905.39,11.24,51.09,2.4645,1924.0,2052.7,1862.49,1984.87,122.38,2.36,ok,"TVD converted from deviation survey; porosity from density-porosity equation (rho_ma=2.65, rho_fl=1.0)"
BLT-01,141965.69,457111.87,1969.08,1905.46,11.4,51.07,2.4619,1924.0,2052.7,1862.49,1984.87,122.38,2.36,ok,"TVD converted from deviation survey; porosity from density-porosity equation (rho_ma=2.65, rho_fl=1.0)"
BLT-01,141965.71,457111.88,1969.16,1905.53,11.69,50.85,2.4571,1924.0,2052.7,1862.49,1984.87,122.38,2.36,ok,"TVD converted from deviation survey; porosity from density-porosity equation (rho_ma=2.65, rho_fl=1.0)"
BLT-01,141965.73,457111.9,1969.24,1905.61,11.91,50.73,2.4534,1924.0,2052.7,1862.49,1984.87,122.38,2.36,ok,"TVD converted from deviation survey; porosity from density-porosity equation (rho_ma=2.65, rho_fl=1.0)"
BLT-01,141965.75,457111.91,1969.31,1905.68,12.01,50.58,2.4519,1924.0,2052.7,1862.49,1984.87,122.38,2.36,ok,"TVD converted from deviation survey; porosity from density-porosity equation (rho_ma=2.65, rho_fl=1.0)"
BLT-01,141965.76,457111.93,1969.39,1905.75,11.96,50.35,2.4526,1924.0,2052.7,1862.49,1984.87,122.38,2.36,ok,"TVD converted from deviation survey; porosity from density-porosity equation (rho_ma=2.65, rho_fl=1.0)"
BLT-01,141965.78,457111.94,1969.47,1905.82,11.78,50.03,2.4556,1924.0,2052.7,1862.49,1984.87,122.38,2.36,ok,"TVD converted from deviation survey; porosity from density-porosity equation (rho_ma=2.65, rho_fl=1.0)"
BLT-01,141965.8,457111.96,1969.54,1905.9,11.51,49.6,2.4601,1924.0,2052.7,1862.49,1984.87,122.38,2.36,ok,"TVD converted from deviation survey; porosity from density-porosity equation (rho_ma=2.65, rho_fl=1.0)"
BLT-01,141965.82,457111.98,1969.62,1905.97,11.32,49.28,2.4633,1924.0,2052.7,1862.49,1984.87,122.38,2.36,ok,"TVD converted from deviation survey; porosity from density-porosity equation (rho_ma=2.65, rho_fl=1.0)"
BLT-01,141965.84,457111.99,1969.69,1906.04,11.26,49.39,2.4642,1924.0,2052.7,1862.49,1984.87,122.38,2.36,ok,"TVD converted from deviation survey; porosity from density-porosity equation (rho_ma=2.65, rho_fl=1.0)"
BLT-01,141965.85,457112.01,1969.77,1906.11,11.38,49.94,2.4623,1924.0,2052.7,1862.49,1984.87,122.38,2.36,ok,"TVD converted from deviation survey; porosity from density-porosity equation (rho_ma=2.65, rho_fl=1.0)"
BLT-01,141965.87,457112.02,1969.85,1906.19,11.69,50.6,2.4571,1924.0,2052.7,1862.49,1984.87,122.38,2.36,ok,"TVD converted from deviation survey; porosity from density-porosity equation (rho_ma=2.65, rho_fl=1.0)"
BLT-01,141965.89,457112.04,1969.92,1906.26,12.04,50.81,2.4514,1924.0,2052.7,1862.49,1984.87,122.38,2.36,ok,"TVD converted from deviation survey; porosity from density-porosity equation (rho_ma=2.65, rho_fl=1.0)"
BLT-01,141965.91,457112.05,1970.0,1906.33,12.43,50.55,2.445,1924.0,2052.7,1862.49,1984.87,122.38,2.36,ok,"TVD converted from deviation survey; porosity from density-porosity equation (rho_ma=2.65, rho_fl=1.0)"
BLT-01,141965.92,457112.07,1970.07,1906.4,12.81,49.98,2.4387,1924.0,2052.7,1862.49,1984.87,122.38,2.36,ok,"TVD converted from deviation survey; porosity from density-porosity equation (rho_ma=2.65, rho_fl=1.0)"
BLT-01,141965.94,457112.08,1970.15,1906.48,13.08,49.5,2.4342,1924.0,2052.7,1862.49,1984.87,122.38,2.36,ok,"TVD converted from deviation survey; porosity from density-porosity equation (rho_ma=2.65, rho_fl=1.0)"
BLT-01,141965.96,457112.1,1970.23,1906.55,13.22,49.69,2.4319,1924.0,2052.7,1862.49,1984.87,122.38,2.36,ok,"TVD converted from deviation survey; porosity from density-porosity equation (rho_ma=2.65, rho_fl=1.0)"
BLT-01,141965.98,457112.11,1970.3,1906.62,13.41,50.12,2.4288,1924.0,2052.7,1862.49,1984.87,122.38,2.36,ok,"TVD converted from deviation survey; porosity from density-porosity equation (rho_ma=2.65, rho_fl=1.0)"
BLT-01,141966.0,457112.13,1970.38,1906.69,13.7,50.6,2.4239,1924.0,2052.7,1862.49,1984.87,122.38,2.36,ok,"TVD converted from deviation survey; porosity from density-porosity equation (rho_ma=2.65, rho_fl=1.0)"
BLT-01,141966.01,457112.14,1970.46,1906.77,14.17,50.96,2.4162,1924.0,2052.7,1862.49,1984.87,122.38,2.36,ok,"TVD converted from deviation survey; porosity from density-porosity equation (rho_ma=2.65, rho_fl=1.0)"
BLT-01,141966.03,457112.16,1970.53,1906.84,14.54,50.74,2.4102,1924.0,2052.7,1862.49,1984.87,122.38,2.36,ok,"TVD converted from deviation survey; porosity from density-porosity equation (rho_ma=2.65, rho_fl=1.0)"
BLT-01,141966.05,457112.17,1970.61,1906.91,14.75,50.33,2.4066,1924.0,2052.7,1862.49,1984.87,122.38,2.36,ok,"TVD converted from deviation survey; porosity from density-porosity equation (rho_ma=2.65, rho_fl=1.0)"
BLT-01,141966.07,457112.19,1970.68,1906.98,14.86,49.88,2.4047,1924.0,2052.7,1862.49,1984.87,122.38,2.36,ok,"TVD converted from deviation survey; porosity from density-porosity equation (rho_ma=2.65, rho_fl=1.0)"
BLT-01,141966.08,457112.21,1970.76,1907.06,14.91,49.51,2.4039,1924.0,2052.7,1862.49,1984.87,122.38,2.36,ok,"TVD converted from deviation survey; porosity from density-porosity equation (rho_ma=2.65, rho_fl=1.0)"
BLT-01,141966.1,457112.22,1970.84,1907.13,14.83,49.08,2.4052,1924.0,2052.7,1862.49,1984.87,122.38,2.36,ok,"TVD converted from deviation survey; porosity from density-porosity equation (rho_ma=2.65, rho_fl=1.0)"
BLT-01,141966.12,457112.24,1970.91,1907.2,14.68,48.64,2.4077,1924.0,2052.7,1862.49,1984.87,122.38,2.36,ok,"TVD converted from deviation survey; porosity from density-porosity equation (rho_ma=2.65, rho_fl=1.0)"
BLT-01,141966.14,457112.25,1970.99,1907.27,14.51,48.2,2.4106,1924.0,2052.7,1862.49,1984.87,122.38,2.36,ok,"TVD converted from deviation survey; porosity from density-porosity equation (rho_ma=2.65, rho_fl=1.0)"
BLT-01,141966.16,457112.27,1971.07,1907.35,14.36,47.74,2.4131,1924.0,2052.7,1862.49,1984.87,122.38,2.36,ok,"TVD converted from deviation survey; porosity from density-porosity equation (rho_ma=2.65, rho_fl=1.0)"
BLT-01,141966.17,457112.28,1971.14,1907.42,14.3,47.21,2.4141,1924.0,2052.7,1862.49,1984.87,122.38,2.36,ok,"TVD converted from deviation survey; porosity from density-porosity equation (rho_ma=2.65, rho_fl=1.0)"
BLT-01,141966.19,457112.3,1971.22,1907.49,14.33,46.52,2.4136,1924.0,2052.7,1862.49,1984.87,122.38,2.36,ok,"TVD converted from deviation survey; porosity from density-porosity equation (rho_ma=2.65, rho_fl=1.0)"
BLT-01,141966.21,457112.31,1971.29,1907.56,14.41,45.89,2.4122,1924.0,2052.7,1862.49,1984.87,122.38,2.36,ok,"TVD converted from deviation survey; porosity from density-porosity equation (rho_ma=2.65, rho_fl=1.0)"
BLT-01,141966.23,457112.33,1971.37,1907.64,14.51,45.47,2.4106,1924.0,2052.7,1862.49,1984.87,122.38,2.36,ok,"TVD converted from deviation survey; porosity from density-porosity equation (rho_ma=2.65, rho_fl=1.0)"
BLT-01,141966.24,457112.34,1971.45,1907.71,14.58,45.39,2.4094,1924.0,2052.7,1862.49,1984.87,122.38,2.36,ok,"TVD converted from deviation survey; porosity from density-porosity equation (rho_ma=2.65, rho_fl=1.0)"
BLT-01,141966.26,457112.36,1971.52,1907.78,14.67,45.44,2.4079,1924.0,2052.7,1862.49,1984.87,122.38,2.36,ok,"TVD converted from deviation survey; porosity from density-porosity equation (rho_ma=2.65, rho_fl=1.0)"
BLT-01,141966.28,457112.37,1971.6,1907.85,14.77,46.04,2.4062,1924.0,2052.7,1862.49,1984.87,122.38,2.36,ok,"TVD converted from deviation survey; porosity from density-porosity equation (rho_ma=2.65, rho_fl=1.0)"
BLT-01,141966.3,457112.39,1971.67,1907.93,14.88,47.15,2.4045,1924.0,2052.7,1862.49,1984.87,122.38,2.36,ok,"TVD converted from deviation survey; porosity from density-porosity equation (rho_ma=2.65, rho_fl=1.0)"
BLT-01,141966.32,457112.4,1971.75,1908.0,14.98,48.49,2.4028,1924.0,2052.7,1862.49,1984.87,122.38,2.36,ok,"TVD converted from deviation survey; porosity from density-porosity equation (rho_ma=2.65, rho_fl=1.0)"
BLT-01,141966.33,457112.42,1971.83,1908.07,15.07,49.33,2.4014,1924.0,2052.7,1862.49,1984.87,122.38,2.36,ok,"TVD converted from deviation survey; porosity from density-porosity equation (rho_ma=2.65, rho_fl=1.0)"
BLT-01,141966.35,457112.43,1971.9,1908.14,15.17,49.61,2.3997,1924.0,2052.7,1862.49,1984.87,122.38,2.36,ok,"TVD converted from deviation survey; porosity from density-porosity equation (rho_ma=2.65, rho_fl=1.0)"
BLT-01,141966.37,457112.45,1971.98,1908.22,15.26,49.38,2.3982,1924.0,2052.7,1862.49,1984.87,122.38,2.36,ok,"TVD converted from deviation survey; porosity from density-porosity equation (rho_ma=2.65, rho_fl=1.0)"
BLT-01,141966.39,457112.47,1972.06,1908.29,15.29,48.69,2.3977,1924.0,2052.7,1862.49,1984.87,122.38,2.361,ok,"TVD converted from deviation survey; porosity from density-porosity equation (rho_ma=2.65, rho_fl=1.0)"
BLT-01,141966.4,457112.48,1972.13,1908.36,15.18,47.97,2.3995,1924.0,2052.7,1862.49,1984.87,122.38,2.361,ok,"TVD converted from deviation survey; porosity from density-porosity equation (rho_ma=2.65, rho_fl=1.0)"
BLT-01,141966.42,457112.5,1972.21,1908.43,15.04,47.4,2.4019,1924.0,2052.7,1862.49,1984.87,122.38,2.361,ok,"TVD converted from deviation survey; porosity from density-porosity equation (rho_ma=2.65, rho_fl=1.0)"
BLT-01,141966.44,457112.51,1972.28,1908.51,14.81,46.87,2.4057,1924.0,2052.7,1862.49,1984.87,122.38,2.361,ok,"TVD converted from deviation survey; porosity from density-porosity equation (rho_ma=2.65, rho_fl=1.0)"
BLT-01,141966.46,457112.53,1972.36,1908.58,14.46,46.31,2.4115,1924.0,2052.7,1862.49,1984.87,122.38,2.361,ok,"TVD converted from deviation survey; porosity from density-porosity equation (rho_ma=2.65, rho_fl=1.0)"
BLT-01,141966.48,457112.54,1972.44,1908.65,14.12,45.82,2.4171,1924.0,2052.7,1862.49,1984.87,122.38,2.361,ok,"TVD converted from deviation survey; porosity from density-porosity equation (rho_ma=2.65, rho_fl=1.0)"
BLT-01,141966.49,457112.56,1972.51,1908.72,13.82,45.12,2.422,1924.0,2052.7,1862.49,1984.87,122.38,2.361,ok,"TVD converted from deviation survey; porosity from density-porosity equation (rho_ma=2.65, rho_fl=1.0)"
BLT-01,141966.51,457112.57,1972.59,1908.8,13.5,44.34,2.4272,1924.0,2052.7,1862.49,1984.87,122.38,2.361,ok,"TVD converted from deviation survey; porosity from density-porosity equation (rho_ma=2.65, rho_fl=1.0)"
BLT-01,141966.53,457112.59,1972.67,1908.87,13.16,43.63,2.4328,1924.0,2052.7,1862.49,1984.87,122.38,2.361,ok,"TVD converted from deviation survey; porosity from density-porosity equation (rho_ma=2.65, rho_fl=1.0)"
BLT-01,141966.55,457112.6,1972.74,1908.94,12.96,43.48,2.4361,1924.0,2052.7,1862.49,1984.87,122.38,2.361,ok,"TVD converted from deviation survey; porosity from density-porosity equation (rho_ma=2.65, rho_fl=1.0)"
BLT-01,141966.56,457112.62,1972.82,1909.01,12.94,43.71,2.4364,1924.0,2052.7,1862.49,1984.87,122.38,2.361,ok,"TVD converted from deviation survey; porosity from density-porosity equation (rho_ma=2.65, rho_fl=1.0)"
BLT-01,141966.58,457112.63,1972.89,1909.09,13.01,43.99,2.4353,1924.0,2052.7,1862.49,1984.87,122.38,2.361,ok,"TVD converted from deviation survey; porosity from density-porosity equation (rho_ma=2.65, rho_fl=1.0)"
BLT-01,141966.6,457112.65,1972.97,1909.16,13.11,44.12,2.4336,1924.0,2052.7,1862.49,1984.87,122.38,2.361,ok,"TVD converted from deviation survey; porosity from density-porosity equation (rho_ma=2.65, rho_fl=1.0)"
BLT-01,141966.62,457112.66,1973.05,1909.23,13.14,43.77,2.4332,1924.0,2052.7,1862.49,1984.87,122.38,2.361,ok,"TVD converted from deviation survey; porosity from density-porosity equation (rho_ma=2.65, rho_fl=1.0)"
BLT-01,141966.64,457112.68,1973.12,1909.3,12.98,43.31,2.4358,1924.0,2052.7,1862.49,1984.87,122.38,2.361,ok,"TVD converted from deviation survey; porosity from density-porosity equation (rho_ma=2.65, rho_fl=1.0)"
BLT-01,141966.65,457112.7,1973.2,1909.38,12.7,42.87,2.4404,1924.0,2052.7,1862.49,1984.87,122.38,2.361,ok,"TVD converted from deviation survey; porosity from density-porosity equation (rho_ma=2.65, rho_fl=1.0)"
BLT-01,141966.67,457112.71,1973.28,1909.45,12.28,42.56,2.4474,1924.0,2052.7,1862.49,1984.87,122.38,2.361,ok,"TVD converted from deviation survey; porosity from density-porosity equation (rho_ma=2.65, rho_fl=1.0)"
BLT-01,141966.69,457112.73,1973.35,1909.52,11.67,42.55,2.4575,1924.0,2052.7,1862.49,1984.87,122.38,2.361,ok,"TVD converted from deviation survey; porosity from density-porosity equation (rho_ma=2.65, rho_fl=1.0)"
BLT-01,141966.71,457112.74,1973.43,1909.59,11.23,43.14,2.4647,1924.0,2052.7,1862.49,1984.87,122.38,2.361,ok,"TVD converted from deviation survey; porosity from density-porosity equation (rho_ma=2.65, rho_fl=1.0)"
BLT-01,141966.72,457112.76,1973.5,1909.67,11.01,44.08,2.4683,1924.0,2052.7,1862.49,1984.87,122.38,2.361,ok,"TVD converted from deviation survey; porosity from density-porosity equation (rho_ma=2.65, rho_fl=1.0)"
BLT-01,141966.74,457112.77,1973.58,1909.74,10.96,45.3,2.4691,1924.0,2052.7,1862.49,1984.87,122.38,2.361,ok,"TVD converted from deviation survey; porosity from density-porosity equation (rho_ma=2.65, rho_fl=1.0)"
BLT-01,141966.76,457112.79,1973.66,1909.81,11.02,46.73,2.4681,1924.0,2052.7,1862.49,1984.87,122.38,2.361,ok,"TVD converted from deviation survey; porosity from density-porosity equation (rho_ma=2.65, rho_fl=1.0)"
BLT-01,141966.78,457112.8,1973.73,1909.88,11.43,48.19,2.4613,1924.0,2052.7,1862.49,1984.87,122.38,2.361,ok,"TVD converted from deviation survey; porosity from density-porosity equation (rho_ma=2.65, rho_fl=1.0)"
BLT-01,141966.8,457112.82,1973.81,1909.96,11.9,49.25,2.4537,1924.0,2052.7,1862.49,1984.87,122.38,2.361,ok,"TVD converted from deviation survey; porosity from density-porosity equation (rho_ma=2.65, rho_fl=1.0)"
BLT-01,141966.81,457112.83,1973.88,1910.03,12.31,49.9,2.4469,1924.0,2052.7,1862.49,1984.87,122.38,2.361,ok,"TVD converted from deviation survey; porosity from density-porosity equation (rho_ma=2.65, rho_fl=1.0)"
BLT-01,141966.83,457112.85,1973.96,1910.1,12.59,50.18,2.4422,1924.0,2052.7,1862.49,1984.87,122.38,2.361,ok,"TVD converted from deviation survey; porosity from density-porosity equation (rho_ma=2.65, rho_fl=1.0)"
BLT-01,141966.85,457112.86,1974.04,1910.17,12.76,51.08,2.4394,1924.0,2052.7,1862.49,1984.87,122.38,2.361,ok,"TVD converted from deviation survey; porosity from density-porosity equation (rho_ma=2.65, rho_fl=1.0)"
BLT-01,141966.87,457112.88,1974.11,1910.25,12.88,51.92,2.4375,1924.0,2052.7,1862.49,1984.87,122.38,2.361,ok,"TVD converted from deviation survey; porosity from density-porosity equation (rho_ma=2.65, rho_fl=1.0)"
BLT-01,141966.88,457112.89,1974.19,1910.32,12.97,52.41,2.4361,1924.0,2052.7,1862.49,1984.87,122.38,2.361,ok,"TVD converted from deviation survey; porosity from density-porosity equation (rho_ma=2.65, rho_fl=1.0)"
BLT-01,141966.9,457112.91,1974.27,1910.39,13.06,52.39,2.4345,1924.0,2052.7,1862.49,1984.87,122.38,2.361,ok,"TVD converted from deviation survey; porosity from density-porosity equation (rho_ma=2.65, rho_fl=1.0)"
BLT-01,141966.92,457112.93,1974.34,1910.46,13.19,51.86,2.4323,1924.0,2052.7,1862.49,1984.87,122.38,2.361,ok,"TVD converted from deviation survey; porosity from density-porosity equation (rho_ma=2.65, rho_fl=1.0)"
BLT-01,141966.94,457112.94,1974.42,1910.54,13.22,51.03,2.4318,1924.0,2052.7,1862.49,1984.87,122.38,2.361,ok,"TVD converted from deviation survey; porosity from density-porosity equation (rho_ma=2.65, rho_fl=1.0)"
BLT-01,141966.96,457112.96,1974.49,1910.61,13.15,50.36,2.4331,1924.0,2052.7,1862.49,1984.87,122.38,2.361,ok,"TVD converted from deviation survey; porosity from density-porosity equation (rho_ma=2.65, rho_fl=1.0)"
BLT-01,141966.97,457112.97,1974.57,1910.68,12.96,50.07,2.4361,1924.0,2052.7,1862.49,1984.87,122.38,2.361,ok,"TVD converted from deviation survey; porosity from density-porosity equation (rho_ma=2.65, rho_fl=1.0)"
BLT-01,141966.99,457112.99,1974.65,1910.75,12.68,50.3,2.4408,1924.0,2052.7,1862.49,1984.87,122.38,2.361,ok,"TVD converted from deviation survey; porosity from density-porosity equation (rho_ma=2.65, rho_fl=1.0)"
BLT-01,141967.01,457113.0,1974.72,1910.83,12.43,50.57,2.4448,1924.0,2052.7,1862.49,1984.87,122.38,2.361,ok,"TVD converted from deviation survey; porosity from density-porosity equation (rho_ma=2.65, rho_fl=1.0)"
BLT-01,141967.03,457113.02,1974.8,1910.9,12.33,50.71,2.4465,1924.0,2052.7,1862.49,1984.87,122.38,2.361,ok,"TVD converted from deviation survey; porosity from density-porosity equation (rho_ma=2.65, rho_fl=1.0)"
BLT-01,141967.04,457113.03,1974.88,1910.97,12.4,50.69,2.4454,1924.0,2052.7,1862.49,1984.87,122.38,2.361,ok,"TVD converted from deviation survey; porosity from density-porosity equation (rho_ma=2.65, rho_fl=1.0)"
BLT-01,141967.06,457113.05,1974.95,1911.04,12.62,50.5,2.4417,1924.0,2052.7,1862.49,1984.87,122.38,2.361,ok,"TVD converted from deviation survey; porosity from density-porosity equation (rho_ma=2.65, rho_fl=1.0)"
BLT-01,141967.08,457113.06,1975.03,1911.12,12.85,50.18,2.4379,1924.0,2052.7,1862.49,1984.87,122.38,2.361,ok,"TVD converted from deviation survey; porosity from density-porosity equation (rho_ma=2.65, rho_fl=1.0)"
BLT-01,141967.1,457113.08,1975.1,1911.19,13.0,49.75,2.4354,1924.0,2052.7,1862.49,1984.87,122.38,2.361,ok,"TVD converted from deviation survey; porosity from density-porosity equation (rho_ma=2.65, rho_fl=1.0)"
BLT-01,141967.12,457113.09,1975.18,1911.26,13.08,49.4,2.4342,1924.0,2052.7,1862.49,1984.87,122.38,2.361,ok,"TVD converted from deviation survey; porosity from density-porosity equation (rho_ma=2.65, rho_fl=1.0)"
BLT-01,141967.13,457113.11,1975.26,1911.33,13.09,49.35,2.4341,1924.0,2052.7,1862.49,1984.87,122.38,2.361,ok,"TVD converted from deviation survey; porosity from density-porosity equation (rho_ma=2.65, rho_fl=1.0)"
BLT-01,141967.15,457113.12,1975.33,1911.41,13.13,49.87,2.4334,1924.0,2052.7,1862.49,1984.87,122.38,2.361,ok,"TVD converted from deviation survey; porosity from density-porosity equation (rho_ma=2.65, rho_fl=1.0)"
BLT-01,141967.17,457113.14,1975.41,1911.48,13.2,50.88,2.4322,1924.0,2052.7,1862.49,1984.87,122.38,2.361,ok,"TVD converted from deviation survey; porosity from density-porosity equation (rho_ma=2.65, rho_fl=1.0)"
BLT-01,141967.19,457113.16,1975.48,1911.55,13.26,52.02,2.4312,1924.0,2052.7,1862.49,1984.87,122.38,2.361,ok,"TVD converted from deviation survey; porosity from density-porosity equation (rho_ma=2.65, rho_fl=1.0)"
BLT-01,141967.2,457113.17,1975.56,1911.62,13.26,52.93,2.4313,1924.0,2052.7,1862.49,1984.87,122.38,2.361,ok,"TVD converted from deviation survey; porosity from density-porosity equation (rho_ma=2.65, rho_fl=1.0)"
BLT-01,141967.22,457113.19,1975.64,1911.7,13.12,53.18,2.4334,1924.0,2052.7,1862.49,1984.87,122.38,2.361,ok,"TVD converted from deviation survey; porosity from density-porosity equation (rho_ma=2.65, rho_fl=1.0)"
BLT-01,141967.24,457113.2,1975.71,1911.77,13.0,53.14,2.4355,1924.0,2052.7,1862.49,1984.87,122.38,2.361,ok,"TVD converted from deviation survey; porosity from density-porosity equation (rho_ma=2.65, rho_fl=1.0)"
BLT-01,141967.26,457113.22,1975.79,1911.84,12.9,52.59,2.4371,1924.0,2052.7,1862.49,1984.87,122.38,2.362,ok,"TVD converted from deviation survey; porosity from density-porosity equation (rho_ma=2.65, rho_fl=1.0)"
BLT-01,141967.28,457113.23,1975.87,1911.91,12.86,51.53,2.4378,1924.0,2052.7,1862.49,1984.87,122.38,2.362,ok,"TVD converted from deviation survey; porosity from density-porosity equation (rho_ma=2.65, rho_fl=1.0)"
BLT-01,141967.29,457113.25,1975.94,1911.99,12.89,50.43,2.4372,1924.0,2052.7,1862.49,1984.87,122.38,2.362,ok,"TVD converted from deviation survey; porosity from density-porosity equation (rho_ma=2.65, rho_fl=1.0)"
BLT-01,141967.31,457113.26,1976.02,1912.06,12.95,49.9,2.4364,1924.0,2052.7,1862.49,1984.87,122.38,2.362,ok,"TVD converted from deviation survey; porosity from density-porosity equation (rho_ma=2.65, rho_fl=1.0)"
BLT-01,141967.33,457113.28,1976.09,1912.13,13.07,49.86,2.4344,1924.0,2052.7,1862.49,1984.87,122.38,2.362,ok,"TVD converted from deviation survey; porosity from density-porosity equation (rho_ma=2.65, rho_fl=1.0)"
BLT-01,141967.35,457113.29,1976.17,1912.2,13.24,50.24,2.4315,1924.0,2052.7,1862.49,1984.87,122.38,2.362,ok,"TVD converted from deviation survey; porosity from density-porosity equation (rho_ma=2.65, rho_fl=1.0)"
BLT-01,141967.36,457113.31,1976.25,1912.28,13.42,50.78,2.4286,1924.0,2052.7,1862.49,1984.87,122.38,2.362,ok,"TVD converted from deviation survey; porosity from density-porosity equation (rho_ma=2.65, rho_fl=1.0)"
BLT-01,141967.38,457113.32,1976.32,1912.35,13.49,50.9,2.4275,1924.0,2052.7,1862.49,1984.87,122.38,2.362,ok,"TVD converted from deviation survey; porosity from density-porosity equation (rho_ma=2.65, rho_fl=1.0)"
BLT-01,141967.4,457113.34,1976.4,1912.42,13.47,50.84,2.4278,1924.0,2052.7,1862.49,1984.87,122.38,2.362,ok,"TVD converted from deviation survey; porosity from density-porosity equation (rho_ma=2.65, rho_fl=1.0)"
BLT-01,141967.42,457113.35,1976.48,1912.49,13.32,50.57,2.4302,1924.0,2052.7,1862.49,1984.87,122.38,2.362,ok,"TVD converted from deviation survey; porosity from density-porosity equation (rho_ma=2.65, rho_fl=1.0)"
BLT-01,141967.44,457113.37,1976.55,1912.57,12.97,49.99,2.436,1924.0,2052.7,1862.49,1984.87,122.38,2.362,ok,"TVD converted from deviation survey; porosity from density-porosity equation (rho_ma=2.65, rho_fl=1.0)"
BLT-01,141967.45,457113.39,1976.63,1912.64,12.63,49.49,2.4416,1924.0,2052.7,1862.49,1984.87,122.38,2.362,ok,"TVD converted from deviation survey; porosity from density-porosity equation (rho_ma=2.65, rho_fl=1.0)"
BLT-01,141967.47,457113.4,1976.7,1912.71,12.44,49.24,2.4448,1924.0,2052.7,1862.49,1984.87,122.38,2.362,ok,"TVD converted from deviation survey; porosity from density-porosity equation (rho_ma=2.65, rho_fl=1.0)"
BLT-01,141967.49,457113.42,1976.78,1912.78,12.39,49.28,2.4456,1924.0,2052.7,1862.49,1984.87,122.38,2.362,ok,"TVD converted from deviation survey; porosity from density-porosity equation (rho_ma=2.65, rho_fl=1.0)"
BLT-01,141967.51,457113.43,1976.86,1912.86,12.47,49.64,2.4442,1924.0,2052.7,1862.49,1984.87,122.38,2.362,ok,"TVD converted from deviation survey; porosity from density-porosity equation (rho_ma=2.65, rho_fl=1.0)"
BLT-01,141967.52,457113.45,1976.93,1912.93,12.56,50.09,2.4427,1924.0,2052.7,1862.49,1984.87,122.38,2.362,ok,"TVD converted from deviation survey; porosity from density-porosity equation (rho_ma=2.65, rho_fl=1.0)"
BLT-01,141967.54,457113.46,1977.01,1913.0,12.56,50.33,2.4428,1924.0,2052.7,1862.49,1984.87,122.38,2.362,ok,"TVD converted from deviation survey; porosity from density-porosity equation (rho_ma=2.65, rho_fl=1.0)"
BLT-01,141967.56,457113.48,1977.09,1913.07,12.46,50.33,2.4445,1924.0,2052.7,1862.49,1984.87,122.38,2.362,ok,"TVD converted from deviation survey; porosity from density-porosity equation (rho_ma=2.65, rho_fl=1.0)"
BLT-01,141967.58,457113.49,1977.16,1913.15,12.28,50.05,2.4474,1924.0,2052.7,1862.49,1984.87,122.38,2.362,ok,"TVD converted from deviation survey; porosity from density-porosity equation (rho_ma=2.65, rho_fl=1.0)"
BLT-01,141967.6,457113.51,1977.24,1913.22,12.06,49.22,2.451,1924.0,2052.7,1862.49,1984.87,122.38,2.362,ok,"TVD converted from deviation survey; porosity from density-porosity equation (rho_ma=2.65, rho_fl=1.0)"
BLT-01,141967.61,457113.52,1977.31,1913.29,11.91,48.65,2.4535,1924.0,2052.7,1862.49,1984.87,122.38,2.362,ok,"TVD converted from deviation survey; porosity from density-porosity equation (rho_ma=2.65, rho_fl=1.0)"
BLT-01,141967.63,457113.54,1977.39,1913.36,11.82,48.5,2.4549,1924.0,2052.7,1862.49,1984.87,122.38,2.362,ok,"TVD converted from deviation survey; porosity from density-porosity equation (rho_ma=2.65, rho_fl=1.0)"
BLT-01,141967.65,457113.55,1977.47,1913.44,11.76,48.84,2.456,1924.0,2052.7,1862.49,1984.87,122.38,2.362,ok,"TVD converted from deviation survey; porosity from density-porosity equation (rho_ma=2.65, rho_fl=1.0)"
BLT-01,141967.67,457113.57,1977.54,1913.51,11.59,49.61,2.4587,1924.0,2052.7,1862.49,1984.87,122.38,2.362,ok,"TVD converted from deviation survey; porosity from density-porosity equation (rho_ma=2.65, rho_fl=1.0)"
BLT-01,141967.68,457113.58,1977.62,1913.58,11.45,49.99,2.4612,1924.0,2052.7,1862.49,1984.87,122.38,2.362,ok,"TVD converted from deviation survey; porosity from density-porosity equation (rho_ma=2.65, rho_fl=1.0)"
BLT-01,141967.7,457113.6,1977.69,1913.65,11.39,49.92,2.462,1924.0,2052.7,1862.49,1984.87,122.38,2.362,ok,"TVD converted from deviation survey; porosity from density-porosity equation (rho_ma=2.65, rho_fl=1.0)"
BLT-01,141967.72,457113.61,1977.77,1913.73,11.46,49.47,2.4609,1924.0,2052.7,1862.49,1984.87,122.38,2.362,ok,"TVD converted from deviation survey; porosity from density-porosity equation (rho_ma=2.65, rho_fl=1.0)"
BLT-01,141967.74,457113.63,1977.85,1913.8,11.67,48.92,2.4574,1924.0,2052.7,1862.49,1984.87,122.38,2.362,ok,"TVD converted from deviation survey; porosity from density-porosity equation (rho_ma=2.65, rho_fl=1.0)"
BLT-01,141967.76,457113.65,1977.92,1913.87,12.15,48.25,2.4496,1924.0,2052.7,1862.49,1984.87,122.38,2.362,ok,"TVD converted from deviation survey; porosity from density-porosity equation (rho_ma=2.65, rho_fl=1.0)"
BLT-01,141967.77,457113.66,1978.0,1913.94,12.59,47.66,2.4423,1924.0,2052.7,1862.49,1984.87,122.38,2.362,ok,"TVD converted from deviation survey; porosity from density-porosity equation (rho_ma=2.65, rho_fl=1.0)"
BLT-01,141967.79,457113.68,1978.08,1914.02,12.91,47.21,2.437,1924.0,2052.7,1862.49,1984.87,122.38,2.362,ok,"TVD converted from deviation survey; porosity from density-porosity equation (rho_ma=2.65, rho_fl=1.0)"
BLT-01,141967.81,457113.69,1978.15,1914.09,13.03,46.96,2.435,1924.0,2052.7,1862.49,1984.87,122.38,2.362,ok,"TVD converted from deviation survey; porosity from density-porosity equation (rho_ma=2.65, rho_fl=1.0)"
BLT-01,141967.83,457113.71,1978.23,1914.16,13.33,47.14,2.4301,1924.0,2052.7,1862.49,1984.87,122.38,2.362,ok,"TVD converted from deviation survey; porosity from density-porosity equation (rho_ma=2.65, rho_fl=1.0)"
BLT-01,141967.84,457113.72,1978.3,1914.23,13.75,47.59,2.4232,1924.0,2052.7,1862.49,1984.87,122.38,2.362,ok,"TVD converted from deviation survey; porosity from density-porosity equation (rho_ma=2.65, rho_fl=1.0)"
BLT-01,141967.86,457113.74,1978.38,1914.31,14.23,48.15,2.4152,1924.0,2052.7,1862.49,1984.87,122.38,2.362,ok,"TVD converted from deviation survey; porosity from density-porosity equation (rho_ma=2.65, rho_fl=1.0)"
BLT-01,141967.88,457113.75,1978.46,1914.38,14.73,48.67,2.4069,1924.0,2052.7,1862.49,1984.87,122.38,2.362,ok,"TVD converted from deviation survey; porosity from density-porosity equation (rho_ma=2.65, rho_fl=1.0)"
BLT-01,141967.9,457113.77,1978.53,1914.45,15.25,49.09,2.3984,1924.0,2052.7,1862.49,1984.87,122.38,2.362,ok,"TVD converted from deviation survey; porosity from density-porosity equation (rho_ma=2.65, rho_fl=1.0)"
BLT-01,141967.92,457113.78,1978.61,1914.52,15.75,49.55,2.3902,1924.0,2052.7,1862.49,1984.87,122.38,2.362,ok,"TVD converted from deviation survey; porosity from density-porosity equation (rho_ma=2.65, rho_fl=1.0)"
BLT-01,141967.93,457113.8,1978.69,1914.6,16.12,49.95,2.384,1924.0,2052.7,1862.49,1984.87,122.38,2.362,ok,"TVD converted from deviation survey; porosity from density-porosity equation (rho_ma=2.65, rho_fl=1.0)"
BLT-01,141967.95,457113.81,1978.76,1914.67,16.3,50.2,2.3811,1924.0,2052.7,1862.49,1984.87,122.38,2.362,ok,"TVD converted from deviation survey; porosity from density-porosity equation (rho_ma=2.65, rho_fl=1.0)"
BLT-01,141967.97,457113.83,1978.84,1914.74,16.14,50.28,2.3837,1924.0,2052.7,1862.49,1984.87,122.38,2.362,ok,"TVD converted from deviation survey; porosity from density-porosity equation (rho_ma=2.65, rho_fl=1.0)"
BLT-01,141967.99,457113.84,1978.91,1914.81,15.64,50.13,2.3919,1924.0,2052.7,1862.49,1984.87,122.38,2.362,ok,"TVD converted from deviation survey; porosity from density-porosity equation (rho_ma=2.65, rho_fl=1.0)"
BLT-01,141968.0,457113.86,1978.99,1914.89,15.05,49.76,2.4017,1924.0,2052.7,1862.49,1984.87,122.38,2.362,ok,"TVD converted from deviation survey; porosity from density-porosity equation (rho_ma=2.65, rho_fl=1.0)"
BLT-01,141968.02,457113.88,1979.07,1914.96,14.51,49.14,2.4106,1924.0,2052.7,1862.49,1984.87,122.38,2.362,ok,"TVD converted from deviation survey; porosity from density-porosity equation (rho_ma=2.65, rho_fl=1.0)"
BLT-01,141968.04,457113.89,1979.14,1915.03,14.27,48.18,2.4146,1924.0,2052.7,1862.49,1984.87,122.38,2.362,ok,"TVD converted from deviation survey; porosity from density-porosity equation (rho_ma=2.65, rho_fl=1.0)"
BLT-01,141968.06,457113.91,1979.22,1915.1,14.27,47.08,2.4146,1924.0,2052.7,1862.49,1984.87,122.38,2.362,ok,"TVD converted from deviation survey; porosity from density-porosity equation (rho_ma=2.65, rho_fl=1.0)"
BLT-01,141968.08,457113.92,1979.29,1915.18,14.46,46.25,2.4115,1924.0,2052.7,1862.49,1984.87,122.38,2.362,ok,"TVD converted from deviation survey; porosity from density-porosity equation (rho_ma=2.65, rho_fl=1.0)"
BLT-01,141968.09,457113.94,1979.37,1915.25,14.74,45.93,2.4068,1924.0,2052.7,1862.49,1984.87,122.38,2.362,ok,"TVD converted from deviation survey; porosity from density-porosity equation (rho_ma=2.65, rho_fl=1.0)"
BLT-01,141968.11,457113.95,1979.45,1915.32,14.9,46.47,2.4041,1924.0,2052.7,1862.49,1984.87,122.38,2.362,ok,"TVD converted from deviation survey; porosity from density-porosity equation (rho_ma=2.65, rho_fl=1.0)"
BLT-01,141968.13,457113.97,1979.52,1915.39,14.73,47.37,2.4069,1924.0,2052.7,1862.49,1984.87,122.38,2.363,ok,"TVD converted from deviation survey; porosity from density-porosity equation (rho_ma=2.65, rho_fl=1.0)"
BLT-01,141968.15,457113.98,1979.6,1915.47,14.25,48.3,2.4149,1924.0,2052.7,1862.49,1984.87,122.38,2.363,ok,"TVD converted from deviation survey; porosity from density-porosity equation (rho_ma=2.65, rho_fl=1.0)"
BLT-01,141968.16,457114.0,1979.68,1915.54,13.56,49.08,2.4263,1924.0,2052.7,1862.49,1984.87,122.38,2.363,ok,"TVD converted from deviation survey; porosity from density-porosity equation (rho_ma=2.65, rho_fl=1.0)"
BLT-01,141968.18,457114.01,1979.75,1915.61,12.89,49.52,2.4374,1924.0,2052.7,1862.49,1984.87,122.38,2.363,ok,"TVD converted from deviation survey; porosity from density-porosity equation (rho_ma=2.65, rho_fl=1.0)"
BLT-01,141968.2,457114.03,1979.83,1915.68,12.49,49.41,2.4439,1924.0,2052.7,1862.49,1984.87,122.38,2.363,ok,"TVD converted from deviation survey; porosity from density-porosity equation (rho_ma=2.65, rho_fl=1.0)"
BLT-01,141968.22,457114.04,1979.9,1915.76,12.25,49.4,2.4479,1924.0,2052.7,1862.49,1984.87,122.38,2.363,ok,"TVD converted from deviation survey; porosity from density-porosity equation (rho_ma=2.65, rho_fl=1.0)"
BLT-01,141968.24,457114.06,1979.98,1915.83,12.23,49.53,2.4483,1924.0,2052.7,1862.49,1984.87,122.38,2.363,ok,"TVD converted from deviation survey; porosity from density-porosity equation (rho_ma=2.65, rho_fl=1.0)"
BLT-01,141968.25,457114.07,1980.06,1915.9,12.51,49.8,2.4436,1924.0,2052.7,1862.49,1984.87,122.38,2.363,ok,"TVD converted from deviation survey; porosity from density-porosity equation (rho_ma=2.65, rho_fl=1.0)"
BLT-01,141968.27,457114.09,1980.13,1915.97,13.16,50.02,2.4328,1924.0,2052.7,1862.49,1984.87,122.38,2.363,ok,"TVD converted from deviation survey; porosity from density-porosity equation (rho_ma=2.65, rho_fl=1.0)"
BLT-01,141968.29,457114.11,1980.21,1916.05,14.2,49.63,2.4157,1924.0,2052.7,1862.49,1984.87,122.38,2.363,ok,"TVD converted from deviation survey; porosity from density-porosity equation (rho_ma=2.65, rho_fl=1.0)"
BLT-01,141968.31,457114.12,1980.29,1916.12,15.29,48.74,2.3977,1924.0,2052.7,1862.49,1984.87,122.38,2.363,ok,"TVD converted from deviation survey; porosity from density-porosity equation (rho_ma=2.65, rho_fl=1.0)"
BLT-01,141968.32,457114.14,1980.36,1916.19,16.18,47.54,2.3831,1924.0,2052.7,1862.49,1984.87,122.38,2.363,ok,"TVD converted from deviation survey; porosity from density-porosity equation (rho_ma=2.65, rho_fl=1.0)"
BLT-01,141968.34,457114.15,1980.44,1916.26,16.53,46.74,2.3773,1924.0,2052.7,1862.49,1984.87,122.38,2.363,ok,"TVD converted from deviation survey; porosity from density-porosity equation (rho_ma=2.65, rho_fl=1.0)"
BLT-01,141968.36,457114.17,1980.51,1916.34,16.78,46.24,2.3731,1924.0,2052.7,1862.49,1984.87,122.38,2.363,ok,"TVD converted from deviation survey; porosity from density-porosity equation (rho_ma=2.65, rho_fl=1.0)"
BLT-01,141968.38,457114.18,1980.59,1916.41,16.88,46.01,2.3715,1924.0,2052.7,1862.49,1984.87,122.38,2.363,ok,"TVD converted from deviation survey; porosity from density-porosity equation (rho_ma=2.65, rho_fl=1.0)"
BLT-01,141968.4,457114.2,1980.67,1916.48,16.79,46.04,2.3729,1924.0,2052.7,1862.49,1984.87,122.38,2.363,ok,"TVD converted from deviation survey; porosity from density-porosity equation (rho_ma=2.65, rho_fl=1.0)"
BLT-01,141968.41,457114.21,1980.74,1916.55,16.44,46.23,2.3787,1924.0,2052.7,1862.49,1984.87,122.38,2.363,ok,"TVD converted from deviation survey; porosity from density-porosity equation (rho_ma=2.65, rho_fl=1.0)"
BLT-01,141968.43,457114.23,1980.82,1916.63,15.89,46.42,2.3877,1924.0,2052.7,1862.49,1984.87,122.38,2.363,ok,"TVD converted from deviation survey; porosity from density-porosity equation (rho_ma=2.65, rho_fl=1.0)"
BLT-01,141968.45,457114.24,1980.9,1916.7,15.5,46.54,2.3942,1924.0,2052.7,1862.49,1984.87,122.38,2.363,ok,"TVD converted from deviation survey; porosity from density-porosity equation (rho_ma=2.65, rho_fl=1.0)"
BLT-01,141968.47,457114.26,1980.97,1916.77,15.42,46.6,2.3956,1924.0,2052.7,1862.49,1984.87,122.38,2.363,ok,"TVD converted from deviation survey; porosity from density-porosity equation (rho_ma=2.65, rho_fl=1.0)"
BLT-01,141968.48,457114.27,1981.05,1916.84,15.8,46.62,2.3893,1924.0,2052.7,1862.49,1984.87,122.38,2.363,ok,"TVD converted from deviation survey; porosity from density-porosity equation (rho_ma=2.65, rho_fl=1.0)"
BLT-01,141968.5,457114.29,1981.12,1916.92,16.47,46.81,2.3782,1924.0,2052.7,1862.49,1984.87,122.38,2.363,ok,"TVD converted from deviation survey; porosity from density-porosity equation (rho_ma=2.65, rho_fl=1.0)"
BLT-01,141968.52,457114.3,1981.2,1916.99,16.98,47.15,2.3698,1924.0,2052.7,1862.49,1984.87,122.38,2.363,ok,"TVD converted from deviation survey; porosity from density-porosity equation (rho_ma=2.65, rho_fl=1.0)"
BLT-01,141968.54,457114.32,1981.28,1917.06,17.23,47.62,2.3656,1924.0,2052.7,1862.49,1984.87,122.38,2.363,ok,"TVD converted from deviation survey; porosity from density-porosity equation (rho_ma=2.65, rho_fl=1.0)"
BLT-01,141968.56,457114.34,1981.35,1917.13,17.15,48.21,2.367,1924.0,2052.7,1862.49,1984.87,122.38,2.363,ok,"TVD converted from deviation survey; porosity from density-porosity equation (rho_ma=2.65, rho_fl=1.0)"
BLT-01,141968.57,457114.35,1981.43,1917.21,17.1,49.29,2.3678,1924.0,2052.7,1862.49,1984.87,122.38,2.363,ok,"TVD converted from deviation survey; porosity from density-porosity equation (rho_ma=2.65, rho_fl=1.0)"
BLT-01,141968.59,457114.37,1981.5,1917.28,17.14,50.28,2.3671,1924.0,2052.7,1862.49,1984.87,122.38,2.363,ok,"TVD converted from deviation survey; porosity from density-porosity equation (rho_ma=2.65, rho_fl=1.0)"
BLT-01,141968.61,457114.38,1981.58,1917.35,17.24,51.03,2.3655,1924.0,2052.7,1862.49,1984.87,122.38,2.363,ok,"TVD converted from deviation survey; porosity from density-porosity equation (rho_ma=2.65, rho_fl=1.0)"
BLT-01,141968.63,457114.4,1981.66,1917.42,17.34,51.36,2.3639,1924.0,2052.7,1862.49,1984.87,122.38,2.363,ok,"TVD converted from deviation survey; porosity from density-porosity equation (rho_ma=2.65, rho_fl=1.0)"
BLT-01,141968.64,457114.41,1981.73,1917.5,17.21,51.35,2.366,1924.0,2052.7,1862.49,1984.87,122.38,2.363,ok,"TVD converted from deviation survey; porosity from density-porosity equation (rho_ma=2.65, rho_fl=1.0)"
BLT-01,141968.66,457114.43,1981.81,1917.57,16.96,51.22,2.3702,1924.0,2052.7,1862.49,1984.87,122.38,2.363,ok,"TVD converted from deviation survey; porosity from density-porosity equation (rho_ma=2.65, rho_fl=1.0)"
BLT-01,141968.68,457114.44,1981.89,1917.64,16.61,50.98,2.3759,1924.0,2052.7,1862.49,1984.87,122.38,2.363,ok,"TVD converted from deviation survey; porosity from density-porosity equation (rho_ma=2.65, rho_fl=1.0)"
BLT-01,141968.7,457114.46,1981.96,1917.71,16.17,50.65,2.3832,1924.0,2052.7,1862.49,1984.87,122.38,2.363,ok,"TVD converted from deviation survey; porosity from density-porosity equation (rho_ma=2.65, rho_fl=1.0)"
BLT-01,141968.72,457114.47,1982.04,1917.79,15.21,50.24,2.399,1924.0,2052.7,1862.49,1984.87,122.38,2.363,ok,"TVD converted from deviation survey; porosity from density-porosity equation (rho_ma=2.65, rho_fl=1.0)"
BLT-01,141968.73,457114.49,1982.11,1917.86,14.38,49.88,2.4127,1924.0,2052.7,1862.49,1984.87,122.38,2.363,ok,"TVD converted from deviation survey; porosity from density-porosity equation (rho_ma=2.65, rho_fl=1.0)"
BLT-01,141968.75,457114.5,1982.19,1917.93,13.9,49.55,2.4206,1924.0,2052.7,1862.49,1984.87,122.38,2.363,ok,"TVD converted from deviation survey; porosity from density-porosity equation (rho_ma=2.65, rho_fl=1.0)"
BLT-01,141968.77,457114.52,1982.27,1918.0,13.95,49.23,2.4198,1924.0,2052.7,1862.49,1984.87,122.38,2.363,ok,"TVD converted from deviation survey; porosity from density-porosity equation (rho_ma=2.65, rho_fl=1.0)"
BLT-01,141968.79,457114.53,1982.34,1918.08,14.87,48.94,2.4046,1924.0,2052.7,1862.49,1984.87,122.38,2.363,ok,"TVD converted from deviation survey; porosity from density-porosity equation (rho_ma=2.65, rho_fl=1.0)"
BLT-01,141968.8,457114.55,1982.42,1918.15,15.86,48.94,2.3883,1924.0,2052.7,1862.49,1984.87,122.38,2.363,ok,"TVD converted from deviation survey; porosity from density-porosity equation (rho_ma=2.65, rho_fl=1.0)"
BLT-01,141968.82,457114.56,1982.5,1918.22,16.46,49.06,2.3785,1924.0,2052.7,1862.49,1984.87,122.38,2.363,ok,"TVD converted from deviation survey; porosity from density-porosity equation (rho_ma=2.65, rho_fl=1.0)"
BLT-01,141968.84,457114.58,1982.57,1918.29,16.61,49.17,2.376,1924.0,2052.7,1862.49,1984.87,122.38,2.363,ok,"TVD converted from deviation survey; porosity from density-porosity equation (rho_ma=2.65, rho_fl=1.0)"
BLT-01,141968.86,457114.6,1982.65,1918.37,16.48,49.0,2.3782,1924.0,2052.7,1862.49,1984.87,122.38,2.363,ok,"TVD converted from deviation survey; porosity from density-porosity equation (rho_ma=2.65, rho_fl=1.0)"
BLT-01,141968.88,457114.61,1982.72,1918.44,16.4,48.52,2.3794,1924.0,2052.7,1862.49,1984.87,122.38,2.363,ok,"TVD converted from deviation survey; porosity from density-porosity equation (rho_ma=2.65, rho_fl=1.0)"
BLT-01,141968.89,457114.63,1982.8,1918.51,16.5,48.08,2.3777,1924.0,2052.7,1862.49,1984.87,122.38,2.363,ok,"TVD converted from deviation survey; porosity from density-porosity equation (rho_ma=2.65, rho_fl=1.0)"
BLT-01,141968.91,457114.64,1982.88,1918.58,16.72,47.81,2.3742,1924.0,2052.7,1862.49,1984.87,122.38,2.363,ok,"TVD converted from deviation survey; porosity from density-porosity equation (rho_ma=2.65, rho_fl=1.0)"
BLT-01,141968.93,457114.66,1982.95,1918.66,16.9,47.8,2.3711,1924.0,2052.7,1862.49,1984.87,122.38,2.363,ok,"TVD converted from deviation survey; porosity from density-porosity equation (rho_ma=2.65, rho_fl=1.0)"
BLT-01,141968.95,457114.67,1983.03,1918.73,16.89,48.05,2.3713,1924.0,2052.7,1862.49,1984.87,122.38,2.363,ok,"TVD converted from deviation survey; porosity from density-porosity equation (rho_ma=2.65, rho_fl=1.0)"
BLT-01,141968.96,457114.69,1983.1,1918.8,16.92,48.65,2.3708,1924.0,2052.7,1862.49,1984.87,122.38,2.363,ok,"TVD converted from deviation survey; porosity from density-porosity equation (rho_ma=2.65, rho_fl=1.0)"
BLT-01,141968.98,457114.7,1983.18,1918.87,17.04,49.43,2.3689,1924.0,2052.7,1862.49,1984.87,122.38,2.363,ok,"TVD converted from deviation survey; porosity from density-porosity equation (rho_ma=2.65, rho_fl=1.0)"
BLT-01,141969.0,457114.72,1983.26,1918.95,17.27,50.21,2.3651,1924.0,2052.7,1862.49,1984.87,122.38,2.364,ok,"TVD converted from deviation survey; porosity from density-porosity equation (rho_ma=2.65, rho_fl=1.0)"
BLT-01,141969.02,457114.73,1983.33,1919.02,17.58,50.62,2.36,1924.0,2052.7,1862.49,1984.87,122.38,2.364,ok,"TVD converted from deviation survey; porosity from density-porosity equation (rho_ma=2.65, rho_fl=1.0)"
BLT-01,141969.04,457114.75,1983.41,1919.09,17.84,50.58,2.3556,1924.0,2052.7,1862.49,1984.87,122.38,2.364,ok,"TVD converted from deviation survey; porosity from density-porosity equation (rho_ma=2.65, rho_fl=1.0)"
BLT-01,141969.05,457114.76,1983.49,1919.16,18.01,50.27,2.3529,1924.0,2052.7,1862.49,1984.87,122.38,2.364,ok,"TVD converted from deviation survey; porosity from density-porosity equation (rho_ma=2.65, rho_fl=1.0)"
BLT-01,141969.07,457114.78,1983.56,1919.24,18.03,49.85,2.3525,1924.0,2052.7,1862.49,1984.87,122.38,2.364,ok,"TVD converted from deviation survey; porosity from density-porosity equation (rho_ma=2.65, rho_fl=1.0)"
BLT-01,141969.09,457114.79,1983.64,1919.31,17.9,49.5,2.3546,1924.0,2052.7,1862.49,1984.87,122.38,2.364,ok,"TVD converted from deviation survey; porosity from density-porosity equation (rho_ma=2.65, rho_fl=1.0)"
BLT-01,141969.11,457114.81,1983.71,1919.38,17.86,49.23,2.3553,1924.0,2052.7,1862.49,1984.87,122.38,2.364,ok,"TVD converted from deviation survey; porosity from density-porosity equation (rho_ma=2.65, rho_fl=1.0)"
BLT-01,141969.12,457114.83,1983.79,1919.45,17.88,49.15,2.355,1924.0,2052.7,1862.49,1984.87,122.38,2.364,ok,"TVD converted from deviation survey; porosity from density-porosity equation (rho_ma=2.65, rho_fl=1.0)"
BLT-01,141969.14,457114.84,1983.87,1919.53,17.9,49.34,2.3547,1924.0,2052.7,1862.49,1984.87,122.38,2.364,ok,"TVD converted from deviation survey; porosity from density-porosity equation (rho_ma=2.65, rho_fl=1.0)"
BLT-01,141969.16,457114.86,1983.94,1919.6,17.73,49.96,2.3575,1924.0,2052.7,1862.49,1984.87,122.38,2.364,ok,"TVD converted from deviation survey; porosity from density-porosity equation (rho_ma=2.65, rho_fl=1.0)"
BLT-01,141969.18,457114.87,1984.02,1919.67,16.59,50.77,2.3763,1924.0,2052.7,1862.49,1984.87,122.38,2.364,ok,"TVD converted from deviation survey; porosity from density-porosity equation (rho_ma=2.65, rho_fl=1.0)"
BLT-01,141969.2,457114.89,1984.1,1919.74,15.05,51.24,2.4017,1924.0,2052.7,1862.49,1984.87,122.38,2.364,ok,"TVD converted from deviation survey; porosity from density-porosity equation (rho_ma=2.65, rho_fl=1.0)"
BLT-01,141969.21,457114.9,1984.17,1919.82,13.43,51.2,2.4283,1924.0,2052.7,1862.49,1984.87,122.38,2.364,ok,"TVD converted from deviation survey; porosity from density-porosity equation (rho_ma=2.65, rho_fl=1.0)"
BLT-01,141969.23,457114.92,1984.25,1919.89,12.24,50.6,2.4481,1924.0,2052.7,1862.49,1984.87,122.38,2.364,ok,"TVD converted from deviation survey; porosity from density-porosity equation (rho_ma=2.65, rho_fl=1.0)"
BLT-01,141969.25,457114.93,1984.32,1919.96,11.55,49.89,2.4595,1924.0,2052.7,1862.49,1984.87,122.38,2.364,ok,"TVD converted from deviation survey; porosity from density-porosity equation (rho_ma=2.65, rho_fl=1.0)"
BLT-01,141969.27,457114.95,1984.4,1920.03,11.33,49.46,2.463,1924.0,2052.7,1862.49,1984.87,122.38,2.364,ok,"TVD converted from deviation survey; porosity from density-porosity equation (rho_ma=2.65, rho_fl=1.0)"
BLT-01,141969.28,457114.96,1984.48,1920.11,11.52,49.36,2.46,1924.0,2052.7,1862.49,1984.87,122.38,2.364,ok,"TVD converted from deviation survey; porosity from density-porosity equation (rho_ma=2.65, rho_fl=1.0)"
BLT-01,141969.3,457114.98,1984.55,1920.18,11.94,49.52,2.4531,1924.0,2052.7,1862.49,1984.87,122.38,2.364,ok,"TVD converted from deviation survey; porosity from density-porosity equation (rho_ma=2.65, rho_fl=1.0)"
BLT-01,141969.32,457114.99,1984.63,1920.25,12.17,49.17,2.4491,1924.0,2052.7,1862.49,1984.87,122.38,2.364,ok,"TVD converted from deviation survey; porosity from density-porosity equation (rho_ma=2.65, rho_fl=1.0)"
BLT-01,141969.34,457115.01,1984.71,1920.32,12.23,48.68,2.4483,1924.0,2052.7,1862.49,1984.87,122.38,2.364,ok,"TVD converted from deviation survey; porosity from density-porosity equation (rho_ma=2.65, rho_fl=1.0)"
BLT-01,141969.36,457115.02,1984.78,1920.4,12.14,48.22,2.4496,1924.0,2052.7,1862.49,1984.87,122.38,2.364,ok,"TVD converted from deviation survey; porosity from density-porosity equation (rho_ma=2.65, rho_fl=1.0)"
BLT-01,141969.37,457115.04,1984.86,1920.47,11.99,47.94,2.4522,1924.0,2052.7,1862.49,1984.87,122.38,2.364,ok,"TVD converted from deviation survey; porosity from density-porosity equation (rho_ma=2.65, rho_fl=1.0)"
BLT-01,141969.39,457115.06,1984.93,1920.54,12.26,47.97,2.4477,1924.0,2052.7,1862.49,1984.87,122.38,2.364,ok,"TVD converted from deviation survey; porosity from density-porosity equation (rho_ma=2.65, rho_fl=1.0)"
BLT-01,141969.41,457115.07,1985.01,1920.61,12.77,48.08,2.4393,1924.0,2052.7,1862.49,1984.87,122.38,2.364,ok,"TVD converted from deviation survey; porosity from density-porosity equation (rho_ma=2.65, rho_fl=1.0)"
BLT-01,141969.43,457115.09,1985.09,1920.69,13.41,48.23,2.4287,1924.0,2052.7,1862.49,1984.87,122.38,2.364,ok,"TVD converted from deviation survey; porosity from density-porosity equation (rho_ma=2.65, rho_fl=1.0)"
BLT-01,141969.44,457115.1,1985.16,1920.76,14.1,48.38,2.4174,1924.0,2052.7,1862.49,1984.87,122.38,2.364,ok,"TVD converted from deviation survey; porosity from density-porosity equation (rho_ma=2.65, rho_fl=1.0)"
BLT-01,141969.46,457115.12,1985.24,1920.83,14.79,48.28,2.406,1924.0,2052.7,1862.49,1984.87,122.38,2.364,ok,"TVD converted from deviation survey; porosity from density-porosity equation (rho_ma=2.65, rho_fl=1.0)"
BLT-01,141969.48,457115.13,1985.31,1920.9,15.18,48.05,2.3995,1924.0,2052.7,1862.49,1984.87,122.38,2.364,ok,"TVD converted from deviation survey; porosity from density-porosity equation (rho_ma=2.65, rho_fl=1.0)"
BLT-01,141969.5,457115.15,1985.39,1920.98,15.34,47.67,2.3969,1924.0,2052.7,1862.49,1984.87,122.38,2.364,ok,"TVD converted from deviation survey; porosity from density-porosity equation (rho_ma=2.65, rho_fl=1.0)"
BLT-01,141969.52,457115.16,1985.47,1921.05,15.35,47.2,2.3968,1924.0,2052.7,1862.49,1984.87,122.38,2.364,ok,"TVD converted from deviation survey; porosity from density-porosity equation (rho_ma=2.65, rho_fl=1.0)"
BLT-01,141969.53,457115.18,1985.54,1921.12,15.52,46.79,2.3939,1924.0,2052.7,1862.49,1984.87,122.38,2.364,ok,"TVD converted from deviation survey; porosity from density-porosity equation (rho_ma=2.65, rho_fl=1.0)"
BLT-01,141969.55,457115.19,1985.62,1921.19,15.87,46.59,2.3881,1924.0,2052.7,1862.49,1984.87,122.38,2.364,ok,"TVD converted from deviation survey; porosity from density-porosity equation (rho_ma=2.65, rho_fl=1.0)"
BLT-01,141969.57,457115.21,1985.7,1921.27,16.3,46.68,2.3811,1924.0,2052.7,1862.49,1984.87,122.38,2.364,ok,"TVD converted from deviation survey; porosity from density-porosity equation (rho_ma=2.65, rho_fl=1.0)"
BLT-01,141969.59,457115.22,1985.77,1921.34,16.83,47.07,2.3723,1924.0,2052.7,1862.49,1984.87,122.38,2.364,ok,"TVD converted from deviation survey; porosity from density-porosity equation (rho_ma=2.65, rho_fl=1.0)"
BLT-01,141969.6,457115.24,1985.85,1921.41,17.61,47.68,2.3595,1924.0,2052.7,1862.49,1984.87,122.38,2.364,ok,"TVD converted from deviation survey; porosity from density-porosity equation (rho_ma=2.65, rho_fl=1.0)"
BLT-01,141969.62,457115.25,1985.92,1921.48,18.2,48.0,2.3497,1924.0,2052.7,1862.49,1984.87,122.38,2.364,ok,"TVD converted from deviation survey; porosity from density-porosity equation (rho_ma=2.65, rho_fl=1.0)"
BLT-01,141969.64,457115.27,1986.0,1921.56,18.53,48.04,2.3442,1924.0,2052.7,1862.49,1984.87,122.38,2.364,ok,"TVD converted from deviation survey; porosity from density-porosity equation (rho_ma=2.65, rho_fl=1.0)"
BLT-01,141969.66,457115.29,1986.08,1921.63,18.6,47.9,2.3431,1924.0,2052.7,1862.49,1984.87,122.38,2.364,ok,"TVD converted from deviation survey; porosity from density-porosity equation (rho_ma=2.65, rho_fl=1.0)"
BLT-01,141969.68,457115.3,1986.15,1921.7,18.42,47.74,2.3461,1924.0,2052.7,1862.49,1984.87,122.38,2.364,ok,"TVD converted from deviation survey; porosity from density-porosity equation (rho_ma=2.65, rho_fl=1.0)"
BLT-01,141969.69,457115.32,1986.23,1921.77,18.08,47.88,2.3517,1924.0,2052.7,1862.49,1984.87,122.38,2.364,ok,"TVD converted from deviation survey; porosity from density-porosity equation (rho_ma=2.65, rho_fl=1.0)"
BLT-01,141969.71,457115.33,1986.31,1921.85,17.77,48.09,2.3568,1924.0,2052.7,1862.49,1984.87,122.38,2.364,ok,"TVD converted from deviation survey; porosity from density-porosity equation (rho_ma=2.65, rho_fl=1.0)"
BLT-01,141969.73,457115.35,1986.38,1921.92,17.48,48.11,2.3616,1924.0,2052.7,1862.49,1984.87,122.38,2.364,ok,"TVD converted from deviation survey; porosity from density-porosity equation (rho_ma=2.65, rho_fl=1.0)"
BLT-01,141969.75,457115.36,1986.46,1921.99,17.18,47.63,2.3666,1924.0,2052.7,1862.49,1984.87,122.38,2.364,ok,"TVD converted from deviation survey; porosity from density-porosity equation (rho_ma=2.65, rho_fl=1.0)"
BLT-01,141969.77,457115.38,1986.53,1922.06,17.1,46.85,2.3678,1924.0,2052.7,1862.49,1984.87,122.38,2.364,ok,"TVD converted from deviation survey; porosity from density-porosity equation (rho_ma=2.65, rho_fl=1.0)"
BLT-01,141969.78,457115.39,1986.61,1922.13,17.17,46.25,2.3666,1924.0,2052.7,1862.49,1984.87,122.38,2.364,ok,"TVD converted from deviation survey; porosity from density-porosity equation (rho_ma=2.65, rho_fl=1.0)"
BLT-01,141969.8,457115.41,1986.69,1922.21,17.37,46.1,2.3635,1924.0,2052.7,1862.49,1984.87,122.38,2.364,ok,"TVD converted from deviation survey; porosity from density-porosity equation (rho_ma=2.65, rho_fl=1.0)"
BLT-01,141969.82,457115.42,1986.76,1922.28,17.63,46.55,2.3591,1924.0,2052.7,1862.49,1984.87,122.38,2.364,ok,"TVD converted from deviation survey; porosity from density-porosity equation (rho_ma=2.65, rho_fl=1.0)"
BLT-01,141969.84,457115.44,1986.84,1922.35,17.74,47.25,2.3573,1924.0,2052.7,1862.49,1984.87,122.38,2.364,ok,"TVD converted from deviation survey; porosity from density-porosity equation (rho_ma=2.65, rho_fl=1.0)"
BLT-01,141969.85,457115.45,1986.91,1922.42,17.65,47.74,2.3587,1924.0,2052.7,1862.49,1984.87,122.38,2.364,ok,"TVD converted from deviation survey; porosity from density-porosity equation (rho_ma=2.65, rho_fl=1.0)"
BLT-01,141969.87,457115.47,1986.99,1922.5,17.45,48.0,2.3622,1924.0,2052.7,1862.49,1984.87,122.38,2.365,ok,"TVD converted from deviation survey; porosity from density-porosity equation (rho_ma=2.65, rho_fl=1.0)"
BLT-01,141969.89,457115.49,1987.07,1922.57,17.18,47.94,2.3665,1924.0,2052.7,1862.49,1984.87,122.38,2.365,ok,"TVD converted from deviation survey; porosity from density-porosity equation (rho_ma=2.65, rho_fl=1.0)"
BLT-01,141969.91,457115.5,1987.14,1922.64,16.99,47.33,2.3696,1924.0,2052.7,1862.49,1984.87,122.38,2.365,ok,"TVD converted from deviation survey; porosity from density-porosity equation (rho_ma=2.65, rho_fl=1.0)"
BLT-01,141969.93,457115.52,1987.22,1922.71,16.94,46.56,2.3706,1924.0,2052.7,1862.49,1984.87,122.38,2.365,ok,"TVD converted from deviation survey; porosity from density-porosity equation (rho_ma=2.65, rho_fl=1.0)"
BLT-01,141969.94,457115.53,1987.3,1922.79,16.86,45.67,2.3718,1924.0,2052.7,1862.49,1984.87,122.38,2.365,ok,"TVD converted from deviation survey; porosity from density-porosity equation (rho_ma=2.65, rho_fl=1.0)"
BLT-01,141969.96,457115.55,1987.37,1922.86,16.74,44.86,2.3739,1924.0,2052.7,1862.49,1984.87,122.38,2.365,ok,"TVD converted from deviation survey; porosity from density-porosity equation (rho_ma=2.65, rho_fl=1.0)"
BLT-01,141969.98,457115.56,1987.45,1922.93,16.58,44.63,2.3764,1924.0,2052.7,1862.49,1984.87,122.38,2.365,ok,"TVD converted from deviation survey; porosity from density-porosity equation (rho_ma=2.65, rho_fl=1.0)"
BLT-01,141970.0,457115.58,1987.52,1923.0,16.5,44.96,2.3777,1924.0,2052.7,1862.49,1984.87,122.38,2.365,ok,"TVD converted from deviation survey; porosity from density-porosity equation (rho_ma=2.65, rho_fl=1.0)"
BLT-01,141970.02,457115.59,1987.6,1923.08,16.54,45.75,2.3771,1924.0,2052.7,1862.49,1984.87,122.38,2.365,ok,"TVD converted from deviation survey; porosity from density-porosity equation (rho_ma=2.65, rho_fl=1.0)"
BLT-01,141970.03,457115.61,1987.68,1923.15,16.69,46.85,2.3747,1924.0,2052.7,1862.49,1984.87,122.38,2.365,ok,"TVD converted from deviation survey; porosity from density-porosity equation (rho_ma=2.65, rho_fl=1.0)"
BLT-01,141970.05,457115.62,1987.75,1923.22,16.91,48.05,2.3709,1924.0,2052.7,1862.49,1984.87,122.38,2.365,ok,"TVD converted from deviation survey; porosity from density-porosity equation (rho_ma=2.65, rho_fl=1.0)"
BLT-01,141970.07,457115.64,1987.83,1923.29,17.06,48.77,2.3684,1924.0,2052.7,1862.49,1984.87,122.38,2.365,ok,"TVD converted from deviation survey; porosity from density-porosity equation (rho_ma=2.65, rho_fl=1.0)"
BLT-01,141970.09,457115.66,1987.91,1923.37,17.07,49.3,2.3683,1924.0,2052.7,1862.49,1984.87,122.38,2.365,ok,"TVD converted from deviation survey; porosity from density-porosity equation (rho_ma=2.65, rho_fl=1.0)"
BLT-01,141970.11,457115.67,1987.98,1923.44,16.96,49.63,2.3702,1924.0,2052.7,1862.49,1984.87,122.38,2.365,ok,"TVD converted from deviation survey; porosity from density-porosity equation (rho_ma=2.65, rho_fl=1.0)"
BLT-01,141970.12,457115.69,1988.06,1923.51,16.75,49.74,2.3736,1924.0,2052.7,1862.49,1984.87,122.38,2.365,ok,"TVD converted from deviation survey; porosity from density-porosity equation (rho_ma=2.65, rho_fl=1.0)"
BLT-01,141970.14,457115.7,1988.13,1923.58,16.5,49.73,2.3777,1924.0,2052.7,1862.49,1984.87,122.38,2.365,ok,"TVD converted from deviation survey; porosity from density-porosity equation (rho_ma=2.65, rho_fl=1.0)"
BLT-01,141970.16,457115.72,1988.21,1923.66,16.18,49.2,2.3831,1924.0,2052.7,1862.49,1984.87,122.38,2.365,ok,"TVD converted from deviation survey; porosity from density-porosity equation (rho_ma=2.65, rho_fl=1.0)"
BLT-01,141970.18,457115.73,1988.29,1923.73,15.86,48.44,2.3883,1924.0,2052.7,1862.49,1984.87,122.38,2.365,ok,"TVD converted from deviation survey; porosity from density-porosity equation (rho_ma=2.65, rho_fl=1.0)"
BLT-01,141970.2,457115.75,1988.36,1923.8,15.63,47.71,2.3921,1924.0,2052.7,1862.49,1984.87,122.38,2.365,ok,"TVD converted from deviation survey; porosity from density-porosity equation (rho_ma=2.65, rho_fl=1.0)"
BLT-01,141970.21,457115.76,1988.44,1923.87,15.6,47.5,2.3926,1924.0,2052.7,1862.49,1984.87,122.38,2.365,ok,"TVD converted from deviation survey; porosity from density-porosity equation (rho_ma=2.65, rho_fl=1.0)"
BLT-01,141970.23,457115.78,1988.52,1923.95,15.64,48.15,2.3919,1924.0,2052.7,1862.49,1984.87,122.38,2.365,ok,"TVD converted from deviation survey; porosity from density-porosity equation (rho_ma=2.65, rho_fl=1.0)"
BLT-01,141970.25,457115.8,1988.59,1924.02,15.66,49.05,2.3917,1924.0,2052.7,1862.49,1984.87,122.38,2.365,ok,"TVD converted from deviation survey; porosity from density-porosity equation (rho_ma=2.65, rho_fl=1.0)"
BLT-01,141970.27,457115.81,1988.67,1924.09,15.59,49.84,2.3928,1924.0,2052.7,1862.49,1984.87,122.38,2.365,ok,"TVD converted from deviation survey; porosity from density-porosity equation (rho_ma=2.65, rho_fl=1.0)"
BLT-01,141970.29,457115.83,1988.74,1924.16,15.38,49.91,2.3962,1924.0,2052.7,1862.49,1984.87,122.38,2.365,ok,"TVD converted from deviation survey; porosity from density-porosity equation (rho_ma=2.65, rho_fl=1.0)"
BLT-01,141970.3,457115.84,1988.82,1924.24,15.2,49.66,2.3992,1924.0,2052.7,1862.49,1984.87,122.38,2.365,ok,"TVD converted from deviation survey; porosity from density-porosity equation (rho_ma=2.65, rho_fl=1.0)"
BLT-01,141970.32,457115.86,1988.9,1924.31,15.12,49.32,2.4006,1924.0,2052.7,1862.49,1984.87,122.38,2.365,ok,"TVD converted from deviation survey; porosity from density-porosity equation (rho_ma=2.65, rho_fl=1.0)"
BLT-01,141970.34,457115.87,1988.97,1924.38,15.15,48.88,2.4,1924.0,2052.7,1862.49,1984.87,122.38,2.365,ok,"TVD converted from deviation survey; porosity from density-porosity equation (rho_ma=2.65, rho_fl=1.0)"
BLT-01,141970.36,457115.89,1989.05,1924.45,15.3,48.21,2.3976,1924.0,2052.7,1862.49,1984.87,122.38,2.365,ok,"TVD converted from deviation survey; porosity from density-porosity equation (rho_ma=2.65, rho_fl=1.0)"
BLT-01,141970.38,457115.9,1989.12,1924.52,15.33,46.5,2.3971,1924.0,2052.7,1862.49,1984.87,122.38,2.365,ok,"TVD converted from deviation survey; porosity from density-porosity equation (rho_ma=2.65, rho_fl=1.0)"
BLT-01,141970.39,457115.92,1989.2,1924.6,15.29,44.86,2.3977,1924.0,2052.7,1862.49,1984.87,122.38,2.365,ok,"TVD converted from deviation survey; porosity from density-porosity equation (rho_ma=2.65, rho_fl=1.0)"
BLT-01,141970.41,457115.93,1989.28,1924.67,15.24,43.73,2.3986,1924.0,2052.7,1862.49,1984.87,122.38,2.365,ok,"TVD converted from deviation survey; porosity from density-porosity equation (rho_ma=2.65, rho_fl=1.0)"
BLT-01,141970.43,457115.95,1989.35,1924.74,15.2,43.55,2.3992,1924.0,2052.7,1862.49,1984.87,122.38,2.365,ok,"TVD converted from deviation survey; porosity from density-porosity equation (rho_ma=2.65, rho_fl=1.0)"
BLT-01,141970.45,457115.97,1989.43,1924.81,15.32,44.55,2.3972,1924.0,2052.7,1862.49,1984.87,122.38,2.365,ok,"TVD converted from deviation survey; porosity from density-porosity equation (rho_ma=2.65, rho_fl=1.0)"
BLT-01,141970.46,457115.98,1989.51,1924.89,15.45,45.74,2.3951,1924.0,2052.7,1862.49,1984.87,122.38,2.365,ok,"TVD converted from deviation survey; porosity from density-porosity equation (rho_ma=2.65, rho_fl=1.0)"
BLT-01,141970.48,457116.0,1989.58,1924.96,15.55,46.74,2.3934,1924.0,2052.7,1862.49,1984.87,122.38,2.365,ok,"TVD converted from deviation survey; porosity from density-porosity equation (rho_ma=2.65, rho_fl=1.0)"
BLT-01,141970.5,457116.01,1989.66,1925.03,15.61,47.15,2.3925,1924.0,2052.7,1862.49,1984.87,122.38,2.365,ok,"TVD converted from deviation survey; porosity from density-porosity equation (rho_ma=2.65, rho_fl=1.0)"
BLT-01,141970.52,457116.03,1989.73,1925.1,15.56,47.13,2.3932,1924.0,2052.7,1862.49,1984.87,122.38,2.365,ok,"TVD converted from deviation survey; porosity from density-porosity equation (rho_ma=2.65, rho_fl=1.0)"
BLT-01,141970.54,457116.04,1989.81,1925.18,15.47,47.0,2.3947,1924.0,2052.7,1862.49,1984.87,122.38,2.365,ok,"TVD converted from deviation survey; porosity from density-porosity equation (rho_ma=2.65, rho_fl=1.0)"
BLT-01,141970.55,457116.06,1989.89,1925.25,15.33,46.83,2.397,1924.0,2052.7,1862.49,1984.87,122.38,2.365,ok,"TVD converted from deviation survey; porosity from density-porosity equation (rho_ma=2.65, rho_fl=1.0)"
BLT-01,141970.57,457116.07,1989.96,1925.32,15.12,46.62,2.4005,1924.0,2052.7,1862.49,1984.87,122.38,2.365,ok,"TVD converted from deviation survey; porosity from density-porosity equation (rho_ma=2.65, rho_fl=1.0)"
BLT-01,141970.59,457116.09,1990.04,1925.39,14.75,45.8,2.4066,1924.0,2052.7,1862.49,1984.87,122.38,2.365,ok,"TVD converted from deviation survey; porosity from density-porosity equation (rho_ma=2.65, rho_fl=1.0)"
BLT-01,141970.61,457116.1,1990.12,1925.47,14.44,44.87,2.4117,1924.0,2052.7,1862.49,1984.87,122.38,2.365,ok,"TVD converted from deviation survey; porosity from density-porosity equation (rho_ma=2.65, rho_fl=1.0)"
BLT-01,141970.63,457116.12,1990.19,1925.54,14.25,44.3,2.4149,1924.0,2052.7,1862.49,1984.87,122.38,2.365,ok,"TVD converted from deviation survey; porosity from density-porosity equation (rho_ma=2.65, rho_fl=1.0)"
BLT-01,141970.64,457116.14,1990.27,1925.61,14.15,44.31,2.4165,1924.0,2052.7,1862.49,1984.87,122.38,2.365,ok,"TVD converted from deviation survey; porosity from density-porosity equation (rho_ma=2.65, rho_fl=1.0)"
BLT-01,141970.66,457116.15,1990.34,1925.68,14.08,45.01,2.4176,1924.0,2052.7,1862.49,1984.87,122.38,2.365,ok,"TVD converted from deviation survey; porosity from density-porosity equation (rho_ma=2.65, rho_fl=1.0)"
BLT-01,141970.68,457116.17,1990.42,1925.76,14.03,45.78,2.4185,1924.0,2052.7,1862.49,1984.87,122.38,2.365,ok,"TVD converted from deviation survey; porosity from density-porosity equation (rho_ma=2.65, rho_fl=1.0)"
BLT-01,141970.7,457116.18,1990.5,1925.83,14.01,46.4,2.4189,1924.0,2052.7,1862.49,1984.87,122.38,2.365,ok,"TVD converted from deviation survey; porosity from density-porosity equation (rho_ma=2.65, rho_fl=1.0)"
BLT-01,141970.72,457116.2,1990.57,1925.9,14.01,46.86,2.4188,1924.0,2052.7,1862.49,1984.87,122.38,2.365,ok,"TVD converted from deviation survey; porosity from density-porosity equation (rho_ma=2.65, rho_fl=1.0)"
BLT-01,141970.73,457116.21,1990.65,1925.97,14.04,47.35,2.4184,1924.0,2052.7,1862.49,1984.87,122.38,2.365,ok,"TVD converted from deviation survey; porosity from density-porosity equation (rho_ma=2.65, rho_fl=1.0)"
BLT-01,141970.75,457116.23,1990.72,1926.05,14.04,47.55,2.4183,1924.0,2052.7,1862.49,1984.87,122.38,2.366,ok,"TVD converted from deviation survey; porosity from density-porosity equation (rho_ma=2.65, rho_fl=1.0)"
BLT-01,141970.77,457116.24,1990.8,1926.12,14.03,47.45,2.4185,1924.0,2052.7,1862.49,1984.87,122.38,2.366,ok,"TVD converted from deviation survey; porosity from density-porosity equation (rho_ma=2.65, rho_fl=1.0)"
BLT-01,141970.79,457116.26,1990.88,1926.19,14.01,47.05,2.4189,1924.0,2052.7,1862.49,1984.87,122.38,2.366,ok,"TVD converted from deviation survey; porosity from density-porosity equation (rho_ma=2.65, rho_fl=1.0)"
BLT-01,141970.81,457116.27,1990.95,1926.26,13.98,46.39,2.4194,1924.0,2052.7,1862.49,1984.87,122.38,2.366,ok,"TVD converted from deviation survey; porosity from density-porosity equation (rho_ma=2.65, rho_fl=1.0)"
BLT-01,141970.82,457116.29,1991.03,1926.34,13.93,46.04,2.4202,1924.0,2052.7,1862.49,1984.87,122.38,2.366,ok,"TVD converted from deviation survey; porosity from density-porosity equation (rho_ma=2.65, rho_fl=1.0)"
BLT-01,141970.84,457116.31,1991.11,1926.41,13.84,46.0,2.4216,1924.0,2052.7,1862.49,1984.87,122.38,2.366,ok,"TVD converted from deviation survey; porosity from density-porosity equation (rho_ma=2.65, rho_fl=1.0)"
BLT-01,141970.86,457116.32,1991.18,1926.48,13.73,46.1,2.4234,1924.0,2052.7,1862.49,1984.87,122.38,2.366,ok,"TVD converted from deviation survey; porosity from density-porosity equation (rho_ma=2.65, rho_fl=1.0)"
BLT-01,141970.88,457116.34,1991.26,1926.55,13.63,46.15,2.4251,1924.0,2052.7,1862.49,1984.87,122.38,2.366,ok,"TVD converted from deviation survey; porosity from density-porosity equation (rho_ma=2.65, rho_fl=1.0)"
BLT-01,141970.9,457116.35,1991.33,1926.63,13.68,45.89,2.4243,1924.0,2052.7,1862.49,1984.87,122.38,2.366,ok,"TVD converted from deviation survey; porosity from density-porosity equation (rho_ma=2.65, rho_fl=1.0)"
BLT-01,141970.91,457116.37,1991.41,1926.7,13.87,45.64,2.4211,1924.0,2052.7,1862.49,1984.87,122.38,2.366,ok,"TVD converted from deviation survey; porosity from density-porosity equation (rho_ma=2.65, rho_fl=1.0)"
BLT-01,141970.93,457116.38,1991.49,1926.77,14.16,45.66,2.4163,1924.0,2052.7,1862.49,1984.87,122.38,2.366,ok,"TVD converted from deviation survey; porosity from density-porosity equation (rho_ma=2.65, rho_fl=1.0)"
BLT-01,141970.95,457116.4,1991.56,1926.84,14.5,46.08,2.4108,1924.0,2052.7,1862.49,1984.87,122.38,2.366,ok,"TVD converted from deviation survey; porosity from density-porosity equation (rho_ma=2.65, rho_fl=1.0)"
BLT-01,141970.97,457116.41,1991.64,1926.92,14.63,46.78,2.4087,1924.0,2052.7,1862.49,1984.87,122.38,2.366,ok,"TVD converted from deviation survey; porosity from density-porosity equation (rho_ma=2.65, rho_fl=1.0)"
BLT-01,141970.99,457116.43,1991.72,1926.99,14.52,47.12,2.4105,1924.0,2052.7,1862.49,1984.87,122.38,2.366,ok,"TVD converted from deviation survey; porosity from density-porosity equation (rho_ma=2.65, rho_fl=1.0)"
BLT-01,141971.0,457116.44,1991.79,1927.06,14.24,46.86,2.4151,1924.0,2052.7,1862.49,1984.87,122.38,2.366,ok,"TVD converted from deviation survey; porosity from density-porosity equation (rho_ma=2.65, rho_fl=1.0)"
BLT-01,141971.02,457116.46,1991.87,1927.13,13.88,46.0,2.421,1924.0,2052.7,1862.49,1984.87,122.38,2.366,ok,"TVD converted from deviation survey; porosity from density-porosity equation (rho_ma=2.65, rho_fl=1.0)"
BLT-01,141971.04,457116.48,1991.94,1927.2,13.71,45.03,2.4238,1924.0,2052.7,1862.49,1984.87,122.38,2.366,ok,"TVD converted from deviation survey; porosity from density-porosity equation (rho_ma=2.65, rho_fl=1.0)"
BLT-01,141971.06,457116.49,1992.02,1927.28,13.76,44.76,2.4229,1924.0,2052.7,1862.49,1984.87,122.38,2.366,ok,"TVD converted from deviation survey; porosity from density-porosity equation (rho_ma=2.65, rho_fl=1.0)"
BLT-01,141971.08,457116.51,1992.1,1927.35,13.89,45.05,2.4209,1924.0,2052.7,1862.49,1984.87,122.38,2.366,ok,"TVD converted from deviation survey; porosity from density-porosity equation (rho_ma=2.65, rho_fl=1.0)"
BLT-01,141971.09,457116.52,1992.17,1927.42,13.99,45.72,2.4192,1924.0,2052.7,1862.49,1984.87,122.38,2.366,ok,"TVD converted from deviation survey; porosity from density-porosity equation (rho_ma=2.65, rho_fl=1.0)"
BLT-01,141971.11,457116.54,1992.25,1927.49,13.91,46.34,2.4205,1924.0,2052.7,1862.49,1984.87,122.38,2.366,ok,"TVD converted from deviation survey; porosity from density-porosity equation (rho_ma=2.65, rho_fl=1.0)"
BLT-01,141971.13,457116.55,1992.33,1927.57,13.63,46.44,2.425,1924.0,2052.7,1862.49,1984.87,122.38,2.366,ok,"TVD converted from deviation survey; porosity from density-porosity equation (rho_ma=2.65, rho_fl=1.0)"
BLT-01,141971.15,457116.57,1992.4,1927.64,13.22,46.37,2.4319,1924.0,2052.7,1862.49,1984.87,122.38,2.366,ok,"TVD converted from deviation survey; porosity from density-porosity equation (rho_ma=2.65, rho_fl=1.0)"
BLT-01,141971.16,457116.58,1992.48,1927.71,12.76,46.31,2.4395,1924.0,2052.7,1862.49,1984.87,122.38,2.366,ok,"TVD converted from deviation survey; porosity from density-porosity equation (rho_ma=2.65, rho_fl=1.0)"
BLT-01,141971.18,457116.6,1992.55,1927.78,12.39,46.49,2.4456,1924.0,2052.7,1862.49,1984.87,122.38,2.366,ok,"TVD converted from deviation survey; porosity from density-porosity equation (rho_ma=2.65, rho_fl=1.0)"
BLT-01,141971.2,457116.61,1992.63,1927.86,12.33,47.28,2.4466,1924.0,2052.7,1862.49,1984.87,122.38,2.366,ok,"TVD converted from deviation survey; porosity from density-porosity equation (rho_ma=2.65, rho_fl=1.0)"
BLT-01,141971.22,457116.63,1992.71,1927.93,12.4,48.23,2.4454,1924.0,2052.7,1862.49,1984.87,122.38,2.366,ok,"TVD converted from deviation survey; porosity from density-porosity equation (rho_ma=2.65, rho_fl=1.0)"
BLT-01,141971.24,457116.65,1992.78,1928.0,12.56,48.95,2.4428,1924.0,2052.7,1862.49,1984.87,122.38,2.366,ok,"TVD converted from deviation survey; porosity from density-porosity equation (rho_ma=2.65, rho_fl=1.0)"
BLT-01,141971.25,457116.66,1992.86,1928.07,12.74,49.03,2.4398,1924.0,2052.7,1862.49,1984.87,122.38,2.366,ok,"TVD converted from deviation survey; porosity from density-porosity equation (rho_ma=2.65, rho_fl=1.0)"
BLT-01,141971.27,457116.68,1992.93,1928.15,12.85,48.1,2.438,1924.0,2052.7,1862.49,1984.87,122.38,2.366,ok,"TVD converted from deviation survey; porosity from density-porosity equation (rho_ma=2.65, rho_fl=1.0)"
BLT-01,141971.29,457116.69,1993.01,1928.22,12.9,46.86,2.4371,1924.0,2052.7,1862.49,1984.87,122.38,2.366,ok,"TVD converted from deviation survey; porosity from density-porosity equation (rho_ma=2.65, rho_fl=1.0)"
BLT-01,141971.31,457116.71,1993.09,1928.29,12.9,45.67,2.4372,1924.0,2052.7,1862.49,1984.87,122.38,2.366,ok,"TVD converted from deviation survey; porosity from density-porosity equation (rho_ma=2.65, rho_fl=1.0)"
BLT-01,141971.33,457116.72,1993.16,1928.36,12.81,44.75,2.4387,1924.0,2052.7,1862.49,1984.87,122.38,2.366,ok,"TVD converted from deviation survey; porosity from density-porosity equation (rho_ma=2.65, rho_fl=1.0)"
BLT-01,141971.34,457116.74,1993.24,1928.44,12.57,44.25,2.4426,1924.0,2052.7,1862.49,1984.87,122.38,2.366,ok,"TVD converted from deviation survey; porosity from density-porosity equation (rho_ma=2.65, rho_fl=1.0)"
BLT-01,141971.36,457116.75,1993.32,1928.51,12.21,43.87,2.4485,1924.0,2052.7,1862.49,1984.87,122.38,2.366,ok,"TVD converted from deviation survey; porosity from density-porosity equation (rho_ma=2.65, rho_fl=1.0)"
BLT-01,141971.38,457116.77,1993.39,1928.58,11.92,43.77,2.4533,1924.0,2052.7,1862.49,1984.87,122.38,2.366,ok,"TVD converted from deviation survey; porosity from density-porosity equation (rho_ma=2.65, rho_fl=1.0)"
BLT-01,141971.4,457116.79,1993.47,1928.65,11.8,44.0,2.4553,1924.0,2052.7,1862.49,1984.87,122.38,2.366,ok,"TVD converted from deviation survey; porosity from density-porosity equation (rho_ma=2.65, rho_fl=1.0)"
BLT-01,141971.42,457116.8,1993.54,1928.73,11.98,44.58,2.4524,1924.0,2052.7,1862.49,1984.87,122.38,2.366,ok,"TVD converted from deviation survey; porosity from density-porosity equation (rho_ma=2.65, rho_fl=1.0)"
BLT-01,141971.43,457116.82,1993.62,1928.8,12.37,45.12,2.4459,1924.0,2052.7,1862.49,1984.87,122.38,2.366,ok,"TVD converted from deviation survey; porosity from density-porosity equation (rho_ma=2.65, rho_fl=1.0)"
BLT-01,141971.45,457116.83,1993.7,1928.87,12.75,45.37,2.4397,1924.0,2052.7,1862.49,1984.87,122.38,2.366,ok,"TVD converted from deviation survey; porosity from density-porosity equation (rho_ma=2.65, rho_fl=1.0)"
BLT-01,141971.47,457116.85,1993.77,1928.94,13.03,45.26,2.435,1924.0,2052.7,1862.49,1984.87,122.38,2.366,ok,"TVD converted from deviation survey; porosity from density-porosity equation (rho_ma=2.65, rho_fl=1.0)"
BLT-01,141971.49,457116.86,1993.85,1929.02,13.15,44.72,2.433,1924.0,2052.7,1862.49,1984.87,122.38,2.366,ok,"TVD converted from deviation survey; porosity from density-porosity equation (rho_ma=2.65, rho_fl=1.0)"
BLT-01,141971.51,457116.88,1993.93,1929.09,13.14,44.55,2.4332,1924.0,2052.7,1862.49,1984.87,122.38,2.366,ok,"TVD converted from deviation survey; porosity from density-porosity equation (rho_ma=2.65, rho_fl=1.0)"
BLT-01,141971.52,457116.89,1994.0,1929.16,13.06,44.79,2.4345,1924.0,2052.7,1862.49,1984.87,122.38,2.366,ok,"TVD converted from deviation survey; porosity from density-porosity equation (rho_ma=2.65, rho_fl=1.0)"
BLT-01,141971.54,457116.91,1994.08,1929.23,12.97,45.42,2.436,1924.0,2052.7,1862.49,1984.87,122.38,2.366,ok,"TVD converted from deviation survey; porosity from density-porosity equation (rho_ma=2.65, rho_fl=1.0)"
BLT-01,141971.56,457116.92,1994.15,1929.31,12.96,46.38,2.4361,1924.0,2052.7,1862.49,1984.87,122.38,2.366,ok,"TVD converted from deviation survey; porosity from density-porosity equation (rho_ma=2.65, rho_fl=1.0)"
BLT-01,141971.58,457116.94,1994.23,1929.38,13.15,46.98,2.433,1924.0,2052.7,1862.49,1984.87,122.38,2.366,ok,"TVD converted from deviation survey; porosity from density-porosity equation (rho_ma=2.65, rho_fl=1.0)"
BLT-01,141971.6,457116.96,1994.31,1929.45,13.46,47.19,2.4279,1924.0,2052.7,1862.49,1984.87,122.38,2.366,ok,"TVD converted from deviation survey; porosity from density-porosity equation (rho_ma=2.65, rho_fl=1.0)"
BLT-01,141971.61,457116.97,1994.38,1929.52,13.86,47.14,2.4213,1924.0,2052.7,1862.49,1984.87,122.38,2.367,ok,"TVD converted from deviation survey; porosity from density-porosity equation (rho_ma=2.65, rho_fl=1.0)"
BLT-01,141971.63,457116.99,1994.46,1929.59,14.3,46.97,2.4141,1924.0,2052.7,1862.49,1984.87,122.38,2.367,ok,"TVD converted from deviation survey; porosity from density-porosity equation (rho_ma=2.65, rho_fl=1.0)"
BLT-01,141971.65,457117.0,1994.53,1929.67,14.48,46.75,2.4111,1924.0,2052.7,1862.49,1984.87,122.38,2.367,ok,"TVD converted from deviation survey; porosity from density-porosity equation (rho_ma=2.65, rho_fl=1.0)"
BLT-01,141971.67,457117.02,1994.61,1929.74,14.41,46.56,2.4122,1924.0,2052.7,1862.49,1984.87,122.38,2.367,ok,"TVD converted from deviation survey; porosity from density-porosity equation (rho_ma=2.65, rho_fl=1.0)"
BLT-01,141971.69,457117.03,1994.69,1929.81,14.19,46.24,2.4158,1924.0,2052.7,1862.49,1984.87,122.38,2.367,ok,"TVD converted from deviation survey; porosity from density-porosity equation (rho_ma=2.65, rho_fl=1.0)"
BLT-01,141971.7,457117.05,1994.76,1929.88,13.91,45.73,2.4205,1924.0,2052.7,1862.49,1984.87,122.38,2.367,ok,"TVD converted from deviation survey; porosity from density-porosity equation (rho_ma=2.65, rho_fl=1.0)"
BLT-01,141971.72,457117.06,1994.84,1929.96,13.79,45.43,2.4224,1924.0,2052.7,1862.49,1984.87,122.38,2.367,ok,"TVD converted from deviation survey; porosity from density-porosity equation (rho_ma=2.65, rho_fl=1.0)"
BLT-01,141971.74,457117.08,1994.92,1930.03,13.87,45.55,2.4211,1924.0,2052.7,1862.49,1984.87,122.38,2.367,ok,"TVD converted from deviation survey; porosity from density-porosity equation (rho_ma=2.65, rho_fl=1.0)"
BLT-01,141971.76,457117.09,1994.99,1930.1,13.92,45.86,2.4203,1924.0,2052.7,1862.49,1984.87,122.38,2.367,ok,"TVD converted from deviation survey; porosity from density-porosity equation (rho_ma=2.65, rho_fl=1.0)"
BLT-01,141971.77,457117.11,1995.07,1930.17,13.8,46.17,2.4222,1924.0,2052.7,1862.49,1984.87,122.38,2.367,ok,"TVD converted from deviation survey; porosity from density-porosity equation (rho_ma=2.65, rho_fl=1.0)"
BLT-01,141971.79,457117.13,1995.14,1930.25,13.34,46.03,2.4299,1924.0,2052.7,1862.49,1984.87,122.38,2.367,ok,"TVD converted from deviation survey; porosity from density-porosity equation (rho_ma=2.65, rho_fl=1.0)"
BLT-01,141971.81,457117.14,1995.22,1930.32,12.61,45.56,2.4419,1924.0,2052.7,1862.49,1984.87,122.38,2.367,ok,"TVD converted from deviation survey; porosity from density-porosity equation (rho_ma=2.65, rho_fl=1.0)"
BLT-01,141971.83,457117.16,1995.3,1930.39,11.82,45.35,2.4549,1924.0,2052.7,1862.49,1984.87,122.38,2.367,ok,"TVD converted from deviation survey; porosity from density-porosity equation (rho_ma=2.65, rho_fl=1.0)"
BLT-01,141971.85,457117.17,1995.37,1930.46,11.18,45.57,2.4655,1924.0,2052.7,1862.49,1984.87,122.38,2.367,ok,"TVD converted from deviation survey; porosity from density-porosity equation (rho_ma=2.65, rho_fl=1.0)"
BLT-01,141971.86,457117.19,1995.45,1930.54,11.12,46.34,2.4666,1924.0,2052.7,1862.49,1984.87,122.38,2.367,ok,"TVD converted from deviation survey; porosity from density-porosity equation (rho_ma=2.65, rho_fl=1.0)"
BLT-01,141971.88,457117.2,1995.53,1930.61,11.82,47.15,2.4549,1924.0,2052.7,1862.49,1984.87,122.38,2.367,ok,"TVD converted from deviation survey; porosity from density-porosity equation (rho_ma=2.65, rho_fl=1.0)"
BLT-01,141971.9,457117.22,1995.6,1930.68,13.08,47.74,2.4342,1924.0,2052.7,1862.49,1984.87,122.38,2.367,ok,"TVD converted from deviation survey; porosity from density-porosity equation (rho_ma=2.65, rho_fl=1.0)"
BLT-01,141971.92,457117.23,1995.68,1930.75,14.56,48.09,2.4098,1924.0,2052.7,1862.49,1984.87,122.38,2.367,ok,"TVD converted from deviation survey; porosity from density-porosity equation (rho_ma=2.65, rho_fl=1.0)"
BLT-01,141971.94,457117.25,1995.75,1930.83,15.78,48.23,2.3897,1924.0,2052.7,1862.49,1984.87,122.38,2.367,ok,"TVD converted from deviation survey; porosity from density-porosity equation (rho_ma=2.65, rho_fl=1.0)"
BLT-01,141971.95,457117.26,1995.83,1930.9,16.22,48.18,2.3824,1924.0,2052.7,1862.49,1984.87,122.38,2.367,ok,"TVD converted from deviation survey; porosity from density-porosity equation (rho_ma=2.65, rho_fl=1.0)"
BLT-01,141971.97,457117.28,1995.91,1930.97,16.59,47.94,2.3763,1924.0,2052.7,1862.49,1984.87,122.38,2.367,ok,"TVD converted from deviation survey; porosity from density-porosity equation (rho_ma=2.65, rho_fl=1.0)"
BLT-01,141971.99,457117.3,1995.98,1931.04,16.91,47.54,2.371,1924.0,2052.7,1862.49,1984.87,122.38,2.367,ok,"TVD converted from deviation survey; porosity from density-porosity equation (rho_ma=2.65, rho_fl=1.0)"
BLT-01,141972.01,457117.31,1996.06,1931.12,17.22,47.07,2.3659,1924.0,2052.7,1862.49,1984.87,122.38,2.367,ok,"TVD converted from deviation survey; porosity from density-porosity equation (rho_ma=2.65, rho_fl=1.0)"
BLT-01,141972.03,457117.33,1996.14,1931.19,17.51,46.85,2.3611,1924.0,2052.7,1862.49,1984.87,122.38,2.367,ok,"TVD converted from deviation survey; porosity from density-porosity equation (rho_ma=2.65, rho_fl=1.0)"
BLT-01,141972.04,457117.34,1996.21,1931.26,17.94,47.06,2.3539,1924.0,2052.7,1862.49,1984.87,122.38,2.367,ok,"TVD converted from deviation survey; porosity from density-porosity equation (rho_ma=2.65, rho_fl=1.0)"
BLT-01,141972.06,457117.36,1996.29,1931.33,18.4,47.59,2.3464,1924.0,2052.7,1862.49,1984.87,122.38,2.367,ok,"TVD converted from deviation survey; porosity from density-porosity equation (rho_ma=2.65, rho_fl=1.0)"
BLT-01,141972.08,457117.37,1996.36,1931.41,18.78,48.33,2.3401,1924.0,2052.7,1862.49,1984.87,122.38,2.367,ok,"TVD converted from deviation survey; porosity from density-porosity equation (rho_ma=2.65, rho_fl=1.0)"
BLT-01,141972.1,457117.39,1996.44,1931.48,18.98,48.89,2.3369,1924.0,2052.7,1862.49,1984.87,122.38,2.367,ok,"TVD converted from deviation survey; porosity from density-porosity equation (rho_ma=2.65, rho_fl=1.0)"
BLT-01,141972.12,457117.4,1996.52,1931.55,19.01,49.18,2.3363,1924.0,2052.7,1862.49,1984.87,122.38,2.367,ok,"TVD converted from deviation survey; porosity from density-porosity equation (rho_ma=2.65, rho_fl=1.0)"
BLT-01,141972.13,457117.42,1996.59,1931.62,18.91,49.27,2.338,1924.0,2052.7,1862.49,1984.87,122.38,2.367,ok,"TVD converted from deviation survey; porosity from density-porosity equation (rho_ma=2.65, rho_fl=1.0)"
BLT-01,141972.15,457117.43,1996.67,1931.7,18.69,49.23,2.3417,1924.0,2052.7,1862.49,1984.87,122.38,2.367,ok,"TVD converted from deviation survey; porosity from density-porosity equation (rho_ma=2.65, rho_fl=1.0)"
BLT-01,141972.17,457117.45,1996.74,1931.77,18.43,49.22,2.346,1924.0,2052.7,1862.49,1984.87,122.38,2.367,ok,"TVD converted from deviation survey; porosity from density-porosity equation (rho_ma=2.65, rho_fl=1.0)"
BLT-01,141972.19,457117.47,1996.82,1931.84,18.21,49.3,2.3495,1924.0,2052.7,1862.49,1984.87,122.38,2.367,ok,"TVD converted from deviation survey; porosity from density-porosity equation (rho_ma=2.65, rho_fl=1.0)"
BLT-01,141972.21,457117.48,1996.9,1931.91,18.11,49.34,2.3512,1924.0,2052.7,1862.49,1984.87,122.38,2.367,ok,"TVD converted from deviation survey; porosity from density-porosity equation (rho_ma=2.65, rho_fl=1.0)"
BLT-01,141972.22,457117.5,1996.97,1931.99,18.1,49.32,2.3513,1924.0,2052.7,1862.49,1984.87,122.38,2.367,ok,"TVD converted from deviation survey; porosity from density-porosity equation (rho_ma=2.65, rho_fl=1.0)"
BLT-01,141972.24,457117.51,1997.05,1932.06,18.14,49.23,2.3507,1924.0,2052.7,1862.49,1984.87,122.38,2.367,ok,"TVD converted from deviation survey; porosity from density-porosity equation (rho_ma=2.65, rho_fl=1.0)"
BLT-01,141972.26,457117.53,1997.13,1932.13,17.9,49.15,2.3547,1924.0,2052.7,1862.49,1984.87,122.38,2.367,ok,"TVD converted from deviation survey; porosity from density-porosity equation (rho_ma=2.65, rho_fl=1.0)"
BLT-01,141972.28,457117.54,1997.2,1932.2,17.6,48.98,2.3597,1924.0,2052.7,1862.49,1984.87,122.38,2.367,ok,"TVD converted from deviation survey; porosity from density-porosity equation (rho_ma=2.65, rho_fl=1.0)"
BLT-01,141972.3,457117.56,1997.28,1932.27,17.32,48.71,2.3643,1924.0,2052.7,1862.49,1984.87,122.38,2.367,ok,"TVD converted from deviation survey; porosity from density-porosity equation (rho_ma=2.65, rho_fl=1.0)"
BLT-01,141972.31,457117.57,1997.35,1932.35,17.16,48.36,2.3669,1924.0,2052.7,1862.49,1984.87,122.38,2.367,ok,"TVD converted from deviation survey; porosity from density-porosity equation (rho_ma=2.65, rho_fl=1.0)"
BLT-01,141972.33,457117.59,1997.43,1932.42,17.15,48.47,2.367,1924.0,2052.7,1862.49,1984.87,122.38,2.367,ok,"TVD converted from deviation survey; porosity from density-porosity equation (rho_ma=2.65, rho_fl=1.0)"
BLT-01,141972.35,457117.6,1997.51,1932.49,17.11,48.84,2.3677,1924.0,2052.7,1862.49,1984.87,122.38,2.367,ok,"TVD converted from deviation survey; porosity from density-porosity equation (rho_ma=2.65, rho_fl=1.0)"
BLT-01,141972.37,457117.62,1997.58,1932.56,16.97,49.29,2.37,1924.0,2052.7,1862.49,1984.87,122.38,2.367,ok,"TVD converted from deviation survey; porosity from density-porosity equation (rho_ma=2.65, rho_fl=1.0)"
BLT-01,141972.39,457117.64,1997.66,1932.64,16.64,49.69,2.3754,1924.0,2052.7,1862.49,1984.87,122.38,2.367,ok,"TVD converted from deviation survey; porosity from density-porosity equation (rho_ma=2.65, rho_fl=1.0)"
BLT-01,141972.4,457117.65,1997.74,1932.71,15.73,49.69,2.3905,1924.0,2052.7,1862.49,1984.87,122.38,2.367,ok,"TVD converted from deviation survey; porosity from density-porosity equation (rho_ma=2.65, rho_fl=1.0)"
BLT-01,141972.42,457117.67,1997.81,1932.78,14.76,49.52,2.4065,1924.0,2052.7,1862.49,1984.87,122.38,2.367,ok,"TVD converted from deviation survey; porosity from density-porosity equation (rho_ma=2.65, rho_fl=1.0)"
BLT-01,141972.44,457117.68,1997.89,1932.85,13.92,49.34,2.4204,1924.0,2052.7,1862.49,1984.87,122.38,2.367,ok,"TVD converted from deviation survey; porosity from density-porosity equation (rho_ma=2.65, rho_fl=1.0)"
BLT-01,141972.46,457117.7,1997.96,1932.93,13.27,49.22,2.4311,1924.0,2052.7,1862.49,1984.87,122.38,2.367,ok,"TVD converted from deviation survey; porosity from density-porosity equation (rho_ma=2.65, rho_fl=1.0)"
BLT-01,141972.47,457117.71,1998.04,1933.0,12.47,48.9,2.4442,1924.0,2052.7,1862.49,1984.87,122.38,2.367,ok,"TVD converted from deviation survey; porosity from density-porosity equation (rho_ma=2.65, rho_fl=1.0)"
BLT-01,141972.49,457117.73,1998.12,1933.07,11.75,48.5,2.4561,1924.0,2052.7,1862.49,1984.87,122.38,2.368,ok,"TVD converted from deviation survey; porosity from density-porosity equation (rho_ma=2.65, rho_fl=1.0)"
BLT-01,141972.51,457117.74,1998.19,1933.14,11.13,48.05,2.4664,1924.0,2052.7,1862.49,1984.87,122.38,2.368,ok,"TVD converted from deviation survey; porosity from density-porosity equation (rho_ma=2.65, rho_fl=1.0)"
BLT-01,141972.53,457117.76,1998.27,1933.22,10.6,47.64,2.4751,1924.0,2052.7,1862.49,1984.87,122.38,2.368,ok,"TVD converted from deviation survey; porosity from density-porosity equation (rho_ma=2.65, rho_fl=1.0)"
BLT-01,141972.55,457117.78,1998.34,1933.29,10.08,47.51,2.4837,1924.0,2052.7,1862.49,1984.87,122.38,2.368,ok,"TVD converted from deviation survey; porosity from density-porosity equation (rho_ma=2.65, rho_fl=1.0)"
BLT-01,141972.56,457117.79,1998.42,1933.36,9.86,47.81,2.4873,1924.0,2052.7,1862.49,1984.87,122.38,2.368,ok,"TVD converted from deviation survey; porosity from density-porosity equation (rho_ma=2.65, rho_fl=1.0)"
BLT-01,141972.58,457117.81,1998.5,1933.43,9.89,48.21,2.4869,1924.0,2052.7,1862.49,1984.87,122.38,2.368,ok,"TVD converted from deviation survey; porosity from density-porosity equation (rho_ma=2.65, rho_fl=1.0)"
BLT-01,141972.6,457117.82,1998.57,1933.51,10.11,48.53,2.4832,1924.0,2052.7,1862.49,1984.87,122.38,2.368,ok,"TVD converted from deviation survey; porosity from density-porosity equation (rho_ma=2.65, rho_fl=1.0)"
BLT-01,141972.62,457117.84,1998.65,1933.58,10.42,48.49,2.478,1924.0,2052.7,1862.49,1984.87,122.38,2.368,ok,"TVD converted from deviation survey; porosity from density-porosity equation (rho_ma=2.65, rho_fl=1.0)"
BLT-01,141972.64,457117.85,1998.73,1933.65,10.69,47.93,2.4736,1924.0,2052.7,1862.49,1984.87,122.38,2.368,ok,"TVD converted from deviation survey; porosity from density-porosity equation (rho_ma=2.65, rho_fl=1.0)"
BLT-01,141972.65,457117.87,1998.8,1933.72,10.88,47.27,2.4705,1924.0,2052.7,1862.49,1984.87,122.38,2.368,ok,"TVD converted from deviation survey; porosity from density-porosity equation (rho_ma=2.65, rho_fl=1.0)"
BLT-01,141972.67,457117.88,1998.88,1933.8,11.01,46.48,2.4683,1924.0,2052.7,1862.49,1984.87,122.38,2.368,ok,"TVD converted from deviation survey; porosity from density-porosity equation (rho_ma=2.65, rho_fl=1.0)"
BLT-01,141972.69,457117.9,1998.95,1933.87,11.16,45.44,2.4659,1924.0,2052.7,1862.49,1984.87,122.38,2.368,ok,"TVD converted from deviation survey; porosity from density-porosity equation (rho_ma=2.65, rho_fl=1.0)"
BLT-01,141972.71,457117.91,1999.03,1933.94,11.19,44.5,2.4653,1924.0,2052.7,1862.49,1984.87,122.38,2.368,ok,"TVD converted from deviation survey; porosity from density-porosity equation (rho_ma=2.65, rho_fl=1.0)"
BLT-01,141972.73,457117.93,1999.11,1934.01,11.15,43.74,2.466,1924.0,2052.7,1862.49,1984.87,122.38,2.368,ok,"TVD converted from deviation survey; porosity from density-porosity equation (rho_ma=2.65, rho_fl=1.0)"
BLT-01,141972.74,457117.95,1999.18,1934.09,11.03,43.12,2.468,1924.0,2052.7,1862.49,1984.87,122.38,2.368,ok,"TVD converted from deviation survey; porosity from density-porosity equation (rho_ma=2.65, rho_fl=1.0)"
BLT-01,141972.76,457117.96,1999.26,1934.16,10.85,42.63,2.471,1924.0,2052.7,1862.49,1984.87,122.38,2.368,ok,"TVD converted from deviation survey; porosity from density-porosity equation (rho_ma=2.65, rho_fl=1.0)"
BLT-01,141972.78,457117.98,1999.34,1934.23,10.67,42.87,2.4739,1924.0,2052.7,1862.49,1984.87,122.38,2.368,ok,"TVD converted from deviation survey; porosity from density-porosity equation (rho_ma=2.65, rho_fl=1.0)"
BLT-01,141972.8,457117.99,1999.41,1934.3,10.55,43.52,2.4759,1924.0,2052.7,1862.49,1984.87,122.38,2.368,ok,"TVD converted from deviation survey; porosity from density-porosity equation (rho_ma=2.65, rho_fl=1.0)"
BLT-01,141972.82,457118.01,1999.49,1934.38,10.34,44.32,2.4793,1924.0,2052.7,1862.49,1984.87,122.38,2.368,ok,"TVD converted from deviation survey; porosity from density-porosity equation (rho_ma=2.65, rho_fl=1.0)"
BLT-01,141972.83,457118.02,1999.56,1934.45,9.99,45.04,2.4852,1924.0,2052.7,1862.49,1984.87,122.38,2.368,ok,"TVD converted from deviation survey; porosity from density-porosity equation (rho_ma=2.65, rho_fl=1.0)"
BLT-01,141972.85,457118.04,1999.64,1934.52,9.64,45.11,2.491,1924.0,2052.7,1862.49,1984.87,122.38,2.368,ok,"TVD converted from deviation survey; porosity from density-porosity equation (rho_ma=2.65, rho_fl=1.0)"
BLT-01,141972.87,457118.05,1999.72,1934.59,9.52,44.98,2.493,1924.0,2052.7,1862.49,1984.87,122.38,2.368,ok,"TVD converted from deviation survey; porosity from density-porosity equation (rho_ma=2.65, rho_fl=1.0)"
BLT-01,141972.89,457118.07,1999.79,1934.66,9.89,45.14,2.4868,1924.0,2052.7,1862.49,1984.87,122.38,2.368,ok,"TVD converted from deviation survey; porosity from density-porosity equation (rho_ma=2.65, rho_fl=1.0)"
BLT-01,141972.91,457118.08,1999.87,1934.74,10.83,45.68,2.4713,1924.0,2052.7,1862.49,1984.87,122.38,2.368,ok,"TVD converted from deviation survey; porosity from density-porosity equation (rho_ma=2.65, rho_fl=1.0)"
BLT-01,141972.92,457118.1,1999.95,1934.81,12.17,46.36,2.4492,1924.0,2052.7,1862.49,1984.87,122.38,2.368,ok,"TVD converted from deviation survey; porosity from density-porosity equation (rho_ma=2.65, rho_fl=1.0)"
BLT-01,141972.94,457118.12,2000.02,1934.88,13.36,46.85,2.4295,1924.0,2052.7,1862.49,1984.87,122.38,2.368,ok,"TVD converted from deviation survey; porosity from density-porosity equation (rho_ma=2.65, rho_fl=1.0)"
BLT-01,141972.96,457118.13,2000.1,1934.95,14.57,47.41,2.4095,1924.0,2052.7,1862.49,1984.87,122.38,2.368,ok,"TVD converted from deviation survey; porosity from density-porosity equation (rho_ma=2.65, rho_fl=1.0)"
BLT-01,141972.98,457118.15,2000.17,1935.03,15.71,48.05,2.3909,1924.0,2052.7,1862.49,1984.87,122.38,2.368,ok,"TVD converted from deviation survey; porosity from density-porosity equation (rho_ma=2.65, rho_fl=1.0)"
BLT-01,141973.0,457118.16,2000.25,1935.1,16.42,48.69,2.379,1924.0,2052.7,1862.49,1984.87,122.38,2.368,ok,"TVD converted from deviation survey; porosity from density-porosity equation (rho_ma=2.65, rho_fl=1.0)"
BLT-01,141973.01,457118.18,2000.33,1935.17,16.65,48.9,2.3752,1924.0,2052.7,1862.49,1984.87,122.38,2.368,ok,"TVD converted from deviation survey; porosity from density-porosity equation (rho_ma=2.65, rho_fl=1.0)"
BLT-01,141973.03,457118.19,2000.4,1935.24,17.0,48.68,2.3695,1924.0,2052.7,1862.49,1984.87,122.38,2.368,ok,"TVD converted from deviation survey; porosity from density-porosity equation (rho_ma=2.65, rho_fl=1.0)"
BLT-01,141973.05,457118.21,2000.48,1935.32,17.47,48.16,2.3617,1924.0,2052.7,1862.49,1984.87,122.38,2.368,ok,"TVD converted from deviation survey; porosity from density-porosity equation (rho_ma=2.65, rho_fl=1.0)"
BLT-01,141973.07,457118.22,2000.55,1935.39,18.01,47.56,2.3528,1924.0,2052.7,1862.49,1984.87,122.38,2.368,ok,"TVD converted from deviation survey; porosity from density-porosity equation (rho_ma=2.65, rho_fl=1.0)"
BLT-01,141973.08,457118.24,2000.63,1935.46,18.5,47.15,2.3448,1924.0,2052.7,1862.49,1984.87,122.38,2.368,ok,"TVD converted from deviation survey; porosity from density-porosity equation (rho_ma=2.65, rho_fl=1.0)"
BLT-01,141973.1,457118.25,2000.71,1935.53,19.01,46.53,2.3363,1924.0,2052.7,1862.49,1984.87,122.38,2.368,ok,"TVD converted from deviation survey; porosity from density-porosity equation (rho_ma=2.65, rho_fl=1.0)"
BLT-01,141973.12,457118.27,2000.78,1935.61,19.46,45.88,2.329,1924.0,2052.7,1862.49,1984.87,122.38,2.368,ok,"TVD converted from deviation survey; porosity from density-porosity equation (rho_ma=2.65, rho_fl=1.0)"
BLT-01,141973.14,457118.29,2000.86,1935.68,19.71,45.38,2.3248,1924.0,2052.7,1862.49,1984.87,122.38,2.368,ok,"TVD converted from deviation survey; porosity from density-porosity equation (rho_ma=2.65, rho_fl=1.0)"
BLT-01,141973.16,457118.3,2000.94,1935.75,19.64,45.61,2.326,1924.0,2052.7,1862.49,1984.87,122.38,2.368,ok,"TVD converted from deviation survey; porosity from density-porosity equation (rho_ma=2.65, rho_fl=1.0)"
BLT-01,141973.17,457118.32,2001.01,1935.82,19.34,47.0,2.3309,1924.0,2052.7,1862.49,1984.87,122.38,2.368,ok,"TVD converted from deviation survey; porosity from density-porosity equation (rho_ma=2.65, rho_fl=1.0)"
BLT-01,141973.19,457118.33,2001.09,1935.9,18.95,48.87,2.3373,1924.0,2052.7,1862.49,1984.87,122.38,2.368,ok,"TVD converted from deviation survey; porosity from density-porosity equation (rho_ma=2.65, rho_fl=1.0)"
BLT-01,141973.21,457118.35,2001.16,1935.97,18.58,50.63,2.3434,1924.0,2052.7,1862.49,1984.87,122.38,2.368,ok,"TVD converted from deviation survey; porosity from density-porosity equation (rho_ma=2.65, rho_fl=1.0)"
BLT-01,141973.23,457118.36,2001.24,1936.04,18.39,51.13,2.3466,1924.0,2052.7,1862.49,1984.87,122.38,2.368,ok,"TVD converted from deviation survey; porosity from density-porosity equation (rho_ma=2.65, rho_fl=1.0)"
BLT-01,141973.25,457118.38,2001.32,1936.11,18.39,50.16,2.3465,1924.0,2052.7,1862.49,1984.87,122.38,2.368,ok,"TVD converted from deviation survey; porosity from density-porosity equation (rho_ma=2.65, rho_fl=1.0)"
BLT-01,141973.26,457118.39,2001.39,1936.19,18.52,48.69,2.3444,1924.0,2052.7,1862.49,1984.87,122.38,2.368,ok,"TVD converted from deviation survey; porosity from density-porosity equation (rho_ma=2.65, rho_fl=1.0)"
BLT-01,141973.28,457118.41,2001.47,1936.26,18.72,47.3,2.3411,1924.0,2052.7,1862.49,1984.87,122.38,2.368,ok,"TVD converted from deviation survey; porosity from density-porosity equation (rho_ma=2.65, rho_fl=1.0)"
BLT-01,141973.3,457118.42,2001.55,1936.33,18.9,46.95,2.3382,1924.0,2052.7,1862.49,1984.87,122.38,2.368,ok,"TVD converted from deviation survey; porosity from density-porosity equation (rho_ma=2.65, rho_fl=1.0)"
BLT-01,141973.32,457118.44,2001.62,1936.4,18.78,47.84,2.3401,1924.0,2052.7,1862.49,1984.87,122.38,2.368,ok,"TVD converted from deviation survey; porosity from density-porosity equation (rho_ma=2.65, rho_fl=1.0)"
BLT-01,141973.34,457118.46,2001.7,1936.48,18.5,49.0,2.3448,1924.0,2052.7,1862.49,1984.87,122.38,2.368,ok,"TVD converted from deviation survey; porosity from density-porosity equation (rho_ma=2.65, rho_fl=1.0)"
BLT-01,141973.35,457118.47,2001.77,1936.55,18.12,50.02,2.351,1924.0,2052.7,1862.49,1984.87,122.38,2.369,ok,"TVD converted from deviation survey; porosity from density-porosity equation (rho_ma=2.65, rho_fl=1.0)"
BLT-01,141973.37,457118.49,2001.85,1936.62,17.75,50.33,2.3571,1924.0,2052.7,1862.49,1984.87,122.38,2.369,ok,"TVD converted from deviation survey; porosity from density-porosity equation (rho_ma=2.65, rho_fl=1.0)"
BLT-01,141973.39,457118.5,2001.93,1936.69,17.4,49.96,2.363,1924.0,2052.7,1862.49,1984.87,122.38,2.369,ok,"TVD converted from deviation survey; porosity from density-porosity equation (rho_ma=2.65, rho_fl=1.0)"
BLT-01,141973.41,457118.52,2002.0,1936.77,17.12,49.33,2.3676,1924.0,2052.7,1862.49,1984.87,122.38,2.369,ok,"TVD converted from deviation survey; porosity from density-porosity equation (rho_ma=2.65, rho_fl=1.0)"
BLT-01,141973.43,457118.53,2002.08,1936.84,16.91,48.6,2.371,1924.0,2052.7,1862.49,1984.87,122.38,2.369,ok,"TVD converted from deviation survey; porosity from density-porosity equation (rho_ma=2.65, rho_fl=1.0)"
BLT-01,141973.44,457118.55,2002.15,1936.91,16.74,47.91,2.3737,1924.0,2052.7,1862.49,1984.87,122.38,2.369,ok,"TVD converted from deviation survey; porosity from density-porosity equation (rho_ma=2.65, rho_fl=1.0)"
BLT-01,141973.46,457118.56,2002.23,1936.98,16.48,46.87,2.3781,1924.0,2052.7,1862.49,1984.87,122.38,2.369,ok,"TVD converted from deviation survey; porosity from density-porosity equation (rho_ma=2.65, rho_fl=1.0)"
BLT-01,141973.48,457118.58,2002.31,1937.06,16.31,46.03,2.3809,1924.0,2052.7,1862.49,1984.87,122.38,2.369,ok,"TVD converted from deviation survey; porosity from density-porosity equation (rho_ma=2.65, rho_fl=1.0)"
BLT-01,141973.5,457118.59,2002.38,1937.13,16.26,45.5,2.3818,1924.0,2052.7,1862.49,1984.87,122.38,2.369,ok,"TVD converted from deviation survey; porosity from density-porosity equation (rho_ma=2.65, rho_fl=1.0)"
BLT-01,141973.52,457118.61,2002.46,1937.2,16.35,45.34,2.3802,1924.0,2052.7,1862.49,1984.87,122.38,2.369,ok,"TVD converted from deviation survey; porosity from density-porosity equation (rho_ma=2.65, rho_fl=1.0)"
BLT-01,141973.53,457118.63,2002.54,1937.27,16.55,45.06,2.3769,1924.0,2052.7,1862.49,1984.87,122.38,2.369,ok,"TVD converted from deviation survey; porosity from density-porosity equation (rho_ma=2.65, rho_fl=1.0)"
BLT-01,141973.55,457118.64,2002.61,1937.34,16.68,44.84,2.3748,1924.0,2052.7,1862.49,1984.87,122.38,2.369,ok,"TVD converted from deviation survey; porosity from density-porosity equation (rho_ma=2.65, rho_fl=1.0)"
BLT-01,141973.57,457118.66,2002.69,1937.42,16.69,44.78,2.3746,1924.0,2052.7,1862.49,1984.87,122.38,2.369,ok,"TVD converted from deviation survey; porosity from density-porosity equation (rho_ma=2.65, rho_fl=1.0)"
BLT-01,141973.59,457118.67,2002.76,1937.49,16.56,44.91,2.3768,1924.0,2052.7,1862.49,1984.87,122.38,2.369,ok,"TVD converted from deviation survey; porosity from density-porosity equation (rho_ma=2.65, rho_fl=1.0)"
BLT-01,141973.61,457118.69,2002.84,1937.56,16.23,45.14,2.3822,1924.0,2052.7,1862.49,1984.87,122.38,2.369,ok,"TVD converted from deviation survey; porosity from density-porosity equation (rho_ma=2.65, rho_fl=1.0)"
BLT-01,141973.62,457118.7,2002.92,1937.63,15.89,45.31,2.3879,1924.0,2052.7,1862.49,1984.87,122.38,2.369,ok,"TVD converted from deviation survey; porosity from density-porosity equation (rho_ma=2.65, rho_fl=1.0)"
BLT-01,141973.64,457118.72,2002.99,1937.71,15.63,45.56,2.392,1924.0,2052.7,1862.49,1984.87,122.38,2.369,ok,"TVD converted from deviation survey; porosity from density-porosity equation (rho_ma=2.65, rho_fl=1.0)"
BLT-01,141973.66,457118.73,2003.07,1937.78,15.5,46.08,2.3943,1924.0,2052.7,1862.49,1984.87,122.38,2.369,ok,"TVD converted from deviation survey; porosity from density-porosity equation (rho_ma=2.65, rho_fl=1.0)"
BLT-01,141973.68,457118.75,2003.15,1937.85,15.42,47.41,2.3956,1924.0,2052.7,1862.49,1984.87,122.38,2.369,ok,"TVD converted from deviation survey; porosity from density-porosity equation (rho_ma=2.65, rho_fl=1.0)"
BLT-01,141973.7,457118.77,2003.22,1937.92,15.4,48.58,2.3959,1924.0,2052.7,1862.49,1984.87,122.38,2.369,ok,"TVD converted from deviation survey; porosity from density-porosity equation (rho_ma=2.65, rho_fl=1.0)"
BLT-01,141973.71,457118.78,2003.3,1938.0,15.38,49.2,2.3963,1924.0,2052.7,1862.49,1984.87,122.38,2.369,ok,"TVD converted from deviation survey; porosity from density-porosity equation (rho_ma=2.65, rho_fl=1.0)"
BLT-01,141973.73,457118.8,2003.37,1938.07,15.34,49.25,2.3969,1924.0,2052.7,1862.49,1984.87,122.38,2.369,ok,"TVD converted from deviation survey; porosity from density-porosity equation (rho_ma=2.65, rho_fl=1.0)"
BLT-01,141973.75,457118.81,2003.45,1938.14,15.28,48.83,2.3978,1924.0,2052.7,1862.49,1984.87,122.38,2.369,ok,"TVD converted from deviation survey; porosity from density-porosity equation (rho_ma=2.65, rho_fl=1.0)"
BLT-01,141973.77,457118.83,2003.53,1938.21,15.29,48.37,2.3978,1924.0,2052.7,1862.49,1984.87,122.38,2.369,ok,"TVD converted from deviation survey; porosity from density-porosity equation (rho_ma=2.65, rho_fl=1.0)"
BLT-01,141973.78,457118.84,2003.6,1938.29,15.36,48.02,2.3966,1924.0,2052.7,1862.49,1984.87,122.38,2.369,ok,"TVD converted from deviation survey; porosity from density-porosity equation (rho_ma=2.65, rho_fl=1.0)"
BLT-01,141973.8,457118.86,2003.68,1938.36,15.48,47.68,2.3946,1924.0,2052.7,1862.49,1984.87,122.38,2.369,ok,"TVD converted from deviation survey; porosity from density-porosity equation (rho_ma=2.65, rho_fl=1.0)"
BLT-01,141973.82,457118.87,2003.76,1938.43,15.63,47.19,2.3922,1924.0,2052.7,1862.49,1984.87,122.38,2.369,ok,"TVD converted from deviation survey; porosity from density-porosity equation (rho_ma=2.65, rho_fl=1.0)"
BLT-01,141973.84,457118.89,2003.83,1938.5,15.63,46.97,2.3921,1924.0,2052.7,1862.49,1984.87,122.38,2.369,ok,"TVD converted from deviation survey; porosity from density-porosity equation (rho_ma=2.65, rho_fl=1.0)"
BLT-01,141973.86,457118.9,2003.91,1938.58,15.51,46.93,2.3941,1924.0,2052.7,1862.49,1984.87,122.38,2.369,ok,"TVD converted from deviation survey; porosity from density-porosity equation (rho_ma=2.65, rho_fl=1.0)"
BLT-01,141973.87,457118.92,2003.98,1938.65,15.33,46.88,2.3971,1924.0,2052.7,1862.49,1984.87,122.38,2.369,ok,"TVD converted from deviation survey; porosity from density-porosity equation (rho_ma=2.65, rho_fl=1.0)"
BLT-01,141973.89,457118.94,2004.06,1938.72,15.15,46.66,2.4001,1924.0,2052.7,1862.49,1984.87,122.38,2.369,ok,"TVD converted from deviation survey; porosity from density-porosity equation (rho_ma=2.65, rho_fl=1.0)"
BLT-01,141973.91,457118.95,2004.14,1938.79,15.19,46.36,2.3994,1924.0,2052.7,1862.49,1984.87,122.38,2.369,ok,"TVD converted from deviation survey; porosity from density-porosity equation (rho_ma=2.65, rho_fl=1.0)"
BLT-01,141973.93,457118.97,2004.21,1938.87,15.42,46.17,2.3956,1924.0,2052.7,1862.49,1984.87,122.38,2.369,ok,"TVD converted from deviation survey; porosity from density-porosity equation (rho_ma=2.65, rho_fl=1.0)"
BLT-01,141973.95,457118.98,2004.29,1938.94,15.77,46.0,2.3898,1924.0,2052.7,1862.49,1984.87,122.38,2.369,ok,"TVD converted from deviation survey; porosity from density-porosity equation (rho_ma=2.65, rho_fl=1.0)"
BLT-01,141973.96,457119.0,2004.36,1939.01,16.17,45.79,2.3832,1924.0,2052.7,1862.49,1984.87,122.38,2.369,ok,"TVD converted from deviation survey; porosity from density-porosity equation (rho_ma=2.65, rho_fl=1.0)"
BLT-01,141973.98,457119.01,2004.44,1939.08,16.37,45.55,2.3799,1924.0,2052.7,1862.49,1984.87,122.38,2.369,ok,"TVD converted from deviation survey; porosity from density-porosity equation (rho_ma=2.65, rho_fl=1.0)"
BLT-01,141974.0,457119.03,2004.52,1939.16,16.29,45.32,2.3811,1924.0,2052.7,1862.49,1984.87,122.38,2.369,ok,"TVD converted from deviation survey; porosity from density-porosity equation (rho_ma=2.65, rho_fl=1.0)"
BLT-01,141974.02,457119.04,2004.59,1939.23,16.0,45.3,2.386,1924.0,2052.7,1862.49,1984.87,122.38,2.369,ok,"TVD converted from deviation survey; porosity from density-porosity equation (rho_ma=2.65, rho_fl=1.0)"
BLT-01,141974.04,457119.06,2004.67,1939.3,15.55,45.49,2.3935,1924.0,2052.7,1862.49,1984.87,122.38,2.369,ok,"TVD converted from deviation survey; porosity from density-porosity equation (rho_ma=2.65, rho_fl=1.0)"
BLT-01,141974.05,457119.07,2004.75,1939.37,15.13,45.73,2.4003,1924.0,2052.7,1862.49,1984.87,122.38,2.369,ok,"TVD converted from deviation survey; porosity from density-porosity equation (rho_ma=2.65, rho_fl=1.0)"
BLT-01,141974.07,457119.09,2004.82,1939.45,14.9,45.8,2.4042,1924.0,2052.7,1862.49,1984.87,122.38,2.369,ok,"TVD converted from deviation survey; porosity from density-porosity equation (rho_ma=2.65, rho_fl=1.0)"
BLT-01,141974.09,457119.11,2004.9,1939.52,14.77,45.72,2.4064,1924.0,2052.7,1862.49,1984.87,122.38,2.369,ok,"TVD converted from deviation survey; porosity from density-porosity equation (rho_ma=2.65, rho_fl=1.0)"
BLT-01,141974.11,457119.12,2004.97,1939.59,14.71,45.57,2.4073,1924.0,2052.7,1862.49,1984.87,122.38,2.369,ok,"TVD converted from deviation survey; porosity from density-porosity equation (rho_ma=2.65, rho_fl=1.0)"
BLT-01,141974.13,457119.14,2005.05,1939.66,14.71,45.56,2.4073,1924.0,2052.7,1862.49,1984.87,122.38,2.369,ok,"TVD converted from deviation survey; porosity from density-porosity equation (rho_ma=2.65, rho_fl=1.0)"
BLT-01,141974.14,457119.15,2005.13,1939.73,14.78,46.19,2.4062,1924.0,2052.7,1862.49,1984.87,122.38,2.369,ok,"TVD converted from deviation survey; porosity from density-porosity equation (rho_ma=2.65, rho_fl=1.0)"
BLT-01,141974.16,457119.17,2005.2,1939.81,14.88,46.92,2.4045,1924.0,2052.7,1862.49,1984.87,122.38,2.369,ok,"TVD converted from deviation survey; porosity from density-porosity equation (rho_ma=2.65, rho_fl=1.0)"
BLT-01,141974.18,457119.18,2005.28,1939.88,15.0,47.68,2.4025,1924.0,2052.7,1862.49,1984.87,122.38,2.369,ok,"TVD converted from deviation survey; porosity from density-porosity equation (rho_ma=2.65, rho_fl=1.0)"
BLT-01,141974.2,457119.2,2005.36,1939.95,15.16,48.41,2.3999,1924.0,2052.7,1862.49,1984.87,122.38,2.369,ok,"TVD converted from deviation survey; porosity from density-porosity equation (rho_ma=2.65, rho_fl=1.0)"
BLT-01,141974.22,457119.21,2005.43,1940.02,15.34,49.34,2.397,1924.0,2052.7,1862.49,1984.87,122.38,2.37,ok,"TVD converted from deviation survey; porosity from density-porosity equation (rho_ma=2.65, rho_fl=1.0)"
BLT-01,141974.23,457119.23,2005.51,1940.1,15.52,49.96,2.3939,1924.0,2052.7,1862.49,1984.87,122.38,2.37,ok,"TVD converted from deviation survey; porosity from density-porosity equation (rho_ma=2.65, rho_fl=1.0)"
BLT-01,141974.25,457119.24,2005.58,1940.17,15.71,50.24,2.3909,1924.0,2052.7,1862.49,1984.87,122.38,2.37,ok,"TVD converted from deviation survey; porosity from density-porosity equation (rho_ma=2.65, rho_fl=1.0)"
BLT-01,141974.27,457119.26,2005.66,1940.24,15.89,50.15,2.3878,1924.0,2052.7,1862.49,1984.87,122.38,2.37,ok,"TVD converted from deviation survey; porosity from density-porosity equation (rho_ma=2.65, rho_fl=1.0)"
BLT-01,141974.29,457119.28,2005.74,1940.31,16.09,49.85,2.3845,1924.0,2052.7,1862.49,1984.87,122.38,2.37,ok,"TVD converted from deviation survey; porosity from density-porosity equation (rho_ma=2.65, rho_fl=1.0)"
BLT-01,141974.31,457119.29,2005.81,1940.39,16.17,49.47,2.3832,1924.0,2052.7,1862.49,1984.87,122.38,2.37,ok,"TVD converted from deviation survey; porosity from density-porosity equation (rho_ma=2.65, rho_fl=1.0)"
BLT-01,141974.32,457119.31,2005.89,1940.46,16.09,49.26,2.3844,1924.0,2052.7,1862.49,1984.87,122.38,2.37,ok,"TVD converted from deviation survey; porosity from density-porosity equation (rho_ma=2.65, rho_fl=1.0)"
BLT-01,141974.34,457119.32,2005.96,1940.53,15.85,49.38,2.3885,1924.0,2052.7,1862.49,1984.87,122.38,2.37,ok,"TVD converted from deviation survey; porosity from density-porosity equation (rho_ma=2.65, rho_fl=1.0)"
BLT-01,141974.36,457119.34,2006.04,1940.6,15.47,49.88,2.3948,1924.0,2052.7,1862.49,1984.87,122.38,2.37,ok,"TVD converted from deviation survey; porosity from density-porosity equation (rho_ma=2.65, rho_fl=1.0)"
BLT-01,141974.38,457119.35,2006.12,1940.68,15.01,50.08,2.4023,1924.0,2052.7,1862.49,1984.87,122.38,2.37,ok,"TVD converted from deviation survey; porosity from density-porosity equation (rho_ma=2.65, rho_fl=1.0)"
BLT-01,141974.39,457119.37,2006.19,1940.75,14.62,49.94,2.4088,1924.0,2052.7,1862.49,1984.87,122.38,2.37,ok,"TVD converted from deviation survey; porosity from density-porosity equation (rho_ma=2.65, rho_fl=1.0)"
BLT-01,141974.41,457119.38,2006.27,1940.82,14.35,49.49,2.4132,1924.0,2052.7,1862.49,1984.87,122.38,2.37,ok,"TVD converted from deviation survey; porosity from density-porosity equation (rho_ma=2.65, rho_fl=1.0)"
BLT-01,141974.43,457119.4,2006.35,1940.89,14.27,48.96,2.4146,1924.0,2052.7,1862.49,1984.87,122.38,2.37,ok,"TVD converted from deviation survey; porosity from density-porosity equation (rho_ma=2.65, rho_fl=1.0)"
BLT-01,141974.45,457119.41,2006.42,1940.97,14.18,48.73,2.4161,1924.0,2052.7,1862.49,1984.87,122.38,2.37,ok,"TVD converted from deviation survey; porosity from density-porosity equation (rho_ma=2.65, rho_fl=1.0)"
BLT-01,141974.47,457119.43,2006.5,1941.04,14.09,48.59,2.4175,1924.0,2052.7,1862.49,1984.87,122.38,2.37,ok,"TVD converted from deviation survey; porosity from density-porosity equation (rho_ma=2.65, rho_fl=1.0)"
BLT-01,141974.49,457119.45,2006.57,1941.11,14.02,48.49,2.4187,1924.0,2052.7,1862.49,1984.87,122.38,2.37,ok,"TVD converted from deviation survey; porosity from density-porosity equation (rho_ma=2.65, rho_fl=1.0)"
BLT-01,141974.5,457119.46,2006.65,1941.18,13.96,48.34,2.4196,1924.0,2052.7,1862.49,1984.87,122.38,2.37,ok,"TVD converted from deviation survey; porosity from density-porosity equation (rho_ma=2.65, rho_fl=1.0)"
BLT-01,141974.52,457119.48,2006.73,1941.26,13.86,48.24,2.4214,1924.0,2052.7,1862.49,1984.87,122.38,2.37,ok,"TVD converted from deviation survey; porosity from density-porosity equation (rho_ma=2.65, rho_fl=1.0)"
BLT-01,141974.54,457119.49,2006.8,1941.33,13.63,48.19,2.425,1924.0,2052.7,1862.49,1984.87,122.38,2.37,ok,"TVD converted from deviation survey; porosity from density-porosity equation (rho_ma=2.65, rho_fl=1.0)"
BLT-01,141974.56,457119.51,2006.88,1941.4,13.33,48.14,2.4301,1924.0,2052.7,1862.49,1984.87,122.38,2.37,ok,"TVD converted from deviation survey; porosity from density-porosity equation (rho_ma=2.65, rho_fl=1.0)"
BLT-01,141974.58,457119.52,2006.96,1941.47,12.98,47.98,2.4358,1924.0,2052.7,1862.49,1984.87,122.38,2.37,ok,"TVD converted from deviation survey; porosity from density-porosity equation (rho_ma=2.65, rho_fl=1.0)"
BLT-01,141974.59,457119.54,2007.03,1941.54,12.78,47.66,2.4392,1924.0,2052.7,1862.49,1984.87,122.38,2.37,ok,"TVD converted from deviation survey; porosity from density-porosity equation (rho_ma=2.65, rho_fl=1.0)"
BLT-01,141974.61,457119.55,2007.11,1941.62,12.72,47.5,2.4402,1924.0,2052.7,1862.49,1984.87,122.38,2.37,ok,"TVD converted from deviation survey; porosity from density-porosity equation (rho_ma=2.65, rho_fl=1.0)"
BLT-01,141974.63,457119.57,2007.18,1941.69,12.81,47.54,2.4386,1924.0,2052.7,1862.49,1984.87,122.38,2.37,ok,"TVD converted from deviation survey; porosity from density-porosity equation (rho_ma=2.65, rho_fl=1.0)"
BLT-01,141974.65,457119.59,2007.26,1941.76,13.06,47.8,2.4346,1924.0,2052.7,1862.49,1984.87,122.38,2.37,ok,"TVD converted from deviation survey; porosity from density-porosity equation (rho_ma=2.65, rho_fl=1.0)"
BLT-01,141974.67,457119.6,2007.34,1941.83,13.36,48.13,2.4295,1924.0,2052.7,1862.49,1984.87,122.38,2.37,ok,"TVD converted from deviation survey; porosity from density-porosity equation (rho_ma=2.65, rho_fl=1.0)"
BLT-01,141974.68,457119.62,2007.41,1941.91,13.63,48.45,2.4251,1924.0,2052.7,1862.49,1984.87,122.38,2.37,ok,"TVD converted from deviation survey; porosity from density-porosity equation (rho_ma=2.65, rho_fl=1.0)"
BLT-01,141974.7,457119.63,2007.49,1941.98,13.84,48.86,2.4217,1924.0,2052.7,1862.49,1984.87,122.38,2.37,ok,"TVD converted from deviation survey; porosity from density-porosity equation (rho_ma=2.65, rho_fl=1.0)"
BLT-01,141974.72,457119.65,2007.57,1942.05,13.96,49.4,2.4196,1924.0,2052.7,1862.49,1984.87,122.38,2.37,ok,"TVD converted from deviation survey; porosity from density-porosity equation (rho_ma=2.65, rho_fl=1.0)"
BLT-01,141974.74,457119.66,2007.64,1942.12,13.97,49.8,2.4196,1924.0,2052.7,1862.49,1984.87,122.38,2.37,ok,"TVD converted from deviation survey; porosity from density-porosity equation (rho_ma=2.65, rho_fl=1.0)"
BLT-01,141974.76,457119.68,2007.72,1942.2,13.95,49.78,2.4198,1924.0,2052.7,1862.49,1984.87,122.38,2.37,ok,"TVD converted from deviation survey; porosity from density-porosity equation (rho_ma=2.65, rho_fl=1.0)"
BLT-01,141974.78,457119.69,2007.79,1942.27,13.98,49.47,2.4193,1924.0,2052.7,1862.49,1984.87,122.38,2.37,ok,"TVD converted from deviation survey; porosity from density-porosity equation (rho_ma=2.65, rho_fl=1.0)"
BLT-01,141974.79,457119.71,2007.87,1942.34,14.05,48.98,2.4182,1924.0,2052.7,1862.49,1984.87,122.38,2.37,ok,"TVD converted from deviation survey; porosity from density-porosity equation (rho_ma=2.65, rho_fl=1.0)"
BLT-01,141974.81,457119.73,2007.95,1942.41,14.06,48.6,2.418,1924.0,2052.7,1862.49,1984.87,122.38,2.37,ok,"TVD converted from deviation survey; porosity from density-porosity equation (rho_ma=2.65, rho_fl=1.0)"
BLT-01,141974.83,457119.74,2008.02,1942.49,13.94,48.5,2.4199,1924.0,2052.7,1862.49,1984.87,122.38,2.37,ok,"TVD converted from deviation survey; porosity from density-porosity equation (rho_ma=2.65, rho_fl=1.0)"
BLT-01,141974.85,457119.76,2008.1,1942.56,13.66,48.12,2.4246,1924.0,2052.7,1862.49,1984.87,122.38,2.37,ok,"TVD converted from deviation survey; porosity from density-porosity equation (rho_ma=2.65, rho_fl=1.0)"
BLT-01,141974.87,457119.77,2008.17,1942.63,13.26,47.36,2.4312,1924.0,2052.7,1862.49,1984.87,122.38,2.37,ok,"TVD converted from deviation survey; porosity from density-porosity equation (rho_ma=2.65, rho_fl=1.0)"
BLT-01,141974.88,457119.79,2008.25,1942.7,12.89,46.3,2.4374,1924.0,2052.7,1862.49,1984.87,122.38,2.37,ok,"TVD converted from deviation survey; porosity from density-porosity equation (rho_ma=2.65, rho_fl=1.0)"
BLT-01,141974.9,457119.8,2008.33,1942.77,12.65,45.51,2.4413,1924.0,2052.7,1862.49,1984.87,122.38,2.37,ok,"TVD converted from deviation survey; porosity from density-porosity equation (rho_ma=2.65, rho_fl=1.0)"
BLT-01,141974.92,457119.82,2008.4,1942.85,12.39,44.92,2.4455,1924.0,2052.7,1862.49,1984.87,122.38,2.37,ok,"TVD converted from deviation survey; porosity from density-porosity equation (rho_ma=2.65, rho_fl=1.0)"
BLT-01,141974.94,457119.84,2008.48,1942.92,12.07,44.64,2.4509,1924.0,2052.7,1862.49,1984.87,122.38,2.37,ok,"TVD converted from deviation survey; porosity from density-porosity equation (rho_ma=2.65, rho_fl=1.0)"
BLT-01,141974.96,457119.85,2008.56,1942.99,11.63,44.8,2.4582,1924.0,2052.7,1862.49,1984.87,122.38,2.37,ok,"TVD converted from deviation survey; porosity from density-porosity equation (rho_ma=2.65, rho_fl=1.0)"
BLT-01,141974.98,457119.87,2008.63,1943.06,11.13,45.07,2.4663,1924.0,2052.7,1862.49,1984.87,122.38,2.37,ok,"TVD converted from deviation survey; porosity from density-porosity equation (rho_ma=2.65, rho_fl=1.0)"
BLT-01,141974.99,457119.88,2008.71,1943.14,10.69,45.05,2.4736,1924.0,2052.7,1862.49,1984.87,122.38,2.37,ok,"TVD converted from deviation survey; porosity from density-porosity equation (rho_ma=2.65, rho_fl=1.0)"
BLT-01,141975.01,457119.9,2008.78,1943.21,10.21,44.8,2.4816,1924.0,2052.7,1862.49,1984.87,122.38,2.37,ok,"TVD converted from deviation survey; porosity from density-porosity equation (rho_ma=2.65, rho_fl=1.0)"
BLT-01,141975.03,457119.91,2008.86,1943.28,9.62,44.4,2.4912,1924.0,2052.7,1862.49,1984.87,122.38,2.37,ok,"TVD converted from deviation survey; porosity from density-porosity equation (rho_ma=2.65, rho_fl=1.0)"
BLT-01,141975.05,457119.93,2008.94,1943.35,9.5,44.4,2.4933,1924.0,2052.7,1862.49,1984.87,122.38,2.37,ok,"TVD converted from deviation survey; porosity from density-porosity equation (rho_ma=2.65, rho_fl=1.0)"
BLT-01,141975.07,457119.94,2009.01,1943.43,9.84,44.87,2.4877,1924.0,2052.7,1862.49,1984.87,122.38,2.37,ok,"TVD converted from deviation survey; porosity from density-porosity equation (rho_ma=2.65, rho_fl=1.0)"
BLT-01,141975.08,457119.96,2009.09,1943.5,10.41,45.59,2.4783,1924.0,2052.7,1862.49,1984.87,122.38,2.37,ok,"TVD converted from deviation survey; porosity from density-porosity equation (rho_ma=2.65, rho_fl=1.0)"
BLT-01,141975.1,457119.98,2009.17,1943.57,11.1,46.46,2.4669,1924.0,2052.7,1862.49,1984.87,122.38,2.371,ok,"TVD converted from deviation survey; porosity from density-porosity equation (rho_ma=2.65, rho_fl=1.0)"
BLT-01,141975.12,457119.99,2009.24,1943.64,11.96,47.6,2.4526,1924.0,2052.7,1862.49,1984.87,122.38,2.371,ok,"TVD converted from deviation survey; porosity from density-porosity equation (rho_ma=2.65, rho_fl=1.0)"
BLT-01,141975.14,457120.01,2009.32,1943.72,12.75,48.77,2.4396,1924.0,2052.7,1862.49,1984.87,122.38,2.371,ok,"TVD converted from deviation survey; porosity from density-porosity equation (rho_ma=2.65, rho_fl=1.0)"
BLT-01,141975.16,457120.02,2009.39,1943.79,13.55,49.93,2.4264,1924.0,2052.7,1862.49,1984.87,122.38,2.371,ok,"TVD converted from deviation survey; porosity from density-porosity equation (rho_ma=2.65, rho_fl=1.0)"
BLT-01,141975.17,457120.04,2009.47,1943.86,14.54,51.1,2.41,1924.0,2052.7,1862.49,1984.87,122.38,2.371,ok,"TVD converted from deviation survey; porosity from density-porosity equation (rho_ma=2.65, rho_fl=1.0)"
BLT-01,141975.19,457120.05,2009.55,1943.93,16.26,52.41,2.3817,1924.0,2052.7,1862.49,1984.87,122.38,2.371,ok,"TVD converted from deviation survey; porosity from density-porosity equation (rho_ma=2.65, rho_fl=1.0)"
BLT-01,141975.21,457120.07,2009.62,1944.0,17.73,52.76,2.3574,1924.0,2052.7,1862.49,1984.87,122.38,2.371,ok,"TVD converted from deviation survey; porosity from density-porosity equation (rho_ma=2.65, rho_fl=1.0)"
BLT-01,141975.23,457120.08,2009.7,1944.08,18.67,52.48,2.3419,1924.0,2052.7,1862.49,1984.87,122.38,2.371,ok,"TVD converted from deviation survey; porosity from density-porosity equation (rho_ma=2.65, rho_fl=1.0)"
BLT-01,141975.25,457120.1,2009.77,1944.15,19.07,51.78,2.3353,1924.0,2052.7,1862.49,1984.87,122.38,2.371,ok,"TVD converted from deviation survey; porosity from density-porosity equation (rho_ma=2.65, rho_fl=1.0)"
BLT-01,141975.27,457120.12,2009.85,1944.22,19.02,50.98,2.3362,1924.0,2052.7,1862.49,1984.87,122.38,2.371,ok,"TVD converted from deviation survey; porosity from density-porosity equation (rho_ma=2.65, rho_fl=1.0)"
BLT-01,141975.28,457120.13,2009.93,1944.29,18.51,50.63,2.3446,1924.0,2052.7,1862.49,1984.87,122.38,2.371,ok,"TVD converted from deviation survey; porosity from density-porosity equation (rho_ma=2.65, rho_fl=1.0)"
BLT-01,141975.3,457120.15,2010.0,1944.37,17.84,50.61,2.3556,1924.0,2052.7,1862.49,1984.87,122.38,2.371,ok,"TVD converted from deviation survey; porosity from density-porosity equation (rho_ma=2.65, rho_fl=1.0)"
BLT-01,141975.32,457120.16,2010.08,1944.44,17.09,50.9,2.3681,1924.0,2052.7,1862.49,1984.87,122.38,2.371,ok,"TVD converted from deviation survey; porosity from density-porosity equation (rho_ma=2.65, rho_fl=1.0)"
BLT-01,141975.34,457120.18,2010.16,1944.51,16.27,51.42,2.3815,1924.0,2052.7,1862.49,1984.87,122.38,2.371,ok,"TVD converted from deviation survey; porosity from density-porosity equation (rho_ma=2.65, rho_fl=1.0)"
BLT-01,141975.36,457120.19,2010.23,1944.58,15.37,52.12,2.3965,1924.0,2052.7,1862.49,1984.87,122.38,2.371,ok,"TVD converted from deviation survey; porosity from density-porosity equation (rho_ma=2.65, rho_fl=1.0)"
BLT-01,141975.37,457120.21,2010.31,1944.66,14.64,52.52,2.4084,1924.0,2052.7,1862.49,1984.87,122.38,2.371,ok,"TVD converted from deviation survey; porosity from density-porosity equation (rho_ma=2.65, rho_fl=1.0)"
BLT-01,141975.39,457120.22,2010.38,1944.73,14.14,52.54,2.4167,1924.0,2052.7,1862.49,1984.87,122.38,2.371,ok,"TVD converted from deviation survey; porosity from density-porosity equation (rho_ma=2.65, rho_fl=1.0)"
BLT-01,141975.41,457120.24,2010.46,1944.8,13.87,52.12,2.4211,1924.0,2052.7,1862.49,1984.87,122.38,2.371,ok,"TVD converted from deviation survey; porosity from density-porosity equation (rho_ma=2.65, rho_fl=1.0)"
BLT-01,141975.43,457120.26,2010.54,1944.87,13.66,50.76,2.4246,1924.0,2052.7,1862.49,1984.87,122.38,2.371,ok,"TVD converted from deviation survey; porosity from density-porosity equation (rho_ma=2.65, rho_fl=1.0)"
BLT-01,141975.45,457120.27,2010.61,1944.95,13.58,49.42,2.4259,1924.0,2052.7,1862.49,1984.87,122.38,2.371,ok,"TVD converted from deviation survey; porosity from density-porosity equation (rho_ma=2.65, rho_fl=1.0)"
BLT-01,141975.46,457120.29,2010.69,1945.02,13.61,48.36,2.4255,1924.0,2052.7,1862.49,1984.87,122.38,2.371,ok,"TVD converted from deviation survey; porosity from density-porosity equation (rho_ma=2.65, rho_fl=1.0)"
BLT-01,141975.48,457120.3,2010.77,1945.09,13.7,47.7,2.4239,1924.0,2052.7,1862.49,1984.87,122.38,2.371,ok,"TVD converted from deviation survey; porosity from density-porosity equation (rho_ma=2.65, rho_fl=1.0)"
BLT-01,141975.5,457120.32,2010.84,1945.16,13.8,47.49,2.4224,1924.0,2052.7,1862.49,1984.87,122.38,2.371,ok,"TVD converted from deviation survey; porosity from density-porosity equation (rho_ma=2.65, rho_fl=1.0)"
BLT-01,141975.52,457120.33,2010.92,1945.23,13.86,47.21,2.4213,1924.0,2052.7,1862.49,1984.87,122.38,2.371,ok,"TVD converted from deviation survey; porosity from density-porosity equation (rho_ma=2.65, rho_fl=1.0)"
BLT-01,141975.54,457120.35,2010.99,1945.31,13.89,46.92,2.4208,1924.0,2052.7,1862.49,1984.87,122.38,2.371,ok,"TVD converted from deviation survey; porosity from density-porosity equation (rho_ma=2.65, rho_fl=1.0)"
BLT-01,141975.56,457120.36,2011.07,1945.38,13.9,46.7,2.4207,1924.0,2052.7,1862.49,1984.87,122.38,2.371,ok,"TVD converted from deviation survey; porosity from density-porosity equation (rho_ma=2.65, rho_fl=1.0)"
BLT-01,141975.57,457120.38,2011.15,1945.45,13.89,46.77,2.4207,1924.0,2052.7,1862.49,1984.87,122.38,2.371,ok,"TVD converted from deviation survey; porosity from density-porosity equation (rho_ma=2.65, rho_fl=1.0)"
BLT-01,141975.59,457120.4,2011.22,1945.52,13.81,47.28,2.4221,1924.0,2052.7,1862.49,1984.87,122.38,2.371,ok,"TVD converted from deviation survey; porosity from density-porosity equation (rho_ma=2.65, rho_fl=1.0)"
BLT-01,141975.61,457120.41,2011.3,1945.6,13.67,47.89,2.4244,1924.0,2052.7,1862.49,1984.87,122.38,2.371,ok,"TVD converted from deviation survey; porosity from density-porosity equation (rho_ma=2.65, rho_fl=1.0)"
BLT-01,141975.63,457120.43,2011.38,1945.67,13.5,48.49,2.4272,1924.0,2052.7,1862.49,1984.87,122.38,2.371,ok,"TVD converted from deviation survey; porosity from density-porosity equation (rho_ma=2.65, rho_fl=1.0)"
BLT-01,141975.65,457120.44,2011.45,1945.74,13.33,48.96,2.43,1924.0,2052.7,1862.49,1984.87,122.38,2.371,ok,"TVD converted from deviation survey; porosity from density-porosity equation (rho_ma=2.65, rho_fl=1.0)"
BLT-01,141975.66,457120.46,2011.53,1945.81,13.21,49.41,2.432,1924.0,2052.7,1862.49,1984.87,122.38,2.371,ok,"TVD converted from deviation survey; porosity from density-porosity equation (rho_ma=2.65, rho_fl=1.0)"
BLT-01,141975.68,457120.47,2011.6,1945.89,13.14,49.64,2.4331,1924.0,2052.7,1862.49,1984.87,122.38,2.371,ok,"TVD converted from deviation survey; porosity from density-porosity equation (rho_ma=2.65, rho_fl=1.0)"
BLT-01,141975.7,457120.49,2011.68,1945.96,13.1,49.63,2.4339,1924.0,2052.7,1862.49,1984.87,122.38,2.371,ok,"TVD converted from deviation survey; porosity from density-porosity equation (rho_ma=2.65, rho_fl=1.0)"
BLT-01,141975.72,457120.5,2011.76,1946.03,13.02,49.42,2.4351,1924.0,2052.7,1862.49,1984.87,122.38,2.371,ok,"TVD converted from deviation survey; porosity from density-porosity equation (rho_ma=2.65, rho_fl=1.0)"
BLT-01,141975.74,457120.52,2011.83,1946.1,12.72,49.3,2.4401,1924.0,2052.7,1862.49,1984.87,122.38,2.371,ok,"TVD converted from deviation survey; porosity from density-porosity equation (rho_ma=2.65, rho_fl=1.0)"
BLT-01,141975.75,457120.54,2011.91,1946.18,11.76,49.04,2.456,1924.0,2052.7,1862.49,1984.87,122.38,2.371,ok,"TVD converted from deviation survey; porosity from density-porosity equation (rho_ma=2.65, rho_fl=1.0)"
BLT-01,141975.77,457120.55,2011.98,1946.25,10.41,48.7,2.4782,1924.0,2052.7,1862.49,1984.87,122.38,2.371,ok,"TVD converted from deviation survey; porosity from density-porosity equation (rho_ma=2.65, rho_fl=1.0)"
BLT-01,141975.79,457120.57,2012.06,1946.32,8.93,48.38,2.5027,1924.0,2052.7,1862.49,1984.87,122.38,2.371,ok,"TVD converted from deviation survey; porosity from density-porosity equation (rho_ma=2.65, rho_fl=1.0)"
BLT-01,141975.81,457120.58,2012.14,1946.39,7.86,48.29,2.5204,1924.0,2052.7,1862.49,1984.87,122.38,2.371,ok,"TVD converted from deviation survey; porosity from density-porosity equation (rho_ma=2.65, rho_fl=1.0)"
BLT-01,141975.83,457120.6,2012.21,1946.46,7.16,48.41,2.5318,1924.0,2052.7,1862.49,1984.87,122.38,2.371,ok,"TVD converted from deviation survey; porosity from density-porosity equation (rho_ma=2.65, rho_fl=1.0)"
BLT-01,141975.85,457120.61,2012.29,1946.54,6.98,48.56,2.5347,1924.0,2052.7,1862.49,1984.87,122.38,2.371,ok,"TVD converted from deviation survey; porosity from density-porosity equation (rho_ma=2.65, rho_fl=1.0)"
BLT-01,141975.86,457120.63,2012.37,1946.61,7.38,48.65,2.5282,1924.0,2052.7,1862.49,1984.87,122.38,2.371,ok,"TVD converted from deviation survey; porosity from density-porosity equation (rho_ma=2.65, rho_fl=1.0)"
BLT-01,141975.88,457120.64,2012.44,1946.68,8.27,48.45,2.5136,1924.0,2052.7,1862.49,1984.87,122.38,2.371,ok,"TVD converted from deviation survey; porosity from density-porosity equation (rho_ma=2.65, rho_fl=1.0)"
BLT-01,141975.9,457120.66,2012.52,1946.75,9.24,48.3,2.4975,1924.0,2052.7,1862.49,1984.87,122.38,2.371,ok,"TVD converted from deviation survey; porosity from density-porosity equation (rho_ma=2.65, rho_fl=1.0)"
BLT-01,141975.92,457120.68,2012.59,1946.83,10.46,48.06,2.4774,1924.0,2052.7,1862.49,1984.87,122.38,2.371,ok,"TVD converted from deviation survey; porosity from density-porosity equation (rho_ma=2.65, rho_fl=1.0)"
BLT-01,141975.94,457120.69,2012.67,1946.9,11.88,47.7,2.4539,1924.0,2052.7,1862.49,1984.87,122.38,2.371,ok,"TVD converted from deviation survey; porosity from density-porosity equation (rho_ma=2.65, rho_fl=1.0)"
BLT-01,141975.95,457120.71,2012.75,1946.97,13.17,47.16,2.4328,1924.0,2052.7,1862.49,1984.87,122.38,2.371,ok,"TVD converted from deviation survey; porosity from density-porosity equation (rho_ma=2.65, rho_fl=1.0)"
BLT-01,141975.97,457120.72,2012.82,1947.04,14.08,46.76,2.4177,1924.0,2052.7,1862.49,1984.87,122.38,2.372,ok,"TVD converted from deviation survey; porosity from density-porosity equation (rho_ma=2.65, rho_fl=1.0)"
BLT-01,141975.99,457120.74,2012.9,1947.12,15.08,46.91,2.4011,1924.0,2052.7,1862.49,1984.87,122.38,2.372,ok,"TVD converted from deviation survey; porosity from density-porosity equation (rho_ma=2.65, rho_fl=1.0)"
BLT-01,141976.01,457120.75,2012.98,1947.19,16.1,47.61,2.3843,1924.0,2052.7,1862.49,1984.87,122.38,2.372,ok,"TVD converted from deviation survey; porosity from density-porosity equation (rho_ma=2.65, rho_fl=1.0)"
BLT-01,141976.03,457120.77,2013.05,1947.26,16.84,48.73,2.3722,1924.0,2052.7,1862.49,1984.87,122.38,2.372,ok,"TVD converted from deviation survey; porosity from density-porosity equation (rho_ma=2.65, rho_fl=1.0)"
BLT-01,141976.05,457120.78,2013.13,1947.33,17.04,49.55,2.3689,1924.0,2052.7,1862.49,1984.87,122.38,2.372,ok,"TVD converted from deviation survey; porosity from density-porosity equation (rho_ma=2.65, rho_fl=1.0)"
BLT-01,141976.06,457120.8,2013.2,1947.41,17.0,49.91,2.3695,1924.0,2052.7,1862.49,1984.87,122.38,2.372,ok,"TVD converted from deviation survey; porosity from density-porosity equation (rho_ma=2.65, rho_fl=1.0)"
BLT-01,141976.08,457120.82,2013.28,1947.48,16.81,49.89,2.3726,1924.0,2052.7,1862.49,1984.87,122.38,2.372,ok,"TVD converted from deviation survey; porosity from density-porosity equation (rho_ma=2.65, rho_fl=1.0)"
BLT-01,141976.1,457120.83,2013.36,1947.55,16.58,49.62,2.3764,1924.0,2052.7,1862.49,1984.87,122.38,2.372,ok,"TVD converted from deviation survey; porosity from density-porosity equation (rho_ma=2.65, rho_fl=1.0)"
BLT-01,141976.12,457120.85,2013.43,1947.62,16.52,49.36,2.3774,1924.0,2052.7,1862.49,1984.87,122.38,2.372,ok,"TVD converted from deviation survey; porosity from density-porosity equation (rho_ma=2.65, rho_fl=1.0)"
BLT-01,141976.14,457120.86,2013.51,1947.69,16.63,49.13,2.3757,1924.0,2052.7,1862.49,1984.87,122.38,2.372,ok,"TVD converted from deviation survey; porosity from density-porosity equation (rho_ma=2.65, rho_fl=1.0)"
BLT-01,141976.15,457120.88,2013.58,1947.77,17.01,48.94,2.3694,1924.0,2052.7,1862.49,1984.87,122.38,2.372,ok,"TVD converted from deviation survey; porosity from density-porosity equation (rho_ma=2.65, rho_fl=1.0)"
BLT-01,141976.17,457120.89,2013.66,1947.84,17.73,48.77,2.3574,1924.0,2052.7,1862.49,1984.87,122.38,2.372,ok,"TVD converted from deviation survey; porosity from density-porosity equation (rho_ma=2.65, rho_fl=1.0)"
BLT-01,141976.19,457120.91,2013.74,1947.91,18.47,48.59,2.3453,1924.0,2052.7,1862.49,1984.87,122.38,2.372,ok,"TVD converted from deviation survey; porosity from density-porosity equation (rho_ma=2.65, rho_fl=1.0)"
BLT-01,141976.21,457120.92,2013.81,1947.98,18.94,48.66,2.3376,1924.0,2052.7,1862.49,1984.87,122.38,2.372,ok,"TVD converted from deviation survey; porosity from density-porosity equation (rho_ma=2.65, rho_fl=1.0)"
BLT-01,141976.23,457120.94,2013.89,1948.06,19.19,49.2,2.3334,1924.0,2052.7,1862.49,1984.87,122.38,2.372,ok,"TVD converted from deviation survey; porosity from density-porosity equation (rho_ma=2.65, rho_fl=1.0)"
BLT-01,141976.24,457120.96,2013.97,1948.13,19.26,50.23,2.3323,1924.0,2052.7,1862.49,1984.87,122.38,2.372,ok,"TVD converted from deviation survey; porosity from density-porosity equation (rho_ma=2.65, rho_fl=1.0)"
BLT-01,141976.26,457120.97,2014.04,1948.2,19.17,51.27,2.3338,1924.0,2052.7,1862.49,1984.87,122.38,2.372,ok,"TVD converted from deviation survey; porosity from density-porosity equation (rho_ma=2.65, rho_fl=1.0)"
BLT-01,141976.28,457120.99,2014.12,1948.27,19.06,51.83,2.3356,1924.0,2052.7,1862.49,1984.87,122.38,2.372,ok,"TVD converted from deviation survey; porosity from density-porosity equation (rho_ma=2.65, rho_fl=1.0)"
BLT-01,141976.3,457121.0,2014.19,1948.35,18.97,52.13,2.337,1924.0,2052.7,1862.49,1984.87,122.38,2.372,ok,"TVD converted from deviation survey; porosity from density-porosity equation (rho_ma=2.65, rho_fl=1.0)"
BLT-01,141976.32,457121.02,2014.27,1948.42,18.91,52.24,2.3379,1924.0,2052.7,1862.49,1984.87,122.38,2.372,ok,"TVD converted from deviation survey; porosity from density-porosity equation (rho_ma=2.65, rho_fl=1.0)"
BLT-01,141976.34,457121.03,2014.35,1948.49,18.85,52.24,2.339,1924.0,2052.7,1862.49,1984.87,122.38,2.372,ok,"TVD converted from deviation survey; porosity from density-porosity equation (rho_ma=2.65, rho_fl=1.0)"
BLT-01,141976.35,457121.05,2014.42,1948.56,18.79,52.28,2.34,1924.0,2052.7,1862.49,1984.87,122.38,2.372,ok,"TVD converted from deviation survey; porosity from density-porosity equation (rho_ma=2.65, rho_fl=1.0)"
BLT-01,141976.37,457121.06,2014.5,1948.64,18.74,52.59,2.3407,1924.0,2052.7,1862.49,1984.87,122.38,2.372,ok,"TVD converted from deviation survey; porosity from density-porosity equation (rho_ma=2.65, rho_fl=1.0)"
BLT-01,141976.39,457121.08,2014.58,1948.71,18.72,53.14,2.3411,1924.0,2052.7,1862.49,1984.87,122.38,2.372,ok,"TVD converted from deviation survey; porosity from density-porosity equation (rho_ma=2.65, rho_fl=1.0)"
BLT-01,141976.41,457121.1,2014.65,1948.78,18.71,53.81,2.3413,1924.0,2052.7,1862.49,1984.87,122.38,2.372,ok,"TVD converted from deviation survey; porosity from density-porosity equation (rho_ma=2.65, rho_fl=1.0)"
BLT-01,141976.43,457121.11,2014.73,1948.85,18.73,53.71,2.3409,1924.0,2052.7,1862.49,1984.87,122.38,2.372,ok,"TVD converted from deviation survey; porosity from density-porosity equation (rho_ma=2.65, rho_fl=1.0)"
BLT-01,141976.44,457121.13,2014.8,1948.92,18.82,53.04,2.3395,1924.0,2052.7,1862.49,1984.87,122.38,2.372,ok,"TVD converted from deviation survey; porosity from density-porosity equation (rho_ma=2.65, rho_fl=1.0)"
BLT-01,141976.46,457121.14,2014.88,1949.0,19.03,51.94,2.336,1924.0,2052.7,1862.49,1984.87,122.38,2.372,ok,"TVD converted from deviation survey; porosity from density-porosity equation (rho_ma=2.65, rho_fl=1.0)"
BLT-01,141976.48,457121.16,2014.96,1949.07,19.44,50.58,2.3292,1924.0,2052.7,1862.49,1984.87,122.38,2.372,ok,"TVD converted from deviation survey; porosity from density-porosity equation (rho_ma=2.65, rho_fl=1.0)"
BLT-01,141976.5,457121.17,2015.03,1949.14,19.82,49.85,2.323,1924.0,2052.7,1862.49,1984.87,122.38,2.372,ok,"TVD converted from deviation survey; porosity from density-porosity equation (rho_ma=2.65, rho_fl=1.0)"
BLT-01,141976.52,457121.19,2015.11,1949.21,20.03,49.59,2.3195,1924.0,2052.7,1862.49,1984.87,122.38,2.372,ok,"TVD converted from deviation survey; porosity from density-porosity equation (rho_ma=2.65, rho_fl=1.0)"
BLT-01,141976.53,457121.2,2015.19,1949.29,20.16,49.57,2.3174,1924.0,2052.7,1862.49,1984.87,122.38,2.372,ok,"TVD converted from deviation survey; porosity from density-porosity equation (rho_ma=2.65, rho_fl=1.0)"
BLT-01,141976.55,457121.22,2015.26,1949.36,20.27,49.63,2.3155,1924.0,2052.7,1862.49,1984.87,122.38,2.372,ok,"TVD converted from deviation survey; porosity from density-porosity equation (rho_ma=2.65, rho_fl=1.0)"
BLT-01,141976.57,457121.24,2015.34,1949.43,20.58,49.73,2.3105,1924.0,2052.7,1862.49,1984.87,122.38,2.372,ok,"TVD converted from deviation survey; porosity from density-porosity equation (rho_ma=2.65, rho_fl=1.0)"
BLT-01,141976.59,457121.25,2015.41,1949.5,20.94,49.6,2.3045,1924.0,2052.7,1862.49,1984.87,122.38,2.372,ok,"TVD converted from deviation survey; porosity from density-porosity equation (rho_ma=2.65, rho_fl=1.0)"
BLT-01,141976.61,457121.27,2015.49,1949.58,21.25,49.3,2.2994,1924.0,2052.7,1862.49,1984.87,122.38,2.372,ok,"TVD converted from deviation survey; porosity from density-porosity equation (rho_ma=2.65, rho_fl=1.0)"
BLT-01,141976.63,457121.28,2015.57,1949.65,21.46,48.92,2.2959,1924.0,2052.7,1862.49,1984.87,122.38,2.372,ok,"TVD converted from deviation survey; porosity from density-porosity equation (rho_ma=2.65, rho_fl=1.0)"
BLT-01,141976.64,457121.3,2015.64,1949.72,21.58,48.85,2.2939,1924.0,2052.7,1862.49,1984.87,122.38,2.372,ok,"TVD converted from deviation survey; porosity from density-porosity equation (rho_ma=2.65, rho_fl=1.0)"
BLT-01,141976.66,457121.31,2015.72,1949.79,21.63,49.15,2.2931,1924.0,2052.7,1862.49,1984.87,122.38,2.372,ok,"TVD converted from deviation survey; porosity from density-porosity equation (rho_ma=2.65, rho_fl=1.0)"
BLT-01,141976.68,457121.33,2015.79,1949.87,21.66,49.55,2.2925,1924.0,2052.7,1862.49,1984.87,122.38,2.372,ok,"TVD converted from deviation survey; porosity from density-porosity equation (rho_ma=2.65, rho_fl=1.0)"
BLT-01,141976.7,457121.34,2015.87,1949.94,21.71,49.88,2.2917,1924.0,2052.7,1862.49,1984.87,122.38,2.372,ok,"TVD converted from deviation survey; porosity from density-porosity equation (rho_ma=2.65, rho_fl=1.0)"
BLT-01,141976.72,457121.36,2015.95,1950.01,21.82,49.9,2.29,1924.0,2052.7,1862.49,1984.87,122.38,2.372,ok,"TVD converted from deviation survey; porosity from density-porosity equation (rho_ma=2.65, rho_fl=1.0)"
BLT-01,141976.73,457121.38,2016.02,1950.08,22.03,49.41,2.2865,1924.0,2052.7,1862.49,1984.87,122.38,2.372,ok,"TVD converted from deviation survey; porosity from density-porosity equation (rho_ma=2.65, rho_fl=1.0)"
BLT-01,141976.75,457121.39,2016.1,1950.15,22.21,48.85,2.2836,1924.0,2052.7,1862.49,1984.87,122.38,2.372,ok,"TVD converted from deviation survey; porosity from density-porosity equation (rho_ma=2.65, rho_fl=1.0)"
BLT-01,141976.77,457121.41,2016.18,1950.23,22.27,48.28,2.2826,1924.0,2052.7,1862.49,1984.87,122.38,2.372,ok,"TVD converted from deviation survey; porosity from density-porosity equation (rho_ma=2.65, rho_fl=1.0)"
BLT-01,141976.79,457121.42,2016.25,1950.3,22.12,47.73,2.285,1924.0,2052.7,1862.49,1984.87,122.38,2.372,ok,"TVD converted from deviation survey; porosity from density-porosity equation (rho_ma=2.65, rho_fl=1.0)"
BLT-01,141976.81,457121.44,2016.33,1950.37,21.56,47.09,2.2943,1924.0,2052.7,1862.49,1984.87,122.38,2.372,ok,"TVD converted from deviation survey; porosity from density-porosity equation (rho_ma=2.65, rho_fl=1.0)"
BLT-01,141976.83,457121.45,2016.4,1950.44,20.99,46.73,2.3037,1924.0,2052.7,1862.49,1984.87,122.38,2.372,ok,"TVD converted from deviation survey; porosity from density-porosity equation (rho_ma=2.65, rho_fl=1.0)"
BLT-01,141976.84,457121.47,2016.48,1950.52,20.52,46.68,2.3114,1924.0,2052.7,1862.49,1984.87,122.38,2.373,ok,"TVD converted from deviation survey; porosity from density-porosity equation (rho_ma=2.65, rho_fl=1.0)"
BLT-01,141976.86,457121.48,2016.56,1950.59,20.23,46.95,2.3162,1924.0,2052.7,1862.49,1984.87,122.38,2.373,ok,"TVD converted from deviation survey; porosity from density-porosity equation (rho_ma=2.65, rho_fl=1.0)"
BLT-01,141976.88,457121.5,2016.63,1950.66,19.78,47.35,2.3237,1924.0,2052.7,1862.49,1984.87,122.38,2.373,ok,"TVD converted from deviation survey; porosity from density-porosity equation (rho_ma=2.65, rho_fl=1.0)"
BLT-01,141976.9,457121.52,2016.71,1950.73,19.2,47.61,2.3333,1924.0,2052.7,1862.49,1984.87,122.38,2.373,ok,"TVD converted from deviation survey; porosity from density-porosity equation (rho_ma=2.65, rho_fl=1.0)"
BLT-01,141976.92,457121.53,2016.79,1950.81,18.55,47.68,2.3439,1924.0,2052.7,1862.49,1984.87,122.38,2.373,ok,"TVD converted from deviation survey; porosity from density-porosity equation (rho_ma=2.65, rho_fl=1.0)"
BLT-01,141976.93,457121.55,2016.86,1950.88,17.88,47.52,2.355,1924.0,2052.7,1862.49,1984.87,122.38,2.373,ok,"TVD converted from deviation survey; porosity from density-porosity equation (rho_ma=2.65, rho_fl=1.0)"
BLT-01,141976.95,457121.56,2016.94,1950.95,17.13,47.05,2.3673,1924.0,2052.7,1862.49,1984.87,122.38,2.373,ok,"TVD converted from deviation survey; porosity from density-porosity equation (rho_ma=2.65, rho_fl=1.0)"
BLT-01,141976.97,457121.58,2017.01,1951.02,16.36,45.95,2.3801,1924.0,2052.7,1862.49,1984.87,122.38,2.373,ok,"TVD converted from deviation survey; porosity from density-porosity equation (rho_ma=2.65, rho_fl=1.0)"
BLT-01,141976.99,457121.59,2017.09,1951.1,15.81,44.76,2.3892,1924.0,2052.7,1862.49,1984.87,122.38,2.373,ok,"TVD converted from deviation survey; porosity from density-porosity equation (rho_ma=2.65, rho_fl=1.0)"
BLT-01,141977.01,457121.61,2017.17,1951.17,15.62,43.81,2.3922,1924.0,2052.7,1862.49,1984.87,122.38,2.373,ok,"TVD converted from deviation survey; porosity from density-porosity equation (rho_ma=2.65, rho_fl=1.0)"
BLT-01,141977.02,457121.62,2017.24,1951.24,15.89,43.45,2.3878,1924.0,2052.7,1862.49,1984.87,122.38,2.373,ok,"TVD converted from deviation survey; porosity from density-porosity equation (rho_ma=2.65, rho_fl=1.0)"
BLT-01,141977.04,457121.64,2017.32,1951.31,15.67,42.94,2.3914,1924.0,2052.7,1862.49,1984.87,122.38,2.373,ok,"TVD converted from deviation survey; porosity from density-porosity equation (rho_ma=2.65, rho_fl=1.0)"
BLT-01,141977.06,457121.66,2017.39,1951.38,14.86,42.34,2.4048,1924.0,2052.7,1862.49,1984.87,122.38,2.373,ok,"TVD converted from deviation survey; porosity from density-porosity equation (rho_ma=2.65, rho_fl=1.0)"
BLT-01,141977.08,457121.67,2017.47,1951.46,13.49,41.72,2.4274,1924.0,2052.7,1862.49,1984.87,122.38,2.373,ok,"TVD converted from deviation survey; porosity from density-porosity equation (rho_ma=2.65, rho_fl=1.0)"
BLT-01,141977.1,457121.69,2017.55,1951.53,11.73,41.31,2.4565,1924.0,2052.7,1862.49,1984.87,122.38,2.373,ok,"TVD converted from deviation survey; porosity from density-porosity equation (rho_ma=2.65, rho_fl=1.0)"
BLT-01,141977.12,457121.7,2017.62,1951.6,10.08,41.01,2.4837,1924.0,2052.7,1862.49,1984.87,122.38,2.373,ok,"TVD converted from deviation survey; porosity from density-porosity equation (rho_ma=2.65, rho_fl=1.0)"
BLT-01,141977.13,457121.72,2017.7,1951.67,9.02,40.99,2.5011,1924.0,2052.7,1862.49,1984.87,122.38,2.373,ok,"TVD converted from deviation survey; porosity from density-porosity equation (rho_ma=2.65, rho_fl=1.0)"
BLT-01,141977.15,457121.73,2017.78,1951.75,8.69,41.27,2.5066,1924.0,2052.7,1862.49,1984.87,122.38,2.373,ok,"TVD converted from deviation survey; porosity from density-porosity equation (rho_ma=2.65, rho_fl=1.0)"
BLT-01,141977.17,457121.75,2017.85,1951.82,9.19,41.86,2.4984,1924.0,2052.7,1862.49,1984.87,122.38,2.373,ok,"TVD converted from deviation survey; porosity from density-porosity equation (rho_ma=2.65, rho_fl=1.0)"
BLT-01,141977.19,457121.76,2017.93,1951.89,9.95,42.57,2.4859,1924.0,2052.7,1862.49,1984.87,122.38,2.373,ok,"TVD converted from deviation survey; porosity from density-porosity equation (rho_ma=2.65, rho_fl=1.0)"
BLT-01,141977.21,457121.78,2018.0,1951.96,10.47,43.5,2.4773,1924.0,2052.7,1862.49,1984.87,122.38,2.373,ok,"TVD converted from deviation survey; porosity from density-porosity equation (rho_ma=2.65, rho_fl=1.0)"
BLT-01,141977.22,457121.8,2018.08,1952.04,10.72,44.48,2.4731,1924.0,2052.7,1862.49,1984.87,122.38,2.373,ok,"TVD converted from deviation survey; porosity from density-porosity equation (rho_ma=2.65, rho_fl=1.0)"
BLT-01,141977.24,457121.81,2018.16,1952.11,10.72,45.33,2.4732,1924.0,2052.7,1862.49,1984.87,122.38,2.373,ok,"TVD converted from deviation survey; porosity from density-porosity equation (rho_ma=2.65, rho_fl=1.0)"
BLT-01,141977.26,457121.83,2018.23,1952.18,10.79,45.87,2.472,1924.0,2052.7,1862.49,1984.87,122.38,2.373,ok,"TVD converted from deviation survey; porosity from density-porosity equation (rho_ma=2.65, rho_fl=1.0)"
BLT-01,141977.28,457121.84,2018.31,1952.25,11.22,46.33,2.4649,1924.0,2052.7,1862.49,1984.87,122.38,2.373,ok,"TVD converted from deviation survey; porosity from density-porosity equation (rho_ma=2.65, rho_fl=1.0)"
BLT-01,141977.3,457121.86,2018.39,1952.33,11.74,46.69,2.4563,1924.0,2052.7,1862.49,1984.87,122.38,2.373,ok,"TVD converted from deviation survey; porosity from density-porosity equation (rho_ma=2.65, rho_fl=1.0)"
BLT-01,141977.31,457121.87,2018.46,1952.4,12.11,46.93,2.4502,1924.0,2052.7,1862.49,1984.87,122.38,2.373,ok,"TVD converted from deviation survey; porosity from density-porosity equation (rho_ma=2.65, rho_fl=1.0)"
BLT-01,141977.33,457121.89,2018.54,1952.47,11.88,47.17,2.454,1924.0,2052.7,1862.49,1984.87,122.38,2.373,ok,"TVD converted from deviation survey; porosity from density-porosity equation (rho_ma=2.65, rho_fl=1.0)"
BLT-01,141977.35,457121.9,2018.61,1952.54,11.41,47.55,2.4618,1924.0,2052.7,1862.49,1984.87,122.38,2.373,ok,"TVD converted from deviation survey; porosity from density-porosity equation (rho_ma=2.65, rho_fl=1.0)"
BLT-01,141977.37,457121.92,2018.69,1952.61,11.08,48.1,2.4671,1924.0,2052.7,1862.49,1984.87,122.38,2.373,ok,"TVD converted from deviation survey; porosity from density-porosity equation (rho_ma=2.65, rho_fl=1.0)"
BLT-01,141977.39,457121.94,2018.77,1952.69,11.16,48.81,2.4659,1924.0,2052.7,1862.49,1984.87,122.38,2.373,ok,"TVD converted from deviation survey; porosity from density-porosity equation (rho_ma=2.65, rho_fl=1.0)"
BLT-01,141977.41,457121.95,2018.84,1952.76,12.01,49.52,2.4519,1924.0,2052.7,1862.49,1984.87,122.38,2.373,ok,"TVD converted from deviation survey; porosity from density-porosity equation (rho_ma=2.65, rho_fl=1.0)"
BLT-01,141977.42,457121.97,2018.92,1952.83,13.25,50.24,2.4313,1924.0,2052.7,1862.49,1984.87,122.38,2.373,ok,"TVD converted from deviation survey; porosity from density-porosity equation (rho_ma=2.65, rho_fl=1.0)"
BLT-01,141977.44,457121.98,2019.0,1952.9,14.59,50.83,2.4092,1924.0,2052.7,1862.49,1984.87,122.38,2.373,ok,"TVD converted from deviation survey; porosity from density-porosity equation (rho_ma=2.65, rho_fl=1.0)"
BLT-01,141977.46,457122.0,2019.07,1952.98,15.75,51.09,2.3902,1924.0,2052.7,1862.49,1984.87,122.38,2.373,ok,"TVD converted from deviation survey; porosity from density-porosity equation (rho_ma=2.65, rho_fl=1.0)"
BLT-01,141977.48,457122.01,2019.15,1953.05,16.12,50.61,2.384,1924.0,2052.7,1862.49,1984.87,122.38,2.373,ok,"TVD converted from deviation survey; porosity from density-porosity equation (rho_ma=2.65, rho_fl=1.0)"
BLT-01,141977.5,457122.03,2019.22,1953.12,15.67,49.84,2.3915,1924.0,2052.7,1862.49,1984.87,122.38,2.373,ok,"TVD converted from deviation survey; porosity from density-porosity equation (rho_ma=2.65, rho_fl=1.0)"
BLT-01,141977.51,457122.04,2019.3,1953.19,14.98,49.05,2.4029,1924.0,2052.7,1862.49,1984.87,122.38,2.373,ok,"TVD converted from deviation survey; porosity from density-porosity equation (rho_ma=2.65, rho_fl=1.0)"
BLT-01,141977.53,457122.06,2019.38,1953.27,14.12,48.19,2.417,1924.0,2052.7,1862.49,1984.87,122.38,2.373,ok,"TVD converted from deviation survey; porosity from density-porosity equation (rho_ma=2.65, rho_fl=1.0)"
BLT-01,141977.55,457122.08,2019.45,1953.34,13.08,47.13,2.4342,1924.0,2052.7,1862.49,1984.87,122.38,2.373,ok,"TVD converted from deviation survey; porosity from density-porosity equation (rho_ma=2.65, rho_fl=1.0)"
BLT-01,141977.57,457122.09,2019.53,1953.41,12.32,45.85,2.4468,1924.0,2052.7,1862.49,1984.87,122.38,2.373,ok,"TVD converted from deviation survey; porosity from density-porosity equation (rho_ma=2.65, rho_fl=1.0)"
BLT-01,141977.59,457122.11,2019.6,1953.48,11.86,44.67,2.4544,1924.0,2052.7,1862.49,1984.87,122.38,2.373,ok,"TVD converted from deviation survey; porosity from density-porosity equation (rho_ma=2.65, rho_fl=1.0)"
BLT-01,141977.6,457122.12,2019.68,1953.55,11.62,43.7,2.4583,1924.0,2052.7,1862.49,1984.87,122.38,2.373,ok,"TVD converted from deviation survey; porosity from density-porosity equation (rho_ma=2.65, rho_fl=1.0)"
BLT-01,141977.62,457122.14,2019.76,1953.63,11.5,43.05,2.4602,1924.0,2052.7,1862.49,1984.87,122.38,2.373,ok,"TVD converted from deviation survey; porosity from density-porosity equation (rho_ma=2.65, rho_fl=1.0)"
BLT-01,141977.64,457122.15,2019.83,1953.7,11.42,42.96,2.4616,1924.0,2052.7,1862.49,1984.87,122.38,2.373,ok,"TVD converted from deviation survey; porosity from density-porosity equation (rho_ma=2.65, rho_fl=1.0)"
BLT-01,141977.66,457122.17,2019.91,1953.77,11.24,42.88,2.4645,1924.0,2052.7,1862.49,1984.87,122.38,2.373,ok,"TVD converted from deviation survey; porosity from density-porosity equation (rho_ma=2.65, rho_fl=1.0)"
BLT-01,141977.68,457122.18,2019.99,1953.84,10.81,42.6,2.4717,1924.0,2052.7,1862.49,1984.87,122.38,2.373,ok,"TVD converted from deviation survey; porosity from density-porosity equation (rho_ma=2.65, rho_fl=1.0)"
BLT-01,141977.7,457122.2,2020.06,1953.92,10.05,42.01,2.4842,1924.0,2052.7,1862.49,1984.87,122.38,2.373,ok,"TVD converted from deviation survey; porosity from density-porosity equation (rho_ma=2.65, rho_fl=1.0)"
BLT-01,141977.71,457122.22,2020.14,1953.99,9.47,41.74,2.4938,1924.0,2052.7,1862.49,1984.87,122.38,2.374,ok,"TVD converted from deviation survey; porosity from density-porosity equation (rho_ma=2.65, rho_fl=1.0)"
BLT-01,141977.73,457122.23,2020.21,1954.06,9.52,42.14,2.4928,1924.0,2052.7,1862.49,1984.87,122.38,2.374,ok,"TVD converted from deviation survey; porosity from density-porosity equation (rho_ma=2.65, rho_fl=1.0)"
BLT-01,141977.75,457122.25,2020.29,1954.13,10.63,43.46,2.4747,1924.0,2052.7,1862.49,1984.87,122.38,2.374,ok,"TVD converted from deviation survey; porosity from density-porosity equation (rho_ma=2.65, rho_fl=1.0)"
BLT-01,141977.77,457122.26,2020.37,1954.21,12.81,45.68,2.4386,1924.0,2052.7,1862.49,1984.87,122.38,2.374,ok,"TVD converted from deviation survey; porosity from density-porosity equation (rho_ma=2.65, rho_fl=1.0)"
BLT-01,141977.79,457122.28,2020.44,1954.28,15.32,48.1,2.3972,1924.0,2052.7,1862.49,1984.87,122.38,2.374,ok,"TVD converted from deviation survey; porosity from density-porosity equation (rho_ma=2.65, rho_fl=1.0)"
BLT-01,141977.8,457122.29,2020.52,1954.35,17.45,50.42,2.3621,1924.0,2052.7,1862.49,1984.87,122.38,2.374,ok,"TVD converted from deviation survey; porosity from density-porosity equation (rho_ma=2.65, rho_fl=1.0)"
BLT-01,141977.82,457122.31,2020.6,1954.42,18.98,52.35,2.3368,1924.0,2052.7,1862.49,1984.87,122.38,2.374,ok,"TVD converted from deviation survey; porosity from density-porosity equation (rho_ma=2.65, rho_fl=1.0)"
BLT-01,141977.84,457122.32,2020.67,1954.5,19.84,53.58,2.3226,1924.0,2052.7,1862.49,1984.87,122.38,2.374,ok,"TVD converted from deviation survey; porosity from density-porosity equation (rho_ma=2.65, rho_fl=1.0)"
BLT-01,141977.86,457122.34,2020.75,1954.57,19.92,53.48,2.3213,1924.0,2052.7,1862.49,1984.87,122.38,2.374,ok,"TVD converted from deviation survey; porosity from density-porosity equation (rho_ma=2.65, rho_fl=1.0)"
BLT-01,141977.88,457122.36,2020.82,1954.64,20.04,52.71,2.3193,1924.0,2052.7,1862.49,1984.87,122.38,2.374,ok,"TVD converted from deviation survey; porosity from density-porosity equation (rho_ma=2.65, rho_fl=1.0)"
BLT-01,141977.9,457122.37,2020.9,1954.71,20.44,52.0,2.3127,1924.0,2052.7,1862.49,1984.87,122.38,2.374,ok,"TVD converted from deviation survey; porosity from density-porosity equation (rho_ma=2.65, rho_fl=1.0)"
BLT-01,141977.91,457122.39,2020.98,1954.78,21.06,51.68,2.3025,1924.0,2052.7,1862.49,1984.87,122.38,2.374,ok,"TVD converted from deviation survey; porosity from density-porosity equation (rho_ma=2.65, rho_fl=1.0)"
BLT-01,141977.93,457122.4,2021.05,1954.86,21.72,52.17,2.2916,1924.0,2052.7,1862.49,1984.87,122.38,2.374,ok,"TVD converted from deviation survey; porosity from density-porosity equation (rho_ma=2.65, rho_fl=1.0)"
BLT-01,141977.95,457122.42,2021.13,1954.93,22.01,53.25,2.2869,1924.0,2052.7,1862.49,1984.87,122.38,2.374,ok,"TVD converted from deviation survey; porosity from density-porosity equation (rho_ma=2.65, rho_fl=1.0)"
BLT-01,141977.97,457122.43,2021.2,1955.0,22.04,53.86,2.2864,1924.0,2052.7,1862.49,1984.87,122.38,2.374,ok,"TVD converted from deviation survey; porosity from density-porosity equation (rho_ma=2.65, rho_fl=1.0)"
BLT-01,141977.99,457122.45,2021.28,1955.07,21.79,53.64,2.2904,1924.0,2052.7,1862.49,1984.87,122.38,2.374,ok,"TVD converted from deviation survey; porosity from density-porosity equation (rho_ma=2.65, rho_fl=1.0)"
BLT-01,141978.0,457122.46,2021.36,1955.15,21.27,52.26,2.2991,1924.0,2052.7,1862.49,1984.87,122.38,2.374,ok,"TVD converted from deviation survey; porosity from density-porosity equation (rho_ma=2.65, rho_fl=1.0)"
BLT-01,141978.02,457122.48,2021.43,1955.22,20.82,51.05,2.3065,1924.0,2052.7,1862.49,1984.87,122.38,2.374,ok,"TVD converted from deviation survey; porosity from density-porosity equation (rho_ma=2.65, rho_fl=1.0)"
BLT-01,141978.04,457122.5,2021.51,1955.29,20.6,50.61,2.3101,1924.0,2052.7,1862.49,1984.87,122.38,2.374,ok,"TVD converted from deviation survey; porosity from density-porosity equation (rho_ma=2.65, rho_fl=1.0)"
BLT-01,141978.06,457122.51,2021.59,1955.36,20.56,50.56,2.3107,1924.0,2052.7,1862.49,1984.87,122.38,2.374,ok,"TVD converted from deviation survey; porosity from density-porosity equation (rho_ma=2.65, rho_fl=1.0)"
BLT-01,141978.08,457122.53,2021.66,1955.44,20.7,50.57,2.3084,1924.0,2052.7,1862.49,1984.87,122.38,2.374,ok,"TVD converted from deviation survey; porosity from density-porosity equation (rho_ma=2.65, rho_fl=1.0)"
BLT-01,141978.09,457122.54,2021.74,1955.51,21.17,49.96,2.3007,1924.0,2052.7,1862.49,1984.87,122.38,2.374,ok,"TVD converted from deviation survey; porosity from density-porosity equation (rho_ma=2.65, rho_fl=1.0)"
BLT-01,141978.11,457122.56,2021.81,1955.58,21.54,49.31,2.2946,1924.0,2052.7,1862.49,1984.87,122.38,2.374,ok,"TVD converted from deviation survey; porosity from density-porosity equation (rho_ma=2.65, rho_fl=1.0)"
BLT-01,141978.13,457122.57,2021.89,1955.65,21.68,48.58,2.2923,1924.0,2052.7,1862.49,1984.87,122.38,2.374,ok,"TVD converted from deviation survey; porosity from density-porosity equation (rho_ma=2.65, rho_fl=1.0)"
BLT-01,141978.15,457122.59,2021.97,1955.73,21.54,47.79,2.2946,1924.0,2052.7,1862.49,1984.87,122.38,2.374,ok,"TVD converted from deviation survey; porosity from density-porosity equation (rho_ma=2.65, rho_fl=1.0)"
BLT-01,141978.17,457122.6,2022.04,1955.8,21.25,47.18,2.2994,1924.0,2052.7,1862.49,1984.87,122.38,2.374,ok,"TVD converted from deviation survey; porosity from density-porosity equation (rho_ma=2.65, rho_fl=1.0)"
BLT-01,141978.19,457122.62,2022.12,1955.87,20.89,47.67,2.3053,1924.0,2052.7,1862.49,1984.87,122.38,2.374,ok,"TVD converted from deviation survey; porosity from density-porosity equation (rho_ma=2.65, rho_fl=1.0)"
BLT-01,141978.2,457122.64,2022.2,1955.94,20.55,48.59,2.3109,1924.0,2052.7,1862.49,1984.87,122.38,2.374,ok,"TVD converted from deviation survey; porosity from density-porosity equation (rho_ma=2.65, rho_fl=1.0)"
BLT-01,141978.22,457122.65,2022.27,1956.01,20.26,49.6,2.3157,1924.0,2052.7,1862.49,1984.87,122.38,2.374,ok,"TVD converted from deviation survey; porosity from density-porosity equation (rho_ma=2.65, rho_fl=1.0)"
BLT-01,141978.24,457122.67,2022.35,1956.09,20.01,50.18,2.3199,1924.0,2052.7,1862.49,1984.87,122.38,2.374,ok,"TVD converted from deviation survey; porosity from density-porosity equation (rho_ma=2.65, rho_fl=1.0)"
BLT-01,141978.26,457122.68,2022.42,1956.16,19.22,50.47,2.3328,1924.0,2052.7,1862.49,1984.87,122.38,2.374,ok,"TVD converted from deviation survey; porosity from density-porosity equation (rho_ma=2.65, rho_fl=1.0)"
BLT-01,141978.28,457122.7,2022.5,1956.23,18.2,50.7,2.3497,1924.0,2052.7,1862.49,1984.87,122.38,2.374,ok,"TVD converted from deviation survey; porosity from density-porosity equation (rho_ma=2.65, rho_fl=1.0)"
BLT-01,141978.29,457122.71,2022.58,1956.3,16.93,51.03,2.3706,1924.0,2052.7,1862.49,1984.87,122.38,2.374,ok,"TVD converted from deviation survey; porosity from density-porosity equation (rho_ma=2.65, rho_fl=1.0)"
BLT-01,141978.31,457122.73,2022.65,1956.38,15.33,51.73,2.397,1924.0,2052.7,1862.49,1984.87,122.38,2.374,ok,"TVD converted from deviation survey; porosity from density-porosity equation (rho_ma=2.65, rho_fl=1.0)"
BLT-01,141978.33,457122.74,2022.73,1956.45,14.02,52.63,2.4186,1924.0,2052.7,1862.49,1984.87,122.38,2.374,ok,"TVD converted from deviation survey; porosity from density-porosity equation (rho_ma=2.65, rho_fl=1.0)"
BLT-01,141978.35,457122.76,2022.81,1956.52,13.17,53.57,2.4326,1924.0,2052.7,1862.49,1984.87,122.38,2.374,ok,"TVD converted from deviation survey; porosity from density-porosity equation (rho_ma=2.65, rho_fl=1.0)"
BLT-01,141978.37,457122.78,2022.88,1956.59,12.67,54.31,2.4409,1924.0,2052.7,1862.49,1984.87,122.38,2.374,ok,"TVD converted from deviation survey; porosity from density-porosity equation (rho_ma=2.65, rho_fl=1.0)"
BLT-01,141978.38,457122.79,2022.96,1956.67,12.37,54.57,2.4458,1924.0,2052.7,1862.49,1984.87,122.38,2.374,ok,"TVD converted from deviation survey; porosity from density-porosity equation (rho_ma=2.65, rho_fl=1.0)"
BLT-01,141978.4,457122.81,2023.03,1956.74,12.3,53.58,2.4471,1924.0,2052.7,1862.49,1984.87,122.38,2.374,ok,"TVD converted from deviation survey; porosity from density-porosity equation (rho_ma=2.65, rho_fl=1.0)"
BLT-01,141978.42,457122.82,2023.11,1956.81,12.32,51.69,2.4468,1924.0,2052.7,1862.49,1984.87,122.38,2.374,ok,"TVD converted from deviation survey; porosity from density-porosity equation (rho_ma=2.65, rho_fl=1.0)"
BLT-01,141978.44,457122.84,2023.19,1956.88,12.43,49.73,2.4449,1924.0,2052.7,1862.49,1984.87,122.38,2.374,ok,"TVD converted from deviation survey; porosity from density-porosity equation (rho_ma=2.65, rho_fl=1.0)"
BLT-01,141978.46,457122.85,2023.26,1956.96,12.64,48.32,2.4415,1924.0,2052.7,1862.49,1984.87,122.38,2.374,ok,"TVD converted from deviation survey; porosity from density-porosity equation (rho_ma=2.65, rho_fl=1.0)"
BLT-01,141978.48,457122.87,2023.34,1957.03,12.91,48.36,2.437,1924.0,2052.7,1862.49,1984.87,122.38,2.374,ok,"TVD converted from deviation survey; porosity from density-porosity equation (rho_ma=2.65, rho_fl=1.0)"
BLT-01,141978.49,457122.88,2023.41,1957.1,13.26,48.56,2.4312,1924.0,2052.7,1862.49,1984.87,122.38,2.374,ok,"TVD converted from deviation survey; porosity from density-porosity equation (rho_ma=2.65, rho_fl=1.0)"
BLT-01,141978.51,457122.9,2023.49,1957.17,13.57,48.76,2.426,1924.0,2052.7,1862.49,1984.87,122.38,2.374,ok,"TVD converted from deviation survey; porosity from density-porosity equation (rho_ma=2.65, rho_fl=1.0)"
BLT-01,141978.53,457122.92,2023.57,1957.24,13.79,48.89,2.4224,1924.0,2052.7,1862.49,1984.87,122.38,2.374,ok,"TVD converted from deviation survey; porosity from density-porosity equation (rho_ma=2.65, rho_fl=1.0)"
BLT-01,141978.55,457122.93,2023.64,1957.32,13.87,49.05,2.4211,1924.0,2052.7,1862.49,1984.87,122.38,2.374,ok,"TVD converted from deviation survey; porosity from density-porosity equation (rho_ma=2.65, rho_fl=1.0)"
BLT-01,141978.57,457122.95,2023.72,1957.39,13.95,49.02,2.4199,1924.0,2052.7,1862.49,1984.87,122.38,2.374,ok,"TVD converted from deviation survey; porosity from density-porosity equation (rho_ma=2.65, rho_fl=1.0)"
BLT-01,141978.58,457122.96,2023.8,1957.46,14.04,48.77,2.4184,1924.0,2052.7,1862.49,1984.87,122.38,2.375,ok,"TVD converted from deviation survey; porosity from density-porosity equation (rho_ma=2.65, rho_fl=1.0)"
BLT-01,141978.6,457122.98,2023.87,1957.53,14.14,48.36,2.4166,1924.0,2052.7,1862.49,1984.87,122.38,2.375,ok,"TVD converted from deviation survey; porosity from density-porosity equation (rho_ma=2.65, rho_fl=1.0)"
BLT-01,141978.62,457122.99,2023.95,1957.61,14.28,47.89,2.4145,1924.0,2052.7,1862.49,1984.87,122.38,2.375,ok,"TVD converted from deviation survey; porosity from density-porosity equation (rho_ma=2.65, rho_fl=1.0)"
BLT-01,141978.64,457123.01,2024.02,1957.68,14.6,47.63,2.4091,1924.0,2052.7,1862.49,1984.87,122.38,2.375,ok,"TVD converted from deviation survey; porosity from density-porosity equation (rho_ma=2.65, rho_fl=1.0)"
BLT-01,141978.66,457123.02,2024.1,1957.75,14.94,47.46,2.4035,1924.0,2052.7,1862.49,1984.87,122.38,2.375,ok,"TVD converted from deviation survey; porosity from density-porosity equation (rho_ma=2.65, rho_fl=1.0)"
BLT-01,141978.68,457123.04,2024.18,1957.82,15.21,47.31,2.399,1924.0,2052.7,1862.49,1984.87,122.38,2.375,ok,"TVD converted from deviation survey; porosity from density-porosity equation (rho_ma=2.65, rho_fl=1.0)"
BLT-01,141978.69,457123.06,2024.25,1957.9,15.34,47.17,2.3969,1924.0,2052.7,1862.49,1984.87,122.38,2.375,ok,"TVD converted from deviation survey; porosity from density-porosity equation (rho_ma=2.65, rho_fl=1.0)"
BLT-01,141978.71,457123.07,2024.33,1957.97,15.28,46.95,2.3979,1924.0,2052.7,1862.49,1984.87,122.38,2.375,ok,"TVD converted from deviation survey; porosity from density-porosity equation (rho_ma=2.65, rho_fl=1.0)"
BLT-01,141978.73,457123.09,2024.41,1958.04,14.87,46.99,2.4046,1924.0,2052.7,1862.49,1984.87,122.38,2.375,ok,"TVD converted from deviation survey; porosity from density-porosity equation (rho_ma=2.65, rho_fl=1.0)"
BLT-01,141978.75,457123.1,2024.48,1958.11,14.25,47.25,2.4149,1924.0,2052.7,1862.49,1984.87,122.38,2.375,ok,"TVD converted from deviation survey; porosity from density-porosity equation (rho_ma=2.65, rho_fl=1.0)"
BLT-01,141978.77,457123.12,2024.56,1958.19,13.56,47.69,2.4262,1924.0,2052.7,1862.49,1984.87,122.38,2.375,ok,"TVD converted from deviation survey; porosity from density-porosity equation (rho_ma=2.65, rho_fl=1.0)"
BLT-01,141978.78,457123.13,2024.63,1958.26,13.1,48.01,2.4339,1924.0,2052.7,1862.49,1984.87,122.38,2.375,ok,"TVD converted from deviation survey; porosity from density-porosity equation (rho_ma=2.65, rho_fl=1.0)"
BLT-01,141978.8,457123.15,2024.71,1958.33,12.76,47.8,2.4395,1924.0,2052.7,1862.49,1984.87,122.38,2.375,ok,"TVD converted from deviation survey; porosity from density-porosity equation (rho_ma=2.65, rho_fl=1.0)"
BLT-01,141978.82,457123.16,2024.79,1958.4,12.59,47.31,2.4422,1924.0,2052.7,1862.49,1984.87,122.38,2.375,ok,"TVD converted from deviation survey; porosity from density-porosity equation (rho_ma=2.65, rho_fl=1.0)"
BLT-01,141978.84,457123.18,2024.86,1958.47,12.61,46.75,2.4419,1924.0,2052.7,1862.49,1984.87,122.38,2.375,ok,"TVD converted from deviation survey; porosity from density-porosity equation (rho_ma=2.65, rho_fl=1.0)"
BLT-01,141978.86,457123.2,2024.94,1958.55,12.82,46.54,2.4384,1924.0,2052.7,1862.49,1984.87,122.38,2.375,ok,"TVD converted from deviation survey; porosity from density-porosity equation (rho_ma=2.65, rho_fl=1.0)"
BLT-01,141978.87,457123.21,2025.01,1958.62,13.27,46.22,2.431,1924.0,2052.7,1862.49,1984.87,122.38,2.375,ok,"TVD converted from deviation survey; porosity from density-porosity equation (rho_ma=2.65, rho_fl=1.0)"
BLT-01,141978.89,457123.23,2025.09,1958.69,13.79,45.75,2.4225,1924.0,2052.7,1862.49,1984.87,122.38,2.375,ok,"TVD converted from deviation survey; porosity from density-porosity equation (rho_ma=2.65, rho_fl=1.0)"
BLT-01,141978.91,457123.24,2025.17,1958.76,14.25,45.1,2.4148,1924.0,2052.7,1862.49,1984.87,122.38,2.375,ok,"TVD converted from deviation survey; porosity from density-porosity equation (rho_ma=2.65, rho_fl=1.0)"
BLT-01,141978.93,457123.26,2025.24,1958.84,14.56,44.3,2.4098,1924.0,2052.7,1862.49,1984.87,122.38,2.375,ok,"TVD converted from deviation survey; porosity from density-porosity equation (rho_ma=2.65, rho_fl=1.0)"
BLT-01,141978.95,457123.27,2025.32,1958.91,14.76,43.86,2.4064,1924.0,2052.7,1862.49,1984.87,122.38,2.375,ok,"TVD converted from deviation survey; porosity from density-porosity equation (rho_ma=2.65, rho_fl=1.0)"
BLT-01,141978.97,457123.29,2025.4,1958.98,14.86,43.74,2.4047,1924.0,2052.7,1862.49,1984.87,122.38,2.375,ok,"TVD converted from deviation survey; porosity from density-porosity equation (rho_ma=2.65, rho_fl=1.0)"
BLT-01,141978.98,457123.3,2025.47,1959.05,14.86,43.94,2.4047,1924.0,2052.7,1862.49,1984.87,122.38,2.375,ok,"TVD converted from deviation survey; porosity from density-porosity equation (rho_ma=2.65, rho_fl=1.0)"
BLT-01,141979.0,457123.32,2025.55,1959.13,14.79,44.41,2.406,1924.0,2052.7,1862.49,1984.87,122.38,2.375,ok,"TVD converted from deviation survey; porosity from density-porosity equation (rho_ma=2.65, rho_fl=1.0)"
BLT-01,141979.02,457123.34,2025.62,1959.2,14.69,44.73,2.4076,1924.0,2052.7,1862.49,1984.87,122.38,2.375,ok,"TVD converted from deviation survey; porosity from density-porosity equation (rho_ma=2.65, rho_fl=1.0)"
BLT-01,141979.04,457123.35,2025.7,1959.27,14.51,44.67,2.4107,1924.0,2052.7,1862.49,1984.87,122.38,2.375,ok,"TVD converted from deviation survey; porosity from density-porosity equation (rho_ma=2.65, rho_fl=1.0)"
BLT-01,141979.06,457123.37,2025.78,1959.34,14.24,44.26,2.4151,1924.0,2052.7,1862.49,1984.87,122.38,2.375,ok,"TVD converted from deviation survey; porosity from density-porosity equation (rho_ma=2.65, rho_fl=1.0)"
BLT-01,141979.07,457123.38,2025.85,1959.41,13.9,43.61,2.4206,1924.0,2052.7,1862.49,1984.87,122.38,2.375,ok,"TVD converted from deviation survey; porosity from density-porosity equation (rho_ma=2.65, rho_fl=1.0)"
BLT-01,141979.09,457123.4,2025.93,1959.49,13.6,43.04,2.4256,1924.0,2052.7,1862.49,1984.87,122.38,2.375,ok,"TVD converted from deviation survey; porosity from density-porosity equation (rho_ma=2.65, rho_fl=1.0)"
BLT-01,141979.11,457123.41,2026.01,1959.56,13.22,43.02,2.4319,1924.0,2052.7,1862.49,1984.87,122.38,2.375,ok,"TVD converted from deviation survey; porosity from density-porosity equation (rho_ma=2.65, rho_fl=1.0)"
BLT-01,141979.13,457123.43,2026.08,1959.63,12.81,43.49,2.4386,1924.0,2052.7,1862.49,1984.87,122.38,2.375,ok,"TVD converted from deviation survey; porosity from density-porosity equation (rho_ma=2.65, rho_fl=1.0)"
BLT-01,141979.15,457123.45,2026.16,1959.7,12.43,44.36,2.445,1924.0,2052.7,1862.49,1984.87,122.38,2.375,ok,"TVD converted from deviation survey; porosity from density-porosity equation (rho_ma=2.65, rho_fl=1.0)"
BLT-01,141979.17,457123.46,2026.23,1959.78,12.04,45.29,2.4514,1924.0,2052.7,1862.49,1984.87,122.38,2.375,ok,"TVD converted from deviation survey; porosity from density-porosity equation (rho_ma=2.65, rho_fl=1.0)"
BLT-01,141979.18,457123.48,2026.31,1959.85,11.31,46.47,2.4634,1924.0,2052.7,1862.49,1984.87,122.38,2.375,ok,"TVD converted from deviation survey; porosity from density-porosity equation (rho_ma=2.65, rho_fl=1.0)"
BLT-01,141979.2,457123.49,2026.39,1959.92,10.45,47.72,2.4776,1924.0,2052.7,1862.49,1984.87,122.38,2.375,ok,"TVD converted from deviation survey; porosity from density-porosity equation (rho_ma=2.65, rho_fl=1.0)"
BLT-01,141979.22,457123.51,2026.46,1959.99,9.64,48.9,2.4909,1924.0,2052.7,1862.49,1984.87,122.38,2.375,ok,"TVD converted from deviation survey; porosity from density-porosity equation (rho_ma=2.65, rho_fl=1.0)"
BLT-01,141979.24,457123.52,2026.54,1960.07,9.22,49.95,2.4978,1924.0,2052.7,1862.49,1984.87,122.38,2.375,ok,"TVD converted from deviation survey; porosity from density-porosity equation (rho_ma=2.65, rho_fl=1.0)"
BLT-01,141979.26,457123.54,2026.62,1960.14,8.92,50.92,2.5027,1924.0,2052.7,1862.49,1984.87,122.38,2.375,ok,"TVD converted from deviation survey; porosity from density-porosity equation (rho_ma=2.65, rho_fl=1.0)"
BLT-01,141979.28,457123.56,2026.69,1960.21,8.77,51.41,2.5052,1924.0,2052.7,1862.49,1984.87,122.38,2.375,ok,"TVD converted from deviation survey; porosity from density-porosity equation (rho_ma=2.65, rho_fl=1.0)"
BLT-01,141979.29,457123.57,2026.77,1960.28,8.76,51.22,2.5055,1924.0,2052.7,1862.49,1984.87,122.38,2.375,ok,"TVD converted from deviation survey; porosity from density-porosity equation (rho_ma=2.65, rho_fl=1.0)"
BLT-01,141979.31,457123.59,2026.84,1960.35,8.78,50.23,2.5052,1924.0,2052.7,1862.49,1984.87,122.38,2.375,ok,"TVD converted from deviation survey; porosity from density-porosity equation (rho_ma=2.65, rho_fl=1.0)"
BLT-01,141979.33,457123.6,2026.92,1960.43,8.75,49.26,2.5057,1924.0,2052.7,1862.49,1984.87,122.38,2.375,ok,"TVD converted from deviation survey; porosity from density-porosity equation (rho_ma=2.65, rho_fl=1.0)"
BLT-01,141979.35,457123.62,2027.0,1960.5,8.72,48.8,2.5061,1924.0,2052.7,1862.49,1984.87,122.38,2.375,ok,"TVD converted from deviation survey; porosity from density-porosity equation (rho_ma=2.65, rho_fl=1.0)"
BLT-01,141979.37,457123.63,2027.07,1960.57,8.73,48.98,2.5059,1924.0,2052.7,1862.49,1984.87,122.38,2.375,ok,"TVD converted from deviation survey; porosity from density-porosity equation (rho_ma=2.65, rho_fl=1.0)"
BLT-01,141979.39,457123.65,2027.15,1960.64,8.83,49.73,2.5044,1924.0,2052.7,1862.49,1984.87,122.38,2.375,ok,"TVD converted from deviation survey; porosity from density-porosity equation (rho_ma=2.65, rho_fl=1.0)"
BLT-01,141979.4,457123.67,2027.22,1960.72,8.95,50.46,2.5023,1924.0,2052.7,1862.49,1984.87,122.38,2.375,ok,"TVD converted from deviation survey; porosity from density-porosity equation (rho_ma=2.65, rho_fl=1.0)"
BLT-01,141979.42,457123.68,2027.3,1960.79,9.16,51.4,2.4989,1924.0,2052.7,1862.49,1984.87,122.38,2.375,ok,"TVD converted from deviation survey; porosity from density-porosity equation (rho_ma=2.65, rho_fl=1.0)"
BLT-01,141979.44,457123.7,2027.38,1960.86,9.52,52.47,2.4929,1924.0,2052.7,1862.49,1984.87,122.38,2.375,ok,"TVD converted from deviation survey; porosity from density-porosity equation (rho_ma=2.65, rho_fl=1.0)"
BLT-01,141979.46,457123.71,2027.45,1960.93,10.13,53.49,2.4828,1924.0,2052.7,1862.49,1984.87,122.38,2.376,ok,"TVD converted from deviation survey; porosity from density-porosity equation (rho_ma=2.65, rho_fl=1.0)"
BLT-01,141979.48,457123.73,2027.53,1961.0,11.16,53.86,2.4658,1924.0,2052.7,1862.49,1984.87,122.38,2.376,ok,"TVD converted from deviation survey; porosity from density-porosity equation (rho_ma=2.65, rho_fl=1.0)"
BLT-01,141979.49,457123.74,2027.61,1961.08,12.99,54.06,2.4356,1924.0,2052.7,1862.49,1984.87,122.38,2.376,ok,"TVD converted from deviation survey; porosity from density-porosity equation (rho_ma=2.65, rho_fl=1.0)"
BLT-01,141979.51,457123.76,2027.68,1961.15,15.1,54.22,2.4008,1924.0,2052.7,1862.49,1984.87,122.38,2.376,ok,"TVD converted from deviation survey; porosity from density-porosity equation (rho_ma=2.65, rho_fl=1.0)"
BLT-01,141979.53,457123.78,2027.76,1961.22,16.91,54.41,2.3709,1924.0,2052.7,1862.49,1984.87,122.38,2.376,ok,"TVD converted from deviation survey; porosity from density-porosity equation (rho_ma=2.65, rho_fl=1.0)"
BLT-01,141979.55,457123.79,2027.83,1961.29,17.61,54.44,2.3594,1924.0,2052.7,1862.49,1984.87,122.38,2.376,ok,"TVD converted from deviation survey; porosity from density-porosity equation (rho_ma=2.65, rho_fl=1.0)"
BLT-01,141979.57,457123.81,2027.91,1961.37,18.01,54.18,2.3528,1924.0,2052.7,1862.49,1984.87,122.38,2.376,ok,"TVD converted from deviation survey; porosity from density-porosity equation (rho_ma=2.65, rho_fl=1.0)"
BLT-01,141979.59,457123.82,2027.99,1961.44,18.14,53.47,2.3506,1924.0,2052.7,1862.49,1984.87,122.38,2.376,ok,"TVD converted from deviation survey; porosity from density-porosity equation (rho_ma=2.65, rho_fl=1.0)"
BLT-01,141979.6,457123.84,2028.06,1961.51,18.04,52.3,2.3523,1924.0,2052.7,1862.49,1984.87,122.38,2.376,ok,"TVD converted from deviation survey; porosity from density-porosity equation (rho_ma=2.65, rho_fl=1.0)"
BLT-01,141979.62,457123.85,2028.14,1961.58,17.78,51.39,2.3566,1924.0,2052.7,1862.49,1984.87,122.38,2.376,ok,"TVD converted from deviation survey; porosity from density-porosity equation (rho_ma=2.65, rho_fl=1.0)"
BLT-01,141979.64,457123.87,2028.22,1961.66,17.53,51.02,2.3607,1924.0,2052.7,1862.49,1984.87,122.38,2.376,ok,"TVD converted from deviation survey; porosity from density-porosity equation (rho_ma=2.65, rho_fl=1.0)"
BLT-01,141979.66,457123.89,2028.29,1961.73,17.32,50.96,2.3642,1924.0,2052.7,1862.49,1984.87,122.38,2.376,ok,"TVD converted from deviation survey; porosity from density-porosity equation (rho_ma=2.65, rho_fl=1.0)"
BLT-01,141979.68,457123.9,2028.37,1961.8,17.19,51.09,2.3663,1924.0,2052.7,1862.49,1984.87,122.38,2.376,ok,"TVD converted from deviation survey; porosity from density-porosity equation (rho_ma=2.65, rho_fl=1.0)"
BLT-01,141979.7,457123.92,2028.44,1961.87,17.22,51.22,2.3659,1924.0,2052.7,1862.49,1984.87,122.38,2.376,ok,"TVD converted from deviation survey; porosity from density-porosity equation (rho_ma=2.65, rho_fl=1.0)"
BLT-01,141979.71,457123.93,2028.52,1961.94,17.29,51.23,2.3647,1924.0,2052.7,1862.49,1984.87,122.38,2.376,ok,"TVD converted from deviation survey; porosity from density-porosity equation (rho_ma=2.65, rho_fl=1.0)"
BLT-01,141979.73,457123.95,2028.6,1962.02,17.27,50.76,2.365,1924.0,2052.7,1862.49,1984.87,122.38,2.376,ok,"TVD converted from deviation survey; porosity from density-porosity equation (rho_ma=2.65, rho_fl=1.0)"
BLT-01,141979.75,457123.96,2028.67,1962.09,17.13,49.89,2.3673,1924.0,2052.7,1862.49,1984.87,122.38,2.376,ok,"TVD converted from deviation survey; porosity from density-porosity equation (rho_ma=2.65, rho_fl=1.0)"
BLT-01,141979.77,457123.98,2028.75,1962.16,16.86,49.05,2.3717,1924.0,2052.7,1862.49,1984.87,122.38,2.376,ok,"TVD converted from deviation survey; porosity from density-porosity equation (rho_ma=2.65, rho_fl=1.0)"
BLT-01,141979.79,457124.0,2028.82,1962.23,16.59,48.81,2.3763,1924.0,2052.7,1862.49,1984.87,122.38,2.376,ok,"TVD converted from deviation survey; porosity from density-porosity equation (rho_ma=2.65, rho_fl=1.0)"
BLT-01,141979.81,457124.01,2028.9,1962.31,16.18,49.45,2.383,1924.0,2052.7,1862.49,1984.87,122.38,2.376,ok,"TVD converted from deviation survey; porosity from density-porosity equation (rho_ma=2.65, rho_fl=1.0)"
BLT-01,141979.82,457124.03,2028.98,1962.38,15.69,50.71,2.391,1924.0,2052.7,1862.49,1984.87,122.38,2.376,ok,"TVD converted from deviation survey; porosity from density-porosity equation (rho_ma=2.65, rho_fl=1.0)"
BLT-01,141979.84,457124.04,2029.05,1962.45,15.23,52.15,2.3988,1924.0,2052.7,1862.49,1984.87,122.38,2.376,ok,"TVD converted from deviation survey; porosity from density-porosity equation (rho_ma=2.65, rho_fl=1.0)"
BLT-01,141979.86,457124.06,2029.13,1962.52,14.89,52.84,2.4043,1924.0,2052.7,1862.49,1984.87,122.38,2.376,ok,"TVD converted from deviation survey; porosity from density-porosity equation (rho_ma=2.65, rho_fl=1.0)"
BLT-01,141979.88,457124.08,2029.21,1962.59,14.62,53.16,2.4088,1924.0,2052.7,1862.49,1984.87,122.38,2.376,ok,"TVD converted from deviation survey; porosity from density-porosity equation (rho_ma=2.65, rho_fl=1.0)"
BLT-01,141979.9,457124.09,2029.28,1962.67,14.49,53.04,2.411,1924.0,2052.7,1862.49,1984.87,122.38,2.376,ok,"TVD converted from deviation survey; porosity from density-porosity equation (rho_ma=2.65, rho_fl=1.0)"
BLT-01,141979.92,457124.11,2029.36,1962.74,14.57,52.39,2.4095,1924.0,2052.7,1862.49,1984.87,122.38,2.376,ok,"TVD converted from deviation survey; porosity from density-porosity equation (rho_ma=2.65, rho_fl=1.0)"
BLT-01,141979.93,457124.12,2029.43,1962.81,14.83,51.53,2.4053,1924.0,2052.7,1862.49,1984.87,122.38,2.376,ok,"TVD converted from deviation survey; porosity from density-porosity equation (rho_ma=2.65, rho_fl=1.0)"
BLT-01,141979.95,457124.14,2029.51,1962.88,14.99,50.97,2.4027,1924.0,2052.7,1862.49,1984.87,122.38,2.376,ok,"TVD converted from deviation survey; porosity from density-porosity equation (rho_ma=2.65, rho_fl=1.0)"
BLT-01,141979.97,457124.15,2029.59,1962.96,15.02,50.51,2.4022,1924.0,2052.7,1862.49,1984.87,122.38,2.376,ok,"TVD converted from deviation survey; porosity from density-porosity equation (rho_ma=2.65, rho_fl=1.0)"
BLT-01,141979.99,457124.17,2029.66,1963.03,14.91,50.03,2.4039,1924.0,2052.7,1862.49,1984.87,122.38,2.376,ok,"TVD converted from deviation survey; porosity from density-porosity equation (rho_ma=2.65, rho_fl=1.0)"
BLT-01,141980.01,457124.19,2029.74,1963.1,14.77,49.56,2.4063,1924.0,2052.7,1862.49,1984.87,122.38,2.376,ok,"TVD converted from deviation survey; porosity from density-porosity equation (rho_ma=2.65, rho_fl=1.0)"
BLT-01,141980.02,457124.2,2029.82,1963.17,14.74,49.09,2.4068,1924.0,2052.7,1862.49,1984.87,122.38,2.376,ok,"TVD converted from deviation survey; porosity from density-porosity equation (rho_ma=2.65, rho_fl=1.0)"
BLT-01,141980.04,457124.22,2029.89,1963.25,14.8,48.39,2.4058,1924.0,2052.7,1862.49,1984.87,122.38,2.376,ok,"TVD converted from deviation survey; porosity from density-porosity equation (rho_ma=2.65, rho_fl=1.0)"
BLT-01,141980.06,457124.23,2029.97,1963.32,14.94,47.43,2.4035,1924.0,2052.7,1862.49,1984.87,122.38,2.376,ok,"TVD converted from deviation survey; porosity from density-porosity equation (rho_ma=2.65, rho_fl=1.0)"
BLT-01,141980.08,457124.25,2030.04,1963.39,15.12,46.56,2.4005,1924.0,2052.7,1862.49,1984.87,122.38,2.376,ok,"TVD converted from deviation survey; porosity from density-porosity equation (rho_ma=2.65, rho_fl=1.0)"
BLT-01,141980.1,457124.26,2030.12,1963.46,15.34,46.02,2.3968,1924.0,2052.7,1862.49,1984.87,122.38,2.376,ok,"TVD converted from deviation survey; porosity from density-porosity equation (rho_ma=2.65, rho_fl=1.0)"
BLT-01,141980.12,457124.28,2030.2,1963.53,15.7,45.69,2.3909,1924.0,2052.7,1862.49,1984.87,122.38,2.376,ok,"TVD converted from deviation survey; porosity from density-porosity equation (rho_ma=2.65, rho_fl=1.0)"
BLT-01,141980.13,457124.3,2030.27,1963.61,16.17,45.57,2.3832,1924.0,2052.7,1862.49,1984.87,122.38,2.376,ok,"TVD converted from deviation survey; porosity from density-porosity equation (rho_ma=2.65, rho_fl=1.0)"
BLT-01,141980.15,457124.31,2030.35,1963.68,16.59,45.8,2.3762,1924.0,2052.7,1862.49,1984.87,122.38,2.376,ok,"TVD converted from deviation survey; porosity from density-porosity equation (rho_ma=2.65, rho_fl=1.0)"
BLT-01,141980.17,457124.33,2030.43,1963.75,16.86,46.29,2.3718,1924.0,2052.7,1862.49,1984.87,122.38,2.376,ok,"TVD converted from deviation survey; porosity from density-porosity equation (rho_ma=2.65, rho_fl=1.0)"
BLT-01,141980.19,457124.34,2030.5,1963.82,17.16,46.67,2.3669,1924.0,2052.7,1862.49,1984.87,122.38,2.376,ok,"TVD converted from deviation survey; porosity from density-porosity equation (rho_ma=2.65, rho_fl=1.0)"
BLT-01,141980.21,457124.36,2030.58,1963.9,17.56,46.62,2.3603,1924.0,2052.7,1862.49,1984.87,122.38,2.376,ok,"TVD converted from deviation survey; porosity from density-porosity equation (rho_ma=2.65, rho_fl=1.0)"
BLT-01,141980.23,457124.37,2030.65,1963.97,18.17,45.7,2.3503,1924.0,2052.7,1862.49,1984.87,122.38,2.376,ok,"TVD converted from deviation survey; porosity from density-porosity equation (rho_ma=2.65, rho_fl=1.0)"
BLT-01,141980.24,457124.39,2030.73,1964.04,18.63,44.27,2.3426,1924.0,2052.7,1862.49,1984.87,122.38,2.376,ok,"TVD converted from deviation survey; porosity from density-porosity equation (rho_ma=2.65, rho_fl=1.0)"
BLT-01,141980.26,457124.41,2030.81,1964.11,18.87,43.18,2.3387,1924.0,2052.7,1862.49,1984.87,122.38,2.376,ok,"TVD converted from deviation survey; porosity from density-porosity equation (rho_ma=2.65, rho_fl=1.0)"
BLT-01,141980.28,457124.42,2030.88,1964.18,18.88,42.91,2.3384,1924.0,2052.7,1862.49,1984.87,122.38,2.376,ok,"TVD converted from deviation survey; porosity from density-porosity equation (rho_ma=2.65, rho_fl=1.0)"
BLT-01,141980.3,457124.44,2030.96,1964.26,18.71,43.89,2.3412,1924.0,2052.7,1862.49,1984.87,122.38,2.376,ok,"TVD converted from deviation survey; porosity from density-porosity equation (rho_ma=2.65, rho_fl=1.0)"
BLT-01,141980.32,457124.45,2031.03,1964.33,18.5,45.72,2.3448,1924.0,2052.7,1862.49,1984.87,122.38,2.377,ok,"TVD converted from deviation survey; porosity from density-porosity equation (rho_ma=2.65, rho_fl=1.0)"
BLT-01,141980.34,457124.47,2031.11,1964.4,18.31,46.92,2.3479,1924.0,2052.7,1862.49,1984.87,122.38,2.377,ok,"TVD converted from deviation survey; porosity from density-porosity equation (rho_ma=2.65, rho_fl=1.0)"
BLT-01,141980.35,457124.48,2031.19,1964.47,18.05,47.28,2.3521,1924.0,2052.7,1862.49,1984.87,122.38,2.377,ok,"TVD converted from deviation survey; porosity from density-porosity equation (rho_ma=2.65, rho_fl=1.0)"
BLT-01,141980.37,457124.5,2031.26,1964.55,17.68,46.77,2.3582,1924.0,2052.7,1862.49,1984.87,122.38,2.377,ok,"TVD converted from deviation survey; porosity from density-porosity equation (rho_ma=2.65, rho_fl=1.0)"
BLT-01,141980.39,457124.52,2031.34,1964.62,17.34,46.14,2.3638,1924.0,2052.7,1862.49,1984.87,122.38,2.377,ok,"TVD converted from deviation survey; porosity from density-porosity equation (rho_ma=2.65, rho_fl=1.0)"
BLT-01,141980.41,457124.53,2031.42,1964.69,17.17,46.03,2.3667,1924.0,2052.7,1862.49,1984.87,122.38,2.377,ok,"TVD converted from deviation survey; porosity from density-porosity equation (rho_ma=2.65, rho_fl=1.0)"
BLT-01,141980.43,457124.55,2031.49,1964.76,17.07,46.06,2.3683,1924.0,2052.7,1862.49,1984.87,122.38,2.377,ok,"TVD converted from deviation survey; porosity from density-porosity equation (rho_ma=2.65, rho_fl=1.0)"
BLT-01,141980.45,457124.56,2031.57,1964.84,17.02,46.0,2.3692,1924.0,2052.7,1862.49,1984.87,122.38,2.377,ok,"TVD converted from deviation survey; porosity from density-porosity equation (rho_ma=2.65, rho_fl=1.0)"
BLT-01,141980.46,457124.58,2031.64,1964.91,16.94,45.59,2.3706,1924.0,2052.7,1862.49,1984.87,122.38,2.377,ok,"TVD converted from deviation survey; porosity from density-porosity equation (rho_ma=2.65, rho_fl=1.0)"
BLT-01,141980.48,457124.59,2031.72,1964.98,16.76,45.13,2.3735,1924.0,2052.7,1862.49,1984.87,122.38,2.377,ok,"TVD converted from deviation survey; porosity from density-porosity equation (rho_ma=2.65, rho_fl=1.0)"
BLT-01,141980.5,457124.61,2031.8,1965.05,16.51,44.84,2.3775,1924.0,2052.7,1862.49,1984.87,122.38,2.377,ok,"TVD converted from deviation survey; porosity from density-porosity equation (rho_ma=2.65, rho_fl=1.0)"
BLT-01,141980.52,457124.63,2031.87,1965.12,16.2,44.91,2.3827,1924.0,2052.7,1862.49,1984.87,122.38,2.377,ok,"TVD converted from deviation survey; porosity from density-porosity equation (rho_ma=2.65, rho_fl=1.0)"
BLT-01,141980.54,457124.64,2031.95,1965.2,15.78,45.71,2.3896,1924.0,2052.7,1862.49,1984.87,122.38,2.377,ok,"TVD converted from deviation survey; porosity from density-porosity equation (rho_ma=2.65, rho_fl=1.0)"
BLT-01,141980.55,457124.66,2032.03,1965.27,15.41,46.46,2.3958,1924.0,2052.7,1862.49,1984.87,122.38,2.377,ok,"TVD converted from deviation survey; porosity from density-porosity equation (rho_ma=2.65, rho_fl=1.0)"
BLT-01,141980.57,457124.67,2032.1,1965.34,15.1,47.02,2.4009,1924.0,2052.7,1862.49,1984.87,122.38,2.377,ok,"TVD converted from deviation survey; porosity from density-porosity equation (rho_ma=2.65, rho_fl=1.0)"
BLT-01,141980.59,457124.69,2032.18,1965.41,14.77,47.53,2.4063,1924.0,2052.7,1862.49,1984.87,122.38,2.377,ok,"TVD converted from deviation survey; porosity from density-porosity equation (rho_ma=2.65, rho_fl=1.0)"
BLT-01,141980.61,457124.7,2032.25,1965.49,14.3,48.24,2.414,1924.0,2052.7,1862.49,1984.87,122.38,2.377,ok,"TVD converted from deviation survey; porosity from density-porosity equation (rho_ma=2.65, rho_fl=1.0)"
BLT-01,141980.63,457124.72,2032.33,1965.56,13.94,48.79,2.42,1924.0,2052.7,1862.49,1984.87,122.38,2.377,ok,"TVD converted from deviation survey; porosity from density-porosity equation (rho_ma=2.65, rho_fl=1.0)"
BLT-01,141980.65,457124.74,2032.41,1965.63,13.73,49.07,2.4235,1924.0,2052.7,1862.49,1984.87,122.38,2.377,ok,"TVD converted from deviation survey; porosity from density-porosity equation (rho_ma=2.65, rho_fl=1.0)"
BLT-01,141980.66,457124.75,2032.48,1965.7,13.65,49.25,2.4247,1924.0,2052.7,1862.49,1984.87,122.38,2.377,ok,"TVD converted from deviation survey; porosity from density-porosity equation (rho_ma=2.65, rho_fl=1.0)"
BLT-01,141980.68,457124.77,2032.56,1965.77,13.69,49.54,2.4242,1924.0,2052.7,1862.49,1984.87,122.38,2.377,ok,"TVD converted from deviation survey; porosity from density-porosity equation (rho_ma=2.65, rho_fl=1.0)"
BLT-01,141980.7,457124.78,2032.63,1965.85,13.83,50.4,2.4219,1924.0,2052.7,1862.49,1984.87,122.38,2.377,ok,"TVD converted from deviation survey; porosity from density-porosity equation (rho_ma=2.65, rho_fl=1.0)"
BLT-01,141980.72,457124.8,2032.71,1965.92,13.97,51.31,2.4195,1924.0,2052.7,1862.49,1984.87,122.38,2.377,ok,"TVD converted from deviation survey; porosity from density-porosity equation (rho_ma=2.65, rho_fl=1.0)"
BLT-01,141980.74,457124.81,2032.79,1965.99,14.12,52.14,2.4171,1924.0,2052.7,1862.49,1984.87,122.38,2.377,ok,"TVD converted from deviation survey; porosity from density-porosity equation (rho_ma=2.65, rho_fl=1.0)"
BLT-01,141980.76,457124.83,2032.86,1966.06,14.25,52.79,2.4148,1924.0,2052.7,1862.49,1984.87,122.38,2.377,ok,"TVD converted from deviation survey; porosity from density-porosity equation (rho_ma=2.65, rho_fl=1.0)"
BLT-01,141980.77,457124.85,2032.94,1966.14,14.36,53.04,2.413,1924.0,2052.7,1862.49,1984.87,122.38,2.377,ok,"TVD converted from deviation survey; porosity from density-porosity equation (rho_ma=2.65, rho_fl=1.0)"
BLT-01,141980.79,457124.86,2033.02,1966.21,14.49,52.95,2.4109,1924.0,2052.7,1862.49,1984.87,122.38,2.377,ok,"TVD converted from deviation survey; porosity from density-porosity equation (rho_ma=2.65, rho_fl=1.0)"
BLT-01,141980.81,457124.88,2033.09,1966.28,14.66,52.76,2.408,1924.0,2052.7,1862.49,1984.87,122.38,2.377,ok,"TVD converted from deviation survey; porosity from density-porosity equation (rho_ma=2.65, rho_fl=1.0)"
BLT-01,141980.83,457124.89,2033.17,1966.35,14.92,52.56,2.4038,1924.0,2052.7,1862.49,1984.87,122.38,2.377,ok,"TVD converted from deviation survey; porosity from density-porosity equation (rho_ma=2.65, rho_fl=1.0)"
BLT-01,141980.85,457124.91,2033.24,1966.42,15.33,52.31,2.3971,1924.0,2052.7,1862.49,1984.87,122.38,2.377,ok,"TVD converted from deviation survey; porosity from density-porosity equation (rho_ma=2.65, rho_fl=1.0)"
BLT-01,141980.87,457124.92,2033.32,1966.5,15.68,52.07,2.3914,1924.0,2052.7,1862.49,1984.87,122.38,2.377,ok,"TVD converted from deviation survey; porosity from density-porosity equation (rho_ma=2.65, rho_fl=1.0)"
BLT-01,141980.88,457124.94,2033.4,1966.57,15.9,51.75,2.3876,1924.0,2052.7,1862.49,1984.87,122.38,2.377,ok,"TVD converted from deviation survey; porosity from density-porosity equation (rho_ma=2.65, rho_fl=1.0)"
BLT-01,141980.9,457124.96,2033.47,1966.64,16.01,51.14,2.3858,1924.0,2052.7,1862.49,1984.87,122.38,2.377,ok,"TVD converted from deviation survey; porosity from density-porosity equation (rho_ma=2.65, rho_fl=1.0)"
BLT-01,141980.92,457124.97,2033.55,1966.71,16.03,49.7,2.3855,1924.0,2052.7,1862.49,1984.87,122.38,2.377,ok,"TVD converted from deviation survey; porosity from density-porosity equation (rho_ma=2.65, rho_fl=1.0)"
BLT-01,141980.94,457124.99,2033.63,1966.79,15.97,48.16,2.3865,1924.0,2052.7,1862.49,1984.87,122.38,2.377,ok,"TVD converted from deviation survey; porosity from density-porosity equation (rho_ma=2.65, rho_fl=1.0)"
BLT-01,141980.96,457125.0,2033.7,1966.86,15.87,46.91,2.3881,1924.0,2052.7,1862.49,1984.87,122.38,2.377,ok,"TVD converted from deviation survey; porosity from density-porosity equation (rho_ma=2.65, rho_fl=1.0)"
BLT-01,141980.97,457125.02,2033.78,1966.93,15.74,45.99,2.3903,1924.0,2052.7,1862.49,1984.87,122.38,2.377,ok,"TVD converted from deviation survey; porosity from density-porosity equation (rho_ma=2.65, rho_fl=1.0)"
BLT-01,141980.99,457125.03,2033.85,1967.0,15.54,45.37,2.3936,1924.0,2052.7,1862.49,1984.87,122.38,2.377,ok,"TVD converted from deviation survey; porosity from density-porosity equation (rho_ma=2.65, rho_fl=1.0)"
BLT-01,141981.01,457125.05,2033.93,1967.08,15.34,45.13,2.3969,1924.0,2052.7,1862.49,1984.87,122.38,2.377,ok,"TVD converted from deviation survey; porosity from density-porosity equation (rho_ma=2.65, rho_fl=1.0)"
BLT-01,141981.03,457125.07,2034.01,1967.15,15.16,45.09,2.3999,1924.0,2052.7,1862.49,1984.87,122.38,2.377,ok,"TVD converted from deviation survey; porosity from density-porosity equation (rho_ma=2.65, rho_fl=1.0)"
BLT-01,141981.05,457125.08,2034.08,1967.22,14.98,45.11,2.4029,1924.0,2052.7,1862.49,1984.87,122.38,2.377,ok,"TVD converted from deviation survey; porosity from density-porosity equation (rho_ma=2.65, rho_fl=1.0)"
BLT-01,141981.07,457125.1,2034.16,1967.29,14.82,45.07,2.4055,1924.0,2052.7,1862.49,1984.87,122.38,2.377,ok,"TVD converted from deviation survey; porosity from density-porosity equation (rho_ma=2.65, rho_fl=1.0)"
BLT-01,141981.08,457125.11,2034.24,1967.36,14.82,44.64,2.4055,1924.0,2052.7,1862.49,1984.87,122.38,2.377,ok,"TVD converted from deviation survey; porosity from density-porosity equation (rho_ma=2.65, rho_fl=1.0)"
BLT-01,141981.1,457125.13,2034.31,1967.44,14.98,44.12,2.4029,1924.0,2052.7,1862.49,1984.87,122.38,2.377,ok,"TVD converted from deviation survey; porosity from density-porosity equation (rho_ma=2.65, rho_fl=1.0)"
BLT-01,141981.12,457125.14,2034.39,1967.51,15.24,43.68,2.3986,1924.0,2052.7,1862.49,1984.87,122.38,2.377,ok,"TVD converted from deviation survey; porosity from density-porosity equation (rho_ma=2.65, rho_fl=1.0)"
BLT-01,141981.14,457125.16,2034.46,1967.58,15.57,43.4,2.3931,1924.0,2052.7,1862.49,1984.87,122.38,2.377,ok,"TVD converted from deviation survey; porosity from density-porosity equation (rho_ma=2.65, rho_fl=1.0)"
BLT-01,141981.16,457125.18,2034.54,1967.65,15.91,43.2,2.3875,1924.0,2052.7,1862.49,1984.87,122.38,2.377,ok,"TVD converted from deviation survey; porosity from density-porosity equation (rho_ma=2.65, rho_fl=1.0)"
BLT-01,141981.18,457125.19,2034.62,1967.73,16.17,42.86,2.3832,1924.0,2052.7,1862.49,1984.87,122.38,2.377,ok,"TVD converted from deviation survey; porosity from density-porosity equation (rho_ma=2.65, rho_fl=1.0)"
BLT-01,141981.19,457125.21,2034.69,1967.8,16.29,42.51,2.3811,1924.0,2052.7,1862.49,1984.87,122.38,2.378,ok,"TVD converted from deviation survey; porosity from density-porosity equation (rho_ma=2.65, rho_fl=1.0)"
BLT-01,141981.21,457125.22,2034.77,1967.87,16.26,42.26,2.3816,1924.0,2052.7,1862.49,1984.87,122.38,2.378,ok,"TVD converted from deviation survey; porosity from density-porosity equation (rho_ma=2.65, rho_fl=1.0)"
BLT-01,141981.23,457125.24,2034.84,1967.94,16.07,42.37,2.3849,1924.0,2052.7,1862.49,1984.87,122.38,2.378,ok,"TVD converted from deviation survey; porosity from density-porosity equation (rho_ma=2.65, rho_fl=1.0)"
BLT-01,141981.25,457125.25,2034.92,1968.01,15.64,42.92,2.3919,1924.0,2052.7,1862.49,1984.87,122.38,2.378,ok,"TVD converted from deviation survey; porosity from density-porosity equation (rho_ma=2.65, rho_fl=1.0)"
BLT-01,141981.27,457125.27,2035.0,1968.09,15.17,43.33,2.3997,1924.0,2052.7,1862.49,1984.87,122.38,2.378,ok,"TVD converted from deviation survey; porosity from density-porosity equation (rho_ma=2.65, rho_fl=1.0)"
BLT-01,141981.29,457125.29,2035.07,1968.16,14.71,43.42,2.4072,1924.0,2052.7,1862.49,1984.87,122.38,2.378,ok,"TVD converted from deviation survey; porosity from density-porosity equation (rho_ma=2.65, rho_fl=1.0)"
BLT-01,141981.3,457125.3,2035.15,1968.23,14.35,43.07,2.4133,1924.0,2052.7,1862.49,1984.87,122.38,2.378,ok,"TVD converted from deviation survey; porosity from density-porosity equation (rho_ma=2.65, rho_fl=1.0)"
BLT-01,141981.32,457125.32,2035.23,1968.3,14.0,42.77,2.4191,1924.0,2052.7,1862.49,1984.87,122.38,2.378,ok,"TVD converted from deviation survey; porosity from density-porosity equation (rho_ma=2.65, rho_fl=1.0)"
BLT-01,141981.34,457125.33,2035.3,1968.38,13.5,43.34,2.4273,1924.0,2052.7,1862.49,1984.87,122.38,2.378,ok,"TVD converted from deviation survey; porosity from density-porosity equation (rho_ma=2.65, rho_fl=1.0)"
BLT-01,141981.36,457125.35,2035.38,1968.45,12.9,44.66,2.4371,1924.0,2052.7,1862.49,1984.87,122.38,2.378,ok,"TVD converted from deviation survey; porosity from density-porosity equation (rho_ma=2.65, rho_fl=1.0)"
BLT-01,141981.38,457125.37,2035.45,1968.52,12.35,46.45,2.4463,1924.0,2052.7,1862.49,1984.87,122.38,2.378,ok,"TVD converted from deviation survey; porosity from density-porosity equation (rho_ma=2.65, rho_fl=1.0)"
BLT-01,141981.4,457125.38,2035.53,1968.59,11.99,47.76,2.4521,1924.0,2052.7,1862.49,1984.87,122.38,2.378,ok,"TVD converted from deviation survey; porosity from density-porosity equation (rho_ma=2.65, rho_fl=1.0)"
BLT-01,141981.41,457125.4,2035.61,1968.67,11.71,48.78,2.4567,1924.0,2052.7,1862.49,1984.87,122.38,2.378,ok,"TVD converted from deviation survey; porosity from density-porosity equation (rho_ma=2.65, rho_fl=1.0)"
BLT-01,141981.43,457125.41,2035.68,1968.74,11.5,49.58,2.4603,1924.0,2052.7,1862.49,1984.87,122.38,2.378,ok,"TVD converted from deviation survey; porosity from density-porosity equation (rho_ma=2.65, rho_fl=1.0)"
BLT-01,141981.45,457125.43,2035.76,1968.81,11.34,50.19,2.463,1924.0,2052.7,1862.49,1984.87,122.38,2.378,ok,"TVD converted from deviation survey; porosity from density-porosity equation (rho_ma=2.65, rho_fl=1.0)"
BLT-01,141981.47,457125.44,2035.84,1968.88,11.32,50.33,2.4633,1924.0,2052.7,1862.49,1984.87,122.38,2.378,ok,"TVD converted from deviation survey; porosity from density-porosity equation (rho_ma=2.65, rho_fl=1.0)"
BLT-01,141981.49,457125.46,2035.91,1968.95,11.37,50.14,2.4624,1924.0,2052.7,1862.49,1984.87,122.38,2.378,ok,"TVD converted from deviation survey; porosity from density-porosity equation (rho_ma=2.65, rho_fl=1.0)"
BLT-01,141981.5,457125.48,2035.99,1969.03,11.48,49.89,2.4606,1924.0,2052.7,1862.49,1984.87,122.38,2.378,ok,"TVD converted from deviation survey; porosity from density-porosity equation (rho_ma=2.65, rho_fl=1.0)"
BLT-01,141981.52,457125.49,2036.06,1969.1,11.62,49.8,2.4583,1924.0,2052.7,1862.49,1984.87,122.38,2.378,ok,"TVD converted from deviation survey; porosity from density-porosity equation (rho_ma=2.65, rho_fl=1.0)"
BLT-01,141981.54,457125.51,2036.14,1969.17,11.83,50.41,2.4549,1924.0,2052.7,1862.49,1984.87,122.38,2.378,ok,"TVD converted from deviation survey; porosity from density-porosity equation (rho_ma=2.65, rho_fl=1.0)"
BLT-01,141981.56,457125.52,2036.22,1969.24,11.95,51.66,2.4529,1924.0,2052.7,1862.49,1984.87,122.38,2.378,ok,"TVD converted from deviation survey; porosity from density-porosity equation (rho_ma=2.65, rho_fl=1.0)"
BLT-01,141981.58,457125.54,2036.29,1969.32,11.98,53.15,2.4524,1924.0,2052.7,1862.49,1984.87,122.38,2.378,ok,"TVD converted from deviation survey; porosity from density-porosity equation (rho_ma=2.65, rho_fl=1.0)"
BLT-01,141981.6,457125.55,2036.37,1969.39,11.93,54.69,2.4531,1924.0,2052.7,1862.49,1984.87,122.38,2.378,ok,"TVD converted from deviation survey; porosity from density-porosity equation (rho_ma=2.65, rho_fl=1.0)"
BLT-01,141981.61,457125.57,2036.44,1969.46,11.9,56.12,2.4536,1924.0,2052.7,1862.49,1984.87,122.38,2.378,ok,"TVD converted from deviation survey; porosity from density-porosity equation (rho_ma=2.65, rho_fl=1.0)"
BLT-01,141981.63,457125.59,2036.52,1969.53,11.98,57.31,2.4523,1924.0,2052.7,1862.49,1984.87,122.38,2.378,ok,"TVD converted from deviation survey; porosity from density-porosity equation (rho_ma=2.65, rho_fl=1.0)"
BLT-01,141981.65,457125.6,2036.6,1969.6,12.14,58.15,2.4497,1924.0,2052.7,1862.49,1984.87,122.38,2.378,ok,"TVD converted from deviation survey; porosity from density-porosity equation (rho_ma=2.65, rho_fl=1.0)"
BLT-01,141981.67,457125.62,2036.67,1969.68,12.33,58.72,2.4465,1924.0,2052.7,1862.49,1984.87,122.38,2.378,ok,"TVD converted from deviation survey; porosity from density-porosity equation (rho_ma=2.65, rho_fl=1.0)"
BLT-01,141981.69,457125.63,2036.75,1969.75,12.46,59.28,2.4444,1924.0,2052.7,1862.49,1984.87,122.38,2.378,ok,"TVD converted from deviation survey; porosity from density-porosity equation (rho_ma=2.65, rho_fl=1.0)"
BLT-01,141981.71,457125.65,2036.83,1969.82,12.27,60.18,2.4475,1924.0,2052.7,1862.49,1984.87,122.38,2.378,ok,"TVD converted from deviation survey; porosity from density-porosity equation (rho_ma=2.65, rho_fl=1.0)"
BLT-01,141981.72,457125.66,2036.9,1969.89,11.9,60.99,2.4536,1924.0,2052.7,1862.49,1984.87,122.38,2.378,ok,"TVD converted from deviation survey; porosity from density-porosity equation (rho_ma=2.65, rho_fl=1.0)"
BLT-01,141981.74,457125.68,2036.98,1969.97,11.44,61.6,2.4612,1924.0,2052.7,1862.49,1984.87,122.38,2.378,ok,"TVD converted from deviation survey; porosity from density-porosity equation (rho_ma=2.65, rho_fl=1.0)"
BLT-01,141981.76,457125.7,2037.05,1970.04,11.0,61.92,2.4685,1924.0,2052.7,1862.49,1984.87,122.38,2.378,ok,"TVD converted from deviation survey; porosity from density-porosity equation (rho_ma=2.65, rho_fl=1.0)"
BLT-01,141981.78,457125.71,2037.13,1970.11,10.65,62.12,2.4743,1924.0,2052.7,1862.49,1984.87,122.38,2.378,ok,"TVD converted from deviation survey; porosity from density-porosity equation (rho_ma=2.65, rho_fl=1.0)"
BLT-01,141981.8,457125.73,2037.21,1970.18,10.16,62.46,2.4824,1924.0,2052.7,1862.49,1984.87,122.38,2.378,ok,"TVD converted from deviation survey; porosity from density-porosity equation (rho_ma=2.65, rho_fl=1.0)"
BLT-01,141981.82,457125.74,2037.28,1970.26,9.59,62.74,2.4918,1924.0,2052.7,1862.49,1984.87,122.38,2.378,ok,"TVD converted from deviation survey; porosity from density-porosity equation (rho_ma=2.65, rho_fl=1.0)"
BLT-01,141981.83,457125.76,2037.36,1970.33,9.03,62.79,2.501,1924.0,2052.7,1862.49,1984.87,122.38,2.378,ok,"TVD converted from deviation survey; porosity from density-porosity equation (rho_ma=2.65, rho_fl=1.0)"
BLT-01,141981.85,457125.77,2037.44,1970.4,8.68,62.52,2.5068,1924.0,2052.7,1862.49,1984.87,122.38,2.378,ok,"TVD converted from deviation survey; porosity from density-porosity equation (rho_ma=2.65, rho_fl=1.0)"
BLT-01,141981.87,457125.79,2037.51,1970.47,8.37,62.18,2.5119,1924.0,2052.7,1862.49,1984.87,122.38,2.378,ok,"TVD converted from deviation survey; porosity from density-porosity equation (rho_ma=2.65, rho_fl=1.0)"
BLT-01,141981.89,457125.81,2037.59,1970.54,8.09,61.78,2.5165,1924.0,2052.7,1862.49,1984.87,122.38,2.378,ok,"TVD converted from deviation survey; porosity from density-porosity equation (rho_ma=2.65, rho_fl=1.0)"
BLT-01,141981.91,457125.82,2037.66,1970.62,7.82,61.34,2.5209,1924.0,2052.7,1862.49,1984.87,122.38,2.378,ok,"TVD converted from deviation survey; porosity from density-porosity equation (rho_ma=2.65, rho_fl=1.0)"
BLT-01,141981.93,457125.84,2037.74,1970.69,7.57,61.13,2.525,1924.0,2052.7,1862.49,1984.87,122.38,2.378,ok,"TVD converted from deviation survey; porosity from density-porosity equation (rho_ma=2.65, rho_fl=1.0)"
BLT-01,141981.94,457125.85,2037.82,1970.76,7.4,60.86,2.5279,1924.0,2052.7,1862.49,1984.87,122.38,2.378,ok,"TVD converted from deviation survey; porosity from density-porosity equation (rho_ma=2.65, rho_fl=1.0)"
BLT-01,141981.96,457125.87,2037.89,1970.83,7.24,60.44,2.5305,1924.0,2052.7,1862.49,1984.87,122.38,2.378,ok,"TVD converted from deviation survey; porosity from density-porosity equation (rho_ma=2.65, rho_fl=1.0)"
BLT-01,141981.98,457125.88,2037.97,1970.91,7.12,59.83,2.5325,1924.0,2052.7,1862.49,1984.87,122.38,2.378,ok,"TVD converted from deviation survey; porosity from density-porosity equation (rho_ma=2.65, rho_fl=1.0)"
BLT-01,141982.0,457125.9,2038.05,1970.98,7.18,59.0,2.5316,1924.0,2052.7,1862.49,1984.87,122.38,2.378,ok,"TVD converted from deviation survey; porosity from density-porosity equation (rho_ma=2.65, rho_fl=1.0)"
BLT-01,141982.02,457125.92,2038.12,1971.05,7.55,58.42,2.5255,1924.0,2052.7,1862.49,1984.87,122.38,2.378,ok,"TVD converted from deviation survey; porosity from density-porosity equation (rho_ma=2.65, rho_fl=1.0)"
BLT-01,141982.03,457125.93,2038.2,1971.12,8.22,57.92,2.5143,1924.0,2052.7,1862.49,1984.87,122.38,2.378,ok,"TVD converted from deviation survey; porosity from density-porosity equation (rho_ma=2.65, rho_fl=1.0)"
BLT-01,141982.05,457125.95,2038.27,1971.19,9.24,57.28,2.4976,1924.0,2052.7,1862.49,1984.87,122.38,2.379,ok,"TVD converted from deviation survey; porosity from density-porosity equation (rho_ma=2.65, rho_fl=1.0)"
BLT-01,141982.07,457125.96,2038.35,1971.27,10.65,56.08,2.4742,1924.0,2052.7,1862.49,1984.87,122.38,2.379,ok,"TVD converted from deviation survey; porosity from density-porosity equation (rho_ma=2.65, rho_fl=1.0)"
BLT-01,141982.09,457125.98,2038.43,1971.34,13.02,53.31,2.4352,1924.0,2052.7,1862.49,1984.87,122.38,2.379,ok,"TVD converted from deviation survey; porosity from density-porosity equation (rho_ma=2.65, rho_fl=1.0)"
BLT-01,141982.11,457125.99,2038.5,1971.41,15.03,50.48,2.402,1924.0,2052.7,1862.49,1984.87,122.38,2.379,ok,"TVD converted from deviation survey; porosity from density-porosity equation (rho_ma=2.65, rho_fl=1.0)"
BLT-01,141982.13,457126.01,2038.58,1971.48,16.3,48.13,2.3811,1924.0,2052.7,1862.49,1984.87,122.38,2.379,ok,"TVD converted from deviation survey; porosity from density-porosity equation (rho_ma=2.65, rho_fl=1.0)"
BLT-01,141982.14,457126.03,2038.65,1971.56,16.43,46.79,2.3789,1924.0,2052.7,1862.49,1984.87,122.38,2.379,ok,"TVD converted from deviation survey; porosity from density-porosity equation (rho_ma=2.65, rho_fl=1.0)"
BLT-01,141982.16,457126.04,2038.73,1971.63,15.08,46.25,2.4012,1924.0,2052.7,1862.49,1984.87,122.38,2.379,ok,"TVD converted from deviation survey; porosity from density-porosity equation (rho_ma=2.65, rho_fl=1.0)"
BLT-01,141982.18,457126.06,2038.81,1971.7,13.5,46.11,2.4272,1924.0,2052.7,1862.49,1984.87,122.38,2.379,ok,"TVD converted from deviation survey; porosity from density-porosity equation (rho_ma=2.65, rho_fl=1.0)"
BLT-01,141982.2,457126.07,2038.88,1971.77,12.08,46.17,2.4507,1924.0,2052.7,1862.49,1984.87,122.38,2.379,ok,"TVD converted from deviation survey; porosity from density-porosity equation (rho_ma=2.65, rho_fl=1.0)"
BLT-01,141982.22,457126.09,2038.96,1971.84,11.12,46.27,2.4665,1924.0,2052.7,1862.49,1984.87,122.38,2.379,ok,"TVD converted from deviation survey; porosity from density-porosity equation (rho_ma=2.65, rho_fl=1.0)"
BLT-01,141982.24,457126.1,2039.04,1971.92,10.59,46.15,2.4753,1924.0,2052.7,1862.49,1984.87,122.38,2.379,ok,"TVD converted from deviation survey; porosity from density-porosity equation (rho_ma=2.65, rho_fl=1.0)"
BLT-01,141982.25,457126.12,2039.11,1971.99,10.31,46.07,2.48,1924.0,2052.7,1862.49,1984.87,122.38,2.379,ok,"TVD converted from deviation survey; porosity from density-porosity equation (rho_ma=2.65, rho_fl=1.0)"
BLT-01,141982.27,457126.14,2039.19,1972.06,10.2,46.06,2.4817,1924.0,2052.7,1862.49,1984.87,122.38,2.379,ok,"TVD converted from deviation survey; porosity from density-porosity equation (rho_ma=2.65, rho_fl=1.0)"
BLT-01,141982.29,457126.15,2039.26,1972.13,10.21,46.16,2.4815,1924.0,2052.7,1862.49,1984.87,122.38,2.379,ok,"TVD converted from deviation survey; porosity from density-porosity equation (rho_ma=2.65, rho_fl=1.0)"
BLT-01,141982.31,457126.17,2039.34,1972.21,10.22,46.18,2.4813,1924.0,2052.7,1862.49,1984.87,122.38,2.379,ok,"TVD converted from deviation survey; porosity from density-porosity equation (rho_ma=2.65, rho_fl=1.0)"
BLT-01,141982.33,457126.18,2039.42,1972.28,10.21,45.82,2.4816,1924.0,2052.7,1862.49,1984.87,122.38,2.379,ok,"TVD converted from deviation survey; porosity from density-porosity equation (rho_ma=2.65, rho_fl=1.0)"
BLT-01,141982.35,457126.2,2039.49,1972.35,10.07,45.22,2.4838,1924.0,2052.7,1862.49,1984.87,122.38,2.379,ok,"TVD converted from deviation survey; porosity from density-porosity equation (rho_ma=2.65, rho_fl=1.0)"
BLT-01,141982.36,457126.21,2039.57,1972.42,9.81,44.55,2.4881,1924.0,2052.7,1862.49,1984.87,122.38,2.379,ok,"TVD converted from deviation survey; porosity from density-porosity equation (rho_ma=2.65, rho_fl=1.0)"
BLT-01,141982.38,457126.23,2039.65,1972.5,9.55,44.4,2.4925,1924.0,2052.7,1862.49,1984.87,122.38,2.379,ok,"TVD converted from deviation survey; porosity from density-porosity equation (rho_ma=2.65, rho_fl=1.0)"
BLT-01,141982.4,457126.25,2039.72,1972.57,9.42,45.09,2.4946,1924.0,2052.7,1862.49,1984.87,122.38,2.379,ok,"TVD converted from deviation survey; porosity from density-porosity equation (rho_ma=2.65, rho_fl=1.0)"
BLT-01,141982.42,457126.26,2039.8,1972.64,9.31,46.67,2.4965,1924.0,2052.7,1862.49,1984.87,122.38,2.379,ok,"TVD converted from deviation survey; porosity from density-porosity equation (rho_ma=2.65, rho_fl=1.0)"
BLT-01,141982.44,457126.28,2039.87,1972.71,9.17,48.93,2.4987,1924.0,2052.7,1862.49,1984.87,122.38,2.379,ok,"TVD converted from deviation survey; porosity from density-porosity equation (rho_ma=2.65, rho_fl=1.0)"
BLT-01,141982.45,457126.29,2039.95,1972.78,8.97,51.37,2.5019,1924.0,2052.7,1862.49,1984.87,122.38,2.379,ok,"TVD converted from deviation survey; porosity from density-porosity equation (rho_ma=2.65, rho_fl=1.0)"
BLT-01,141982.47,457126.31,2040.03,1972.86,8.58,55.03,2.5085,1924.0,2052.7,1862.49,1984.87,122.38,2.379,ok,"TVD converted from deviation survey; porosity from density-porosity equation (rho_ma=2.65, rho_fl=1.0)"
BLT-01,141982.49,457126.32,2040.1,1972.93,8.26,58.61,2.5137,1924.0,2052.7,1862.49,1984.87,122.38,2.379,ok,"TVD converted from deviation survey; porosity from density-porosity equation (rho_ma=2.65, rho_fl=1.0)"
BLT-01,141982.51,457126.34,2040.18,1973.0,8.15,61.65,2.5156,1924.0,2052.7,1862.49,1984.87,122.38,2.379,ok,"TVD converted from deviation survey; porosity from density-porosity equation (rho_ma=2.65, rho_fl=1.0)"
BLT-01,141982.53,457126.36,2040.25,1973.07,8.36,63.75,2.512,1924.0,2052.7,1862.49,1984.87,122.38,2.379,ok,"TVD converted from deviation survey; porosity from density-porosity equation (rho_ma=2.65, rho_fl=1.0)"
BLT-01,141982.55,457126.37,2040.33,1973.15,8.79,64.9,2.505,1924.0,2052.7,1862.49,1984.87,122.38,2.379,ok,"TVD converted from deviation survey; porosity from density-porosity equation (rho_ma=2.65, rho_fl=1.0)"
BLT-01,141982.56,457126.39,2040.41,1973.22,9.22,65.49,2.4979,1924.0,2052.7,1862.49,1984.87,122.38,2.379,ok,"TVD converted from deviation survey; porosity from density-porosity equation (rho_ma=2.65, rho_fl=1.0)"
BLT-01,141982.58,457126.4,2040.48,1973.29,9.7,65.65,2.4899,1924.0,2052.7,1862.49,1984.87,122.38,2.379,ok,"TVD converted from deviation survey; porosity from density-porosity equation (rho_ma=2.65, rho_fl=1.0)"
BLT-01,141982.6,457126.42,2040.56,1973.36,10.29,65.48,2.4803,1924.0,2052.7,1862.49,1984.87,122.38,2.379,ok,"TVD converted from deviation survey; porosity from density-porosity equation (rho_ma=2.65, rho_fl=1.0)"
BLT-01,141982.62,457126.43,2040.64,1973.43,10.83,64.72,2.4713,1924.0,2052.7,1862.49,1984.87,122.38,2.379,ok,"TVD converted from deviation survey; porosity from density-porosity equation (rho_ma=2.65, rho_fl=1.0)"
BLT-01,141982.64,457126.45,2040.71,1973.51,11.38,63.52,2.4622,1924.0,2052.7,1862.49,1984.87,122.38,2.379,ok,"TVD converted from deviation survey; porosity from density-porosity equation (rho_ma=2.65, rho_fl=1.0)"
BLT-01,141982.66,457126.47,2040.79,1973.58,12.29,62.03,2.4473,1924.0,2052.7,1862.49,1984.87,122.38,2.379,ok,"TVD converted from deviation survey; porosity from density-porosity equation (rho_ma=2.65, rho_fl=1.0)"
BLT-01,141982.67,457126.48,2040.86,1973.65,13.66,60.45,2.4245,1924.0,2052.7,1862.49,1984.87,122.38,2.379,ok,"TVD converted from deviation survey; porosity from density-porosity equation (rho_ma=2.65, rho_fl=1.0)"
BLT-01,141982.69,457126.5,2040.94,1973.72,14.97,59.6,2.403,1924.0,2052.7,1862.49,1984.87,122.38,2.379,ok,"TVD converted from deviation survey; porosity from density-porosity equation (rho_ma=2.65, rho_fl=1.0)"
BLT-01,141982.71,457126.51,2041.02,1973.8,15.74,59.18,2.3904,1924.0,2052.7,1862.49,1984.87,122.38,2.379,ok,"TVD converted from deviation survey; porosity from density-porosity equation (rho_ma=2.65, rho_fl=1.0)"
BLT-01,141982.73,457126.53,2041.09,1973.87,16.14,58.67,2.3838,1924.0,2052.7,1862.49,1984.87,122.38,2.379,ok,"TVD converted from deviation survey; porosity from density-porosity equation (rho_ma=2.65, rho_fl=1.0)"
BLT-01,141982.75,457126.54,2041.17,1973.94,16.24,57.99,2.382,1924.0,2052.7,1862.49,1984.87,122.38,2.379,ok,"TVD converted from deviation survey; porosity from density-porosity equation (rho_ma=2.65, rho_fl=1.0)"
BLT-01,141982.77,457126.56,2041.25,1974.01,16.09,57.5,2.3844,1924.0,2052.7,1862.49,1984.87,122.38,2.379,ok,"TVD converted from deviation survey; porosity from density-porosity equation (rho_ma=2.65, rho_fl=1.0)"
BLT-01,141982.78,457126.58,2041.32,1974.09,15.85,57.84,2.3886,1924.0,2052.7,1862.49,1984.87,122.38,2.379,ok,"TVD converted from deviation survey; porosity from density-porosity equation (rho_ma=2.65, rho_fl=1.0)"
BLT-01,141982.8,457126.59,2041.4,1974.16,15.6,58.45,2.3927,1924.0,2052.7,1862.49,1984.87,122.38,2.379,ok,"TVD converted from deviation survey; porosity from density-porosity equation (rho_ma=2.65, rho_fl=1.0)"
BLT-01,141982.82,457126.61,2041.47,1974.23,15.35,59.13,2.3967,1924.0,2052.7,1862.49,1984.87,122.38,2.379,ok,"TVD converted from deviation survey; porosity from density-porosity equation (rho_ma=2.65, rho_fl=1.0)"
BLT-01,141982.84,457126.62,2041.55,1974.3,15.08,59.66,2.4011,1924.0,2052.7,1862.49,1984.87,122.38,2.379,ok,"TVD converted from deviation survey; porosity from density-porosity equation (rho_ma=2.65, rho_fl=1.0)"
BLT-01,141982.86,457126.64,2041.63,1974.37,14.48,60.13,2.411,1924.0,2052.7,1862.49,1984.87,122.38,2.379,ok,"TVD converted from deviation survey; porosity from density-porosity equation (rho_ma=2.65, rho_fl=1.0)"
BLT-01,141982.88,457126.66,2041.7,1974.45,13.89,60.32,2.4208,1924.0,2052.7,1862.49,1984.87,122.38,2.379,ok,"TVD converted from deviation survey; porosity from density-porosity equation (rho_ma=2.65, rho_fl=1.0)"
BLT-01,141982.89,457126.67,2041.78,1974.52,13.43,60.18,2.4284,1924.0,2052.7,1862.49,1984.87,122.38,2.379,ok,"TVD converted from deviation survey; porosity from density-porosity equation (rho_ma=2.65, rho_fl=1.0)"
BLT-01,141982.91,457126.69,2041.86,1974.59,13.22,59.69,2.4319,1924.0,2052.7,1862.49,1984.87,122.38,2.379,ok,"TVD converted from deviation survey; porosity from density-porosity equation (rho_ma=2.65, rho_fl=1.0)"
BLT-01,141982.93,457126.7,2041.93,1974.66,12.93,58.64,2.4367,1924.0,2052.7,1862.49,1984.87,122.38,2.38,ok,"TVD converted from deviation survey; porosity from density-porosity equation (rho_ma=2.65, rho_fl=1.0)"
BLT-01,141982.95,457126.72,2042.01,1974.74,12.55,57.8,2.4429,1924.0,2052.7,1862.49,1984.87,122.38,2.38,ok,"TVD converted from deviation survey; porosity from density-porosity equation (rho_ma=2.65, rho_fl=1.0)"
BLT-01,141982.97,457126.73,2042.08,1974.81,12.11,57.35,2.4501,1924.0,2052.7,1862.49,1984.87,122.38,2.38,ok,"TVD converted from deviation survey; porosity from density-porosity equation (rho_ma=2.65, rho_fl=1.0)"
BLT-01,141982.98,457126.75,2042.16,1974.88,11.64,57.46,2.458,1924.0,2052.7,1862.49,1984.87,122.38,2.38,ok,"TVD converted from deviation survey; porosity from density-porosity equation (rho_ma=2.65, rho_fl=1.0)"
BLT-01,141983.0,457126.77,2042.24,1974.95,11.28,57.85,2.4638,1924.0,2052.7,1862.49,1984.87,122.38,2.38,ok,"TVD converted from deviation survey; porosity from density-porosity equation (rho_ma=2.65, rho_fl=1.0)"
BLT-01,141983.02,457126.78,2042.31,1975.02,11.32,58.29,2.4631,1924.0,2052.7,1862.49,1984.87,122.38,2.38,ok,"TVD converted from deviation survey; porosity from density-porosity equation (rho_ma=2.65, rho_fl=1.0)"
BLT-01,141983.04,457126.8,2042.39,1975.1,11.7,58.62,2.457,1924.0,2052.7,1862.49,1984.87,122.38,2.38,ok,"TVD converted from deviation survey; porosity from density-porosity equation (rho_ma=2.65, rho_fl=1.0)"
BLT-01,141983.06,457126.81,2042.46,1975.17,12.38,58.74,2.4458,1924.0,2052.7,1862.49,1984.87,122.38,2.38,ok,"TVD converted from deviation survey; porosity from density-porosity equation (rho_ma=2.65, rho_fl=1.0)"
BLT-01,141983.08,457126.83,2042.54,1975.24,13.4,58.58,2.4289,1924.0,2052.7,1862.49,1984.87,122.38,2.38,ok,"TVD converted from deviation survey; porosity from density-porosity equation (rho_ma=2.65, rho_fl=1.0)"
BLT-01,141983.09,457126.84,2042.62,1975.31,14.09,58.13,2.4175,1924.0,2052.7,1862.49,1984.87,122.38,2.38,ok,"TVD converted from deviation survey; porosity from density-porosity equation (rho_ma=2.65, rho_fl=1.0)"
BLT-01,141983.11,457126.86,2042.69,1975.39,14.26,57.32,2.4148,1924.0,2052.7,1862.49,1984.87,122.38,2.38,ok,"TVD converted from deviation survey; porosity from density-porosity equation (rho_ma=2.65, rho_fl=1.0)"
BLT-01,141983.13,457126.88,2042.77,1975.46,13.9,56.29,2.4206,1924.0,2052.7,1862.49,1984.87,122.38,2.38,ok,"TVD converted from deviation survey; porosity from density-porosity equation (rho_ma=2.65, rho_fl=1.0)"
BLT-01,141983.15,457126.89,2042.85,1975.53,13.31,55.53,2.4304,1924.0,2052.7,1862.49,1984.87,122.38,2.38,ok,"TVD converted from deviation survey; porosity from density-porosity equation (rho_ma=2.65, rho_fl=1.0)"
BLT-01,141983.17,457126.91,2042.92,1975.6,12.79,55.32,2.4389,1924.0,2052.7,1862.49,1984.87,122.38,2.38,ok,"TVD converted from deviation survey; porosity from density-porosity equation (rho_ma=2.65, rho_fl=1.0)"
BLT-01,141983.19,457126.92,2043.0,1975.68,12.26,55.43,2.4477,1924.0,2052.7,1862.49,1984.87,122.38,2.38,ok,"TVD converted from deviation survey; porosity from density-porosity equation (rho_ma=2.65, rho_fl=1.0)"
BLT-01,141983.2,457126.94,2043.07,1975.75,11.75,55.72,2.4561,1924.0,2052.7,1862.49,1984.87,122.38,2.38,ok,"TVD converted from deviation survey; porosity from density-porosity equation (rho_ma=2.65, rho_fl=1.0)"
BLT-01,141983.22,457126.95,2043.15,1975.82,11.44,55.92,2.4613,1924.0,2052.7,1862.49,1984.87,122.38,2.38,ok,"TVD converted from deviation survey; porosity from density-porosity equation (rho_ma=2.65, rho_fl=1.0)"
BLT-01,141983.24,457126.97,2043.23,1975.89,11.36,55.75,2.4626,1924.0,2052.7,1862.49,1984.87,122.38,2.38,ok,"TVD converted from deviation survey; porosity from density-porosity equation (rho_ma=2.65, rho_fl=1.0)"
BLT-01,141983.26,457126.99,2043.3,1975.96,11.41,55.23,2.4618,1924.0,2052.7,1862.49,1984.87,122.38,2.38,ok,"TVD converted from deviation survey; porosity from density-porosity equation (rho_ma=2.65, rho_fl=1.0)"
BLT-01,141983.28,457127.0,2043.38,1976.04,11.56,54.62,2.4592,1924.0,2052.7,1862.49,1984.87,122.38,2.38,ok,"TVD converted from deviation survey; porosity from density-porosity equation (rho_ma=2.65, rho_fl=1.0)"
BLT-01,141983.3,457127.02,2043.46,1976.11,11.81,54.3,2.4552,1924.0,2052.7,1862.49,1984.87,122.38,2.38,ok,"TVD converted from deviation survey; porosity from density-porosity equation (rho_ma=2.65, rho_fl=1.0)"
BLT-01,141983.31,457127.03,2043.53,1976.18,12.1,54.55,2.4504,1924.0,2052.7,1862.49,1984.87,122.38,2.38,ok,"TVD converted from deviation survey; porosity from density-porosity equation (rho_ma=2.65, rho_fl=1.0)"
BLT-01,141983.33,457127.05,2043.61,1976.25,12.57,54.35,2.4426,1924.0,2052.7,1862.49,1984.87,122.38,2.38,ok,"TVD converted from deviation survey; porosity from density-porosity equation (rho_ma=2.65, rho_fl=1.0)"
BLT-01,141983.35,457127.06,2043.68,1976.33,13.12,53.65,2.4336,1924.0,2052.7,1862.49,1984.87,122.38,2.38,ok,"TVD converted from deviation survey; porosity from density-porosity equation (rho_ma=2.65, rho_fl=1.0)"
BLT-01,141983.37,457127.08,2043.76,1976.4,13.62,52.45,2.4252,1924.0,2052.7,1862.49,1984.87,122.38,2.38,ok,"TVD converted from deviation survey; porosity from density-porosity equation (rho_ma=2.65, rho_fl=1.0)"
BLT-01,141983.39,457127.1,2043.84,1976.47,13.91,51.17,2.4204,1924.0,2052.7,1862.49,1984.87,122.38,2.38,ok,"TVD converted from deviation survey; porosity from density-porosity equation (rho_ma=2.65, rho_fl=1.0)"
BLT-01,141983.41,457127.11,2043.91,1976.54,14.12,49.91,2.4171,1924.0,2052.7,1862.49,1984.87,122.38,2.38,ok,"TVD converted from deviation survey; porosity from density-porosity equation (rho_ma=2.65, rho_fl=1.0)"
BLT-01,141983.42,457127.13,2043.99,1976.61,14.15,48.96,2.4166,1924.0,2052.7,1862.49,1984.87,122.38,2.38,ok,"TVD converted from deviation survey; porosity from density-porosity equation (rho_ma=2.65, rho_fl=1.0)"
BLT-01,141983.44,457127.14,2044.06,1976.69,13.91,48.56,2.4204,1924.0,2052.7,1862.49,1984.87,122.38,2.38,ok,"TVD converted from deviation survey; porosity from density-porosity equation (rho_ma=2.65, rho_fl=1.0)"
BLT-01,141983.46,457127.16,2044.14,1976.76,13.1,49.2,2.4339,1924.0,2052.7,1862.49,1984.87,122.38,2.38,ok,"TVD converted from deviation survey; porosity from density-porosity equation (rho_ma=2.65, rho_fl=1.0)"
BLT-01,141983.48,457127.17,2044.22,1976.83,12.26,49.91,2.4477,1924.0,2052.7,1862.49,1984.87,122.38,2.38,ok,"TVD converted from deviation survey; porosity from density-porosity equation (rho_ma=2.65, rho_fl=1.0)"
BLT-01,141983.5,457127.19,2044.29,1976.9,11.65,50.5,2.4577,1924.0,2052.7,1862.49,1984.87,122.38,2.38,ok,"TVD converted from deviation survey; porosity from density-porosity equation (rho_ma=2.65, rho_fl=1.0)"
BLT-01,141983.52,457127.21,2044.37,1976.98,11.35,50.91,2.4628,1924.0,2052.7,1862.49,1984.87,122.38,2.38,ok,"TVD converted from deviation survey; porosity from density-porosity equation (rho_ma=2.65, rho_fl=1.0)"
BLT-01,141983.53,457127.22,2044.45,1977.05,11.26,51.18,2.4641,1924.0,2052.7,1862.49,1984.87,122.38,2.38,ok,"TVD converted from deviation survey; porosity from density-porosity equation (rho_ma=2.65, rho_fl=1.0)"
BLT-01,141983.55,457127.24,2044.52,1977.12,11.26,51.16,2.4642,1924.0,2052.7,1862.49,1984.87,122.38,2.38,ok,"TVD converted from deviation survey; porosity from density-porosity equation (rho_ma=2.65, rho_fl=1.0)"
BLT-01,141983.57,457127.25,2044.6,1977.19,11.22,51.05,2.4648,1924.0,2052.7,1862.49,1984.87,122.38,2.38,ok,"TVD converted from deviation survey; porosity from density-porosity equation (rho_ma=2.65, rho_fl=1.0)"
BLT-01,141983.59,457127.27,2044.67,1977.26,11.12,50.83,2.4665,1924.0,2052.7,1862.49,1984.87,122.38,2.38,ok,"TVD converted from deviation survey; porosity from density-porosity equation (rho_ma=2.65, rho_fl=1.0)"
BLT-01,141983.61,457127.29,2044.75,1977.34,10.97,50.37,2.4691,1924.0,2052.7,1862.49,1984.87,122.38,2.38,ok,"TVD converted from deviation survey; porosity from density-porosity equation (rho_ma=2.65, rho_fl=1.0)"
BLT-01,141983.63,457127.3,2044.83,1977.41,10.93,50.06,2.4696,1924.0,2052.7,1862.49,1984.87,122.38,2.38,ok,"TVD converted from deviation survey; porosity from density-porosity equation (rho_ma=2.65, rho_fl=1.0)"
BLT-01,141983.64,457127.32,2044.9,1977.48,10.96,49.93,2.4691,1924.0,2052.7,1862.49,1984.87,122.38,2.38,ok,"TVD converted from deviation survey; porosity from density-porosity equation (rho_ma=2.65, rho_fl=1.0)"
BLT-01,141983.66,457127.33,2044.98,1977.55,10.97,50.22,2.469,1924.0,2052.7,1862.49,1984.87,122.38,2.38,ok,"TVD converted from deviation survey; porosity from density-porosity equation (rho_ma=2.65, rho_fl=1.0)"
BLT-01,141983.68,457127.35,2045.06,1977.63,10.85,51.19,2.4709,1924.0,2052.7,1862.49,1984.87,122.38,2.38,ok,"TVD converted from deviation survey; porosity from density-porosity equation (rho_ma=2.65, rho_fl=1.0)"
BLT-01,141983.7,457127.37,2045.13,1977.7,10.55,52.47,2.4759,1924.0,2052.7,1862.49,1984.87,122.38,2.38,ok,"TVD converted from deviation survey; porosity from density-porosity equation (rho_ma=2.65, rho_fl=1.0)"
BLT-01,141983.72,457127.38,2045.21,1977.77,10.24,53.36,2.481,1924.0,2052.7,1862.49,1984.87,122.38,2.38,ok,"TVD converted from deviation survey; porosity from density-porosity equation (rho_ma=2.65, rho_fl=1.0)"
BLT-01,141983.74,457127.4,2045.28,1977.84,9.97,53.66,2.4856,1924.0,2052.7,1862.49,1984.87,122.38,2.38,ok,"TVD converted from deviation survey; porosity from density-porosity equation (rho_ma=2.65, rho_fl=1.0)"
BLT-01,141983.76,457127.41,2045.36,1977.91,9.76,53.21,2.4889,1924.0,2052.7,1862.49,1984.87,122.38,2.38,ok,"TVD converted from deviation survey; porosity from density-porosity equation (rho_ma=2.65, rho_fl=1.0)"
BLT-01,141983.77,457127.43,2045.44,1977.99,9.75,52.3,2.4892,1924.0,2052.7,1862.49,1984.87,122.38,2.38,ok,"TVD converted from deviation survey; porosity from density-porosity equation (rho_ma=2.65, rho_fl=1.0)"
BLT-01,141983.79,457127.45,2045.51,1978.06,9.9,51.66,2.4866,1924.0,2052.7,1862.49,1984.87,122.38,2.381,ok,"TVD converted from deviation survey; porosity from density-porosity equation (rho_ma=2.65, rho_fl=1.0)"
BLT-01,141983.81,457127.46,2045.59,1978.13,10.1,51.23,2.4833,1924.0,2052.7,1862.49,1984.87,122.38,2.381,ok,"TVD converted from deviation survey; porosity from density-porosity equation (rho_ma=2.65, rho_fl=1.0)"
BLT-01,141983.83,457127.48,2045.67,1978.2,10.29,50.98,2.4802,1924.0,2052.7,1862.49,1984.87,122.38,2.381,ok,"TVD converted from deviation survey; porosity from density-porosity equation (rho_ma=2.65, rho_fl=1.0)"
BLT-01,141983.85,457127.49,2045.74,1978.28,10.41,51.01,2.4783,1924.0,2052.7,1862.49,1984.87,122.38,2.381,ok,"TVD converted from deviation survey; porosity from density-porosity equation (rho_ma=2.65, rho_fl=1.0)"
BLT-01,141983.87,457127.51,2045.82,1978.35,10.58,51.79,2.4755,1924.0,2052.7,1862.49,1984.87,122.38,2.381,ok,"TVD converted from deviation survey; porosity from density-porosity equation (rho_ma=2.65, rho_fl=1.0)"
BLT-01,141983.89,457127.52,2045.89,1978.42,10.73,52.89,2.4729,1924.0,2052.7,1862.49,1984.87,122.38,2.381,ok,"TVD converted from deviation survey; porosity from density-porosity equation (rho_ma=2.65, rho_fl=1.0)"
BLT-01,141983.9,457127.54,2045.97,1978.49,10.86,53.99,2.4708,1924.0,2052.7,1862.49,1984.87,122.38,2.381,ok,"TVD converted from deviation survey; porosity from density-porosity equation (rho_ma=2.65, rho_fl=1.0)"
BLT-01,141983.92,457127.56,2046.05,1978.56,10.94,54.47,2.4695,1924.0,2052.7,1862.49,1984.87,122.38,2.381,ok,"TVD converted from deviation survey; porosity from density-porosity equation (rho_ma=2.65, rho_fl=1.0)"
BLT-01,141983.94,457127.57,2046.12,1978.64,10.93,53.89,2.4697,1924.0,2052.7,1862.49,1984.87,122.38,2.381,ok,"TVD converted from deviation survey; porosity from density-porosity equation (rho_ma=2.65, rho_fl=1.0)"
BLT-01,141983.96,457127.59,2046.2,1978.71,10.82,53.09,2.4714,1924.0,2052.7,1862.49,1984.87,122.38,2.381,ok,"TVD converted from deviation survey; porosity from density-porosity equation (rho_ma=2.65, rho_fl=1.0)"
BLT-01,141983.98,457127.6,2046.27,1978.78,10.63,52.43,2.4746,1924.0,2052.7,1862.49,1984.87,122.38,2.381,ok,"TVD converted from deviation survey; porosity from density-porosity equation (rho_ma=2.65, rho_fl=1.0)"
BLT-01,141984.0,457127.62,2046.35,1978.85,10.34,52.28,2.4794,1924.0,2052.7,1862.49,1984.87,122.38,2.381,ok,"TVD converted from deviation survey; porosity from density-porosity equation (rho_ma=2.65, rho_fl=1.0)"
BLT-01,141984.01,457127.64,2046.43,1978.92,10.1,52.56,2.4834,1924.0,2052.7,1862.49,1984.87,122.38,2.381,ok,"TVD converted from deviation survey; porosity from density-porosity equation (rho_ma=2.65, rho_fl=1.0)"
BLT-01,141984.03,457127.65,2046.5,1979.0,10.2,52.77,2.4817,1924.0,2052.7,1862.49,1984.87,122.38,2.381,ok,"TVD converted from deviation survey; porosity from density-porosity equation (rho_ma=2.65, rho_fl=1.0)"
BLT-01,141984.05,457127.67,2046.58,1979.07,10.71,52.81,2.4733,1924.0,2052.7,1862.49,1984.87,122.38,2.381,ok,"TVD converted from deviation survey; porosity from density-porosity equation (rho_ma=2.65, rho_fl=1.0)"
BLT-01,141984.07,457127.68,2046.66,1979.14,11.67,52.58,2.4575,1924.0,2052.7,1862.49,1984.87,122.38,2.381,ok,"TVD converted from deviation survey; porosity from density-porosity equation (rho_ma=2.65, rho_fl=1.0)"
BLT-01,141984.09,457127.7,2046.73,1979.21,14.01,51.53,2.4189,1924.0,2052.7,1862.49,1984.87,122.38,2.381,ok,"TVD converted from deviation survey; porosity from density-porosity equation (rho_ma=2.65, rho_fl=1.0)"
BLT-01,141984.11,457127.72,2046.81,1979.29,16.27,50.45,2.3816,1924.0,2052.7,1862.49,1984.87,122.38,2.381,ok,"TVD converted from deviation survey; porosity from density-porosity equation (rho_ma=2.65, rho_fl=1.0)"
BLT-01,141984.13,457127.73,2046.88,1979.36,18.2,49.54,2.3498,1924.0,2052.7,1862.49,1984.87,122.38,2.381,ok,"TVD converted from deviation survey; porosity from density-porosity equation (rho_ma=2.65, rho_fl=1.0)"
BLT-01,141984.14,457127.75,2046.96,1979.43,19.59,48.93,2.3267,1924.0,2052.7,1862.49,1984.87,122.38,2.381,ok,"TVD converted from deviation survey; porosity from density-porosity equation (rho_ma=2.65, rho_fl=1.0)"
BLT-01,141984.16,457127.76,2047.04,1979.5,20.23,48.85,2.3162,1924.0,2052.7,1862.49,1984.87,122.38,2.381,ok,"TVD converted from deviation survey; porosity from density-porosity equation (rho_ma=2.65, rho_fl=1.0)"
BLT-01,141984.18,457127.78,2047.11,1979.57,20.29,49.03,2.3153,1924.0,2052.7,1862.49,1984.87,122.38,2.381,ok,"TVD converted from deviation survey; porosity from density-porosity equation (rho_ma=2.65, rho_fl=1.0)"
BLT-01,141984.2,457127.8,2047.19,1979.65,20.04,49.36,2.3194,1924.0,2052.7,1862.49,1984.87,122.38,2.381,ok,"TVD converted from deviation survey; porosity from density-porosity equation (rho_ma=2.65, rho_fl=1.0)"
BLT-01,141984.22,457127.81,2047.27,1979.72,19.67,49.76,2.3255,1924.0,2052.7,1862.49,1984.87,122.38,2.381,ok,"TVD converted from deviation survey; porosity from density-porosity equation (rho_ma=2.65, rho_fl=1.0)"
BLT-01,141984.24,457127.83,2047.34,1979.79,19.46,50.09,2.329,1924.0,2052.7,1862.49,1984.87,122.38,2.381,ok,"TVD converted from deviation survey; porosity from density-porosity equation (rho_ma=2.65, rho_fl=1.0)"
BLT-01,141984.26,457127.84,2047.42,1979.86,19.5,50.29,2.3283,1924.0,2052.7,1862.49,1984.87,122.38,2.381,ok,"TVD converted from deviation survey; porosity from density-porosity equation (rho_ma=2.65, rho_fl=1.0)"
BLT-01,141984.27,457127.86,2047.49,1979.94,19.79,50.27,2.3235,1924.0,2052.7,1862.49,1984.87,122.38,2.381,ok,"TVD converted from deviation survey; porosity from density-porosity equation (rho_ma=2.65, rho_fl=1.0)"
BLT-01,141984.29,457127.87,2047.57,1980.01,20.3,49.99,2.315,1924.0,2052.7,1862.49,1984.87,122.38,2.381,ok,"TVD converted from deviation survey; porosity from density-porosity equation (rho_ma=2.65, rho_fl=1.0)"
BLT-01,141984.31,457127.89,2047.65,1980.08,20.89,49.48,2.3053,1924.0,2052.7,1862.49,1984.87,122.38,2.381,ok,"TVD converted from deviation survey; porosity from density-porosity equation (rho_ma=2.65, rho_fl=1.0)"
BLT-01,141984.33,457127.91,2047.72,1980.15,21.36,49.2,2.2975,1924.0,2052.7,1862.49,1984.87,122.38,2.381,ok,"TVD converted from deviation survey; porosity from density-porosity equation (rho_ma=2.65, rho_fl=1.0)"
BLT-01,141984.35,457127.92,2047.8,1980.22,21.82,48.79,2.29,1924.0,2052.7,1862.49,1984.87,122.38,2.381,ok,"TVD converted from deviation survey; porosity from density-porosity equation (rho_ma=2.65, rho_fl=1.0)"
BLT-01,141984.37,457127.94,2047.87,1980.3,22.21,48.27,2.2836,1924.0,2052.7,1862.49,1984.87,122.38,2.381,ok,"TVD converted from deviation survey; porosity from density-porosity equation (rho_ma=2.65, rho_fl=1.0)"
BLT-01,141984.38,457127.95,2047.95,1980.37,22.39,47.79,2.2806,1924.0,2052.7,1862.49,1984.87,122.38,2.381,ok,"TVD converted from deviation survey; porosity from density-porosity equation (rho_ma=2.65, rho_fl=1.0)"
BLT-01,141984.4,457127.97,2048.03,1980.44,22.26,47.66,2.2827,1924.0,2052.7,1862.49,1984.87,122.38,2.381,ok,"TVD converted from deviation survey; porosity from density-porosity equation (rho_ma=2.65, rho_fl=1.0)"
BLT-01,141984.42,457127.99,2048.1,1980.51,21.72,48.32,2.2916,1924.0,2052.7,1862.49,1984.87,122.38,2.381,ok,"TVD converted from deviation survey; porosity from density-porosity equation (rho_ma=2.65, rho_fl=1.0)"
BLT-01,141984.44,457128.0,2048.18,1980.59,20.89,49.63,2.3054,1924.0,2052.7,1862.49,1984.87,122.38,2.381,ok,"TVD converted from deviation survey; porosity from density-porosity equation (rho_ma=2.65, rho_fl=1.0)"
BLT-01,141984.46,457128.02,2048.26,1980.66,19.96,51.33,2.3206,1924.0,2052.7,1862.49,1984.87,122.38,2.381,ok,"TVD converted from deviation survey; porosity from density-porosity equation (rho_ma=2.65, rho_fl=1.0)"
BLT-01,141984.48,457128.03,2048.33,1980.73,19.39,51.77,2.3301,1924.0,2052.7,1862.49,1984.87,122.38,2.381,ok,"TVD converted from deviation survey; porosity from density-porosity equation (rho_ma=2.65, rho_fl=1.0)"
BLT-01,141984.5,457128.05,2048.41,1980.8,19.19,51.34,2.3333,1924.0,2052.7,1862.49,1984.87,122.38,2.381,ok,"TVD converted from deviation survey; porosity from density-porosity equation (rho_ma=2.65, rho_fl=1.0)"
BLT-01,141984.51,457128.07,2048.48,1980.87,19.34,50.28,2.3308,1924.0,2052.7,1862.49,1984.87,122.38,2.381,ok,"TVD converted from deviation survey; porosity from density-porosity equation (rho_ma=2.65, rho_fl=1.0)"
BLT-01,141984.53,457128.08,2048.56,1980.95,19.79,48.82,2.3235,1924.0,2052.7,1862.49,1984.87,122.38,2.381,ok,"TVD converted from deviation survey; porosity from density-porosity equation (rho_ma=2.65, rho_fl=1.0)"
BLT-01,141984.55,457128.1,2048.64,1981.02,20.4,47.13,2.3134,1924.0,2052.7,1862.49,1984.87,122.38,2.381,ok,"TVD converted from deviation survey; porosity from density-porosity equation (rho_ma=2.65, rho_fl=1.0)"
BLT-01,141984.57,457128.11,2048.71,1981.09,20.8,46.22,2.3068,1924.0,2052.7,1862.49,1984.87,122.38,2.381,ok,"TVD converted from deviation survey; porosity from density-porosity equation (rho_ma=2.65, rho_fl=1.0)"
BLT-01,141984.59,457128.13,2048.79,1981.16,20.98,46.04,2.3038,1924.0,2052.7,1862.49,1984.87,122.38,2.381,ok,"TVD converted from deviation survey; porosity from density-porosity equation (rho_ma=2.65, rho_fl=1.0)"
BLT-01,141984.61,457128.15,2048.87,1981.23,20.95,46.46,2.3043,1924.0,2052.7,1862.49,1984.87,122.38,2.381,ok,"TVD converted from deviation survey; porosity from density-porosity equation (rho_ma=2.65, rho_fl=1.0)"
BLT-01,141984.63,457128.16,2048.94,1981.31,20.79,46.89,2.307,1924.0,2052.7,1862.49,1984.87,122.38,2.381,ok,"TVD converted from deviation survey; porosity from density-porosity equation (rho_ma=2.65, rho_fl=1.0)"
BLT-01,141984.64,457128.18,2049.02,1981.38,20.66,46.9,2.3091,1924.0,2052.7,1862.49,1984.87,122.38,2.381,ok,"TVD converted from deviation survey; porosity from density-porosity equation (rho_ma=2.65, rho_fl=1.0)"
BLT-01,141984.66,457128.19,2049.09,1981.45,20.6,46.58,2.3102,1924.0,2052.7,1862.49,1984.87,122.38,2.381,ok,"TVD converted from deviation survey; porosity from density-porosity equation (rho_ma=2.65, rho_fl=1.0)"
BLT-01,141984.68,457128.21,2049.17,1981.52,20.63,46.07,2.3097,1924.0,2052.7,1862.49,1984.87,122.38,2.382,ok,"TVD converted from deviation survey; porosity from density-porosity equation (rho_ma=2.65, rho_fl=1.0)"
BLT-01,141984.7,457128.22,2049.25,1981.6,20.82,45.78,2.3066,1924.0,2052.7,1862.49,1984.87,122.38,2.382,ok,"TVD converted from deviation survey; porosity from density-porosity equation (rho_ma=2.65, rho_fl=1.0)"
BLT-01,141984.72,457128.24,2049.32,1981.67,21.02,45.97,2.3032,1924.0,2052.7,1862.49,1984.87,122.38,2.382,ok,"TVD converted from deviation survey; porosity from density-porosity equation (rho_ma=2.65, rho_fl=1.0)"
BLT-01,141984.74,457128.26,2049.4,1981.74,21.18,46.45,2.3006,1924.0,2052.7,1862.49,1984.87,122.38,2.382,ok,"TVD converted from deviation survey; porosity from density-porosity equation (rho_ma=2.65, rho_fl=1.0)"
BLT-01,141984.75,457128.27,2049.48,1981.81,21.27,47.14,2.299,1924.0,2052.7,1862.49,1984.87,122.38,2.382,ok,"TVD converted from deviation survey; porosity from density-porosity equation (rho_ma=2.65, rho_fl=1.0)"
BLT-01,141984.77,457128.29,2049.55,1981.88,21.34,47.94,2.298,1924.0,2052.7,1862.49,1984.87,122.38,2.382,ok,"TVD converted from deviation survey; porosity from density-porosity equation (rho_ma=2.65, rho_fl=1.0)"
BLT-01,141984.79,457128.3,2049.63,1981.96,21.42,47.95,2.2966,1924.0,2052.7,1862.49,1984.87,122.38,2.382,ok,"TVD converted from deviation survey; porosity from density-porosity equation (rho_ma=2.65, rho_fl=1.0)"
BLT-01,141984.81,457128.32,2049.7,1982.03,21.53,47.4,2.2948,1924.0,2052.7,1862.49,1984.87,122.38,2.382,ok,"TVD converted from deviation survey; porosity from density-porosity equation (rho_ma=2.65, rho_fl=1.0)"
BLT-01,141984.83,457128.34,2049.78,1982.1,21.66,46.42,2.2926,1924.0,2052.7,1862.49,1984.87,122.38,2.382,ok,"TVD converted from deviation survey; porosity from density-porosity equation (rho_ma=2.65, rho_fl=1.0)"
BLT-01,141984.85,457128.35,2049.86,1982.17,21.81,45.14,2.2901,1924.0,2052.7,1862.49,1984.87,122.38,2.382,ok,"TVD converted from deviation survey; porosity from density-porosity equation (rho_ma=2.65, rho_fl=1.0)"
BLT-01,141984.87,457128.37,2049.93,1982.25,21.8,44.52,2.2903,1924.0,2052.7,1862.49,1984.87,122.38,2.382,ok,"TVD converted from deviation survey; porosity from density-porosity equation (rho_ma=2.65, rho_fl=1.0)"
BLT-01,141984.88,457128.38,2050.01,1982.32,21.6,44.23,2.2937,1924.0,2052.7,1862.49,1984.87,122.38,2.382,ok,"TVD converted from deviation survey; porosity from density-porosity equation (rho_ma=2.65, rho_fl=1.0)"
BLT-01,141984.9,457128.4,2050.08,1982.39,21.31,44.11,2.2985,1924.0,2052.7,1862.49,1984.87,122.38,2.382,ok,"TVD converted from deviation survey; porosity from density-porosity equation (rho_ma=2.65, rho_fl=1.0)"
BLT-01,141984.92,457128.42,2050.16,1982.46,21.02,44.01,2.3032,1924.0,2052.7,1862.49,1984.87,122.38,2.382,ok,"TVD converted from deviation survey; porosity from density-porosity equation (rho_ma=2.65, rho_fl=1.0)"
BLT-01,141984.94,457128.43,2050.24,1982.53,20.85,44.17,2.306,1924.0,2052.7,1862.49,1984.87,122.38,2.382,ok,"TVD converted from deviation survey; porosity from density-porosity equation (rho_ma=2.65, rho_fl=1.0)"
BLT-01,141984.96,457128.45,2050.31,1982.61,20.51,45.06,2.3115,1924.0,2052.7,1862.49,1984.87,122.38,2.382,ok,"TVD converted from deviation survey; porosity from density-porosity equation (rho_ma=2.65, rho_fl=1.0)"
BLT-01,141984.98,457128.46,2050.39,1982.68,20.08,46.17,2.3187,1924.0,2052.7,1862.49,1984.87,122.38,2.382,ok,"TVD converted from deviation survey; porosity from density-porosity equation (rho_ma=2.65, rho_fl=1.0)"
BLT-01,141985.0,457128.48,2050.47,1982.75,19.58,47.12,2.3269,1924.0,2052.7,1862.49,1984.87,122.38,2.382,ok,"TVD converted from deviation survey; porosity from density-porosity equation (rho_ma=2.65, rho_fl=1.0)"
BLT-01,141985.01,457128.5,2050.54,1982.82,19.03,47.28,2.336,1924.0,2052.7,1862.49,1984.87,122.38,2.382,ok,"TVD converted from deviation survey; porosity from density-porosity equation (rho_ma=2.65, rho_fl=1.0)"
BLT-01,141985.03,457128.51,2050.62,1982.9,18.13,46.9,2.3508,1924.0,2052.7,1862.49,1984.87,122.38,2.382,ok,"TVD converted from deviation survey; porosity from density-porosity equation (rho_ma=2.65, rho_fl=1.0)"
BLT-01,141985.05,457128.53,2050.69,1982.97,17.2,46.42,2.3662,1924.0,2052.7,1862.49,1984.87,122.38,2.382,ok,"TVD converted from deviation survey; porosity from density-porosity equation (rho_ma=2.65, rho_fl=1.0)"
BLT-01,141985.07,457128.54,2050.77,1983.04,16.38,46.04,2.3798,1924.0,2052.7,1862.49,1984.87,122.38,2.382,ok,"TVD converted from deviation survey; porosity from density-porosity equation (rho_ma=2.65, rho_fl=1.0)"
BLT-01,141985.09,457128.56,2050.85,1983.11,15.81,45.92,2.3891,1924.0,2052.7,1862.49,1984.87,122.38,2.382,ok,"TVD converted from deviation survey; porosity from density-porosity equation (rho_ma=2.65, rho_fl=1.0)"
BLT-01,141985.11,457128.58,2050.92,1983.18,14.72,46.22,2.4072,1924.0,2052.7,1862.49,1984.87,122.38,2.382,ok,"TVD converted from deviation survey; porosity from density-porosity equation (rho_ma=2.65, rho_fl=1.0)"
BLT-01,141985.12,457128.59,2051.0,1983.26,13.42,46.91,2.4286,1924.0,2052.7,1862.49,1984.87,122.38,2.382,ok,"TVD converted from deviation survey; porosity from density-porosity equation (rho_ma=2.65, rho_fl=1.0)"
BLT-01,141985.14,457128.61,2051.08,1983.33,12.04,48.08,2.4513,1924.0,2052.7,1862.49,1984.87,122.38,2.382,ok,"TVD converted from deviation survey; porosity from density-porosity equation (rho_ma=2.65, rho_fl=1.0)"
BLT-01,141985.16,457128.62,2051.15,1983.4,10.7,49.92,2.4734,1924.0,2052.7,1862.49,1984.87,122.38,2.382,ok,"TVD converted from deviation survey; porosity from density-porosity equation (rho_ma=2.65, rho_fl=1.0)"
BLT-01,141985.18,457128.64,2051.23,1983.47,8.42,54.16,2.511,1924.0,2052.7,1862.49,1984.87,122.38,2.382,ok,"TVD converted from deviation survey; porosity from density-porosity equation (rho_ma=2.65, rho_fl=1.0)"
BLT-01,141985.2,457128.65,2051.3,1983.55,6.29,58.38,2.5462,1924.0,2052.7,1862.49,1984.87,122.38,2.382,ok,"TVD converted from deviation survey; porosity from density-porosity equation (rho_ma=2.65, rho_fl=1.0)"
BLT-01,141985.22,457128.67,2051.38,1983.62,4.63,61.81,2.5736,1924.0,2052.7,1862.49,1984.87,122.38,2.382,ok,"TVD converted from deviation survey; porosity from density-porosity equation (rho_ma=2.65, rho_fl=1.0)"
BLT-01,141985.24,457128.69,2051.46,1983.69,3.74,63.7,2.5883,1924.0,2052.7,1862.49,1984.87,122.38,2.382,ok,"TVD converted from deviation survey; porosity from density-porosity equation (rho_ma=2.65, rho_fl=1.0)"
BLT-01,141985.25,457128.7,2051.53,1983.76,3.37,64.15,2.5944,1924.0,2052.7,1862.49,1984.87,122.38,2.382,ok,"TVD converted from deviation survey; porosity from density-porosity equation (rho_ma=2.65, rho_fl=1.0)"
BLT-01,141985.27,457128.72,2051.61,1983.83,3.47,63.17,2.5928,1924.0,2052.7,1862.49,1984.87,122.38,2.382,ok,"TVD converted from deviation survey; porosity from density-porosity equation (rho_ma=2.65, rho_fl=1.0)"
BLT-01,141985.29,457128.73,2051.68,1983.91,3.84,61.57,2.5867,1924.0,2052.7,1862.49,1984.87,122.38,2.382,ok,"TVD converted from deviation survey; porosity from density-porosity equation (rho_ma=2.65, rho_fl=1.0)"
BLT-01,141985.31,457128.75,2051.76,1983.98,4.3,60.16,2.5791,1924.0,2052.7,1862.49,1984.87,122.38,2.382,ok,"TVD converted from deviation survey; porosity from density-porosity equation (rho_ma=2.65, rho_fl=1.0)"
BLT-01,141985.33,457128.77,2051.84,1984.05,4.54,60.48,2.5751,1924.0,2052.7,1862.49,1984.87,122.38,2.382,ok,"TVD converted from deviation survey; porosity from density-porosity equation (rho_ma=2.65, rho_fl=1.0)"
BLT-01,141985.35,457128.78,2051.91,1984.12,4.64,62.03,2.5734,1924.0,2052.7,1862.49,1984.87,122.38,2.382,ok,"TVD converted from deviation survey; porosity from density-porosity equation (rho_ma=2.65, rho_fl=1.0)"
BLT-01,141985.36,457128.8,2051.99,1984.19,4.52,64.98,2.5755,1924.0,2052.7,1862.49,1984.87,122.38,2.382,ok,"TVD converted from deviation survey; porosity from density-porosity equation (rho_ma=2.65, rho_fl=1.0)"
BLT-01,141985.38,457128.81,2052.07,1984.27,4.16,69.03,2.5814,1924.0,2052.7,1862.49,1984.87,122.38,2.382,ok,"TVD converted from deviation survey; porosity from density-porosity equation (rho_ma=2.65, rho_fl=1.0)"
BLT-01,141985.4,457128.83,2052.14,1984.34,3.76,72.05,2.5879,1924.0,2052.7,1862.49,1984.87,122.38,2.382,ok,"TVD converted from deviation survey; porosity from density-porosity equation (rho_ma=2.65, rho_fl=1.0)"
BLT-01,141985.42,457128.85,2052.22,1984.41,3.58,72.94,2.5909,1924.0,2052.7,1862.49,1984.87,122.38,2.382,ok,"TVD converted from deviation survey; porosity from density-porosity equation (rho_ma=2.65, rho_fl=1.0)"
BLT-01,141985.44,457128.86,2052.29,1984.48,3.52,72.67,2.5919,1924.0,2052.7,1862.49,1984.87,122.38,2.382,ok,"TVD converted from deviation survey; porosity from density-porosity equation (rho_ma=2.65, rho_fl=1.0)"
BLT-01,141985.46,457128.88,2052.37,1984.56,3.5,71.85,2.5923,1924.0,2052.7,1862.49,1984.87,122.38,2.382,ok,"TVD converted from deviation survey; porosity from density-porosity equation (rho_ma=2.65, rho_fl=1.0)"
BLT-01,141985.48,457128.89,2052.45,1984.63,3.32,71.59,2.5952,1924.0,2052.7,1862.49,1984.87,122.38,2.382,ok,"TVD converted from deviation survey; porosity from density-porosity equation (rho_ma=2.65, rho_fl=1.0)"
BLT-01,141985.49,457128.91,2052.52,1984.7,2.84,73.46,2.6031,1924.0,2052.7,1862.49,1984.87,122.38,2.382,ok,"TVD converted from deviation survey; porosity from density-porosity equation (rho_ma=2.65, rho_fl=1.0)"
BLT-01,141985.51,457128.93,2052.6,1984.77,2.19,77.01,2.6138,1924.0,2052.7,1862.49,1984.87,122.38,2.382,ok,"TVD converted from deviation survey; porosity from density-porosity equation (rho_ma=2.65, rho_fl=1.0)"
BLT-01,141985.53,457128.94,2052.68,1984.84,1.38,83.39,2.6273,1924.0,2052.7,1862.49,1984.87,122.38,2.383,ok,"TVD converted from deviation survey; porosity from density-porosity equation (rho_ma=2.65, rho_fl=1.0)"
EVD-01,137011.84,441269.45,1865.9,1859.49,0.0,133.97,2.665,1788.0,1866.0,1782.75,1859.59,76.84,14.241,ok,"TVD converted from deviation survey; porosity from density-porosity equation (rho_ma=2.65, rho_fl=1.0)"
EVD-01,137011.84,441269.43,1865.8,1859.39,0.0,134.38,2.655,1788.0,1866.0,1782.75,1859.59,76.84,14.241,ok,"TVD converted from deviation survey; porosity from density-porosity equation (rho_ma=2.65, rho_fl=1.0)"
EVD-01,137011.84,441269.41,1865.7,1859.3,0.3,132.21,2.645,1788.0,1866.0,1782.75,1859.59,76.84,14.241,ok,"TVD converted from deviation survey; porosity from density-porosity equation (rho_ma=2.65, rho_fl=1.0)"
EVD-01,137011.84,441269.4,1865.6,1859.2,0.91,124.47,2.6349,1788.0,1866.0,1782.75,1859.59,76.84,14.241,ok,"TVD converted from deviation survey; porosity from density-porosity equation (rho_ma=2.65, rho_fl=1.0)"
EVD-01,137011.83,441269.38,1865.5,1859.1,1.38,111.88,2.6273,1788.0,1866.0,1782.75,1859.59,76.84,14.241,ok,"TVD converted from deviation survey; porosity from density-porosity equation (rho_ma=2.65, rho_fl=1.0)"
EVD-01,137011.83,441269.36,1865.4,1859.0,1.43,96.48,2.6264,1788.0,1866.0,1782.75,1859.59,76.84,14.242,ok,"TVD converted from deviation survey; porosity from density-porosity equation (rho_ma=2.65, rho_fl=1.0)"
EVD-01,137011.83,441269.35,1865.3,1858.9,1.06,80.29,2.6326,1788.0,1866.0,1782.75,1859.59,76.84,14.242,ok,"TVD converted from deviation survey; porosity from density-porosity equation (rho_ma=2.65, rho_fl=1.0)"
EVD-01,137011.83,441269.33,1865.2,1858.8,0.47,66.23,2.6423,1788.0,1866.0,1782.75,1859.59,76.84,14.242,ok,"TVD converted from deviation survey; porosity from density-porosity equation (rho_ma=2.65, rho_fl=1.0)"
EVD-01,137011.82,441269.31,1865.1,1858.7,0.0,55.54,2.6525,1788.0,1866.0,1782.75,1859.59,76.84,14.242,ok,"TVD converted from deviation survey; porosity from density-porosity equation (rho_ma=2.65, rho_fl=1.0)"
EVD-01,137011.82,441269.29,1865.0,1858.61,0.0,48.21,2.6616,1788.0,1866.0,1782.75,1859.59,76.84,14.242,ok,"TVD converted from deviation survey; porosity from density-porosity equation (rho_ma=2.65, rho_fl=1.0)"
EVD-01,137011.82,441269.28,1864.9,1858.51,0.0,42.78,2.6693,1788.0,1866.0,1782.75,1859.59,76.84,14.242,ok,"TVD converted from deviation survey; porosity from density-porosity equation (rho_ma=2.65, rho_fl=1.0)"
EVD-01,137011.82,441269.26,1864.8,1858.41,0.0,39.76,2.6736,1788.0,1866.0,1782.75,1859.59,76.84,14.242,ok,"TVD converted from deviation survey; porosity from density-porosity equation (rho_ma=2.65, rho_fl=1.0)"
EVD-01,137011.82,441269.24,1864.7,1858.31,0.0,38.51,2.6721,1788.0,1866.0,1782.75,1859.59,76.84,14.242,ok,"TVD converted from deviation survey; porosity from density-porosity equation (rho_ma=2.65, rho_fl=1.0)"
EVD-01,137011.81,441269.22,1864.6,1858.21,0.0,37.57,2.6641,1788.0,1866.0,1782.75,1859.59,76.84,14.242,ok,"TVD converted from deviation survey; porosity from density-porosity equation (rho_ma=2.65, rho_fl=1.0)"
EVD-01,137011.81,441269.21,1864.5,1858.11,0.0,36.85,2.6539,1788.0,1866.0,1782.75,1859.59,76.84,14.242,ok,"TVD converted from deviation survey; porosity from density-porosity equation (rho_ma=2.65, rho_fl=1.0)"
EVD-01,137011.81,441269.19,1864.4,1858.01,0.01,36.29,2.6499,1788.0,1866.0,1782.75,1859.59,76.84,14.242,ok,"TVD converted from deviation survey; porosity from density-porosity equation (rho_ma=2.65, rho_fl=1.0)"
EVD-01,137011.81,441269.17,1864.3,1857.92,0.0,35.77,2.6569,1788.0,1866.0,1782.75,1859.59,76.84,14.242,ok,"TVD converted from deviation survey; porosity from density-porosity equation (rho_ma=2.65, rho_fl=1.0)"
EVD-01,137011.8,441269.16,1864.2,1857.82,0.0,35.27,2.6708,1788.0,1866.0,1782.75,1859.59,76.84,14.242,ok,"TVD converted from deviation survey; porosity from density-porosity equation (rho_ma=2.65, rho_fl=1.0)"
EVD-01,137011.8,441269.14,1864.1,1857.72,0.0,34.81,2.6847,1788.0,1866.0,1782.75,1859.59,76.84,14.242,ok,"TVD converted from deviation survey; porosity from density-porosity equation (rho_ma=2.65, rho_fl=1.0)"
EVD-01,137011.8,441269.12,1864.0,1857.62,0.0,34.43,2.6964,1788.0,1866.0,1782.75,1859.59,76.84,14.242,ok,"TVD converted from deviation survey; porosity from density-porosity equation (rho_ma=2.65, rho_fl=1.0)"
EVD-01,137011.8,441269.1,1863.9,1857.52,0.0,34.2,2.7051,1788.0,1866.0,1782.75,1859.59,76.84,14.242,ok,"TVD converted from deviation survey; porosity from density-porosity equation (rho_ma=2.65, rho_fl=1.0)"
EVD-01,137011.79,441269.09,1863.8,1857.42,0.0,34.14,2.7095,1788.0,1866.0,1782.75,1859.59,76.84,14.242,ok,"TVD converted from deviation survey; porosity from density-porosity equation (rho_ma=2.65, rho_fl=1.0)"
EVD-01,137011.79,441269.07,1863.7,1857.33,0.0,34.14,2.7086,1788.0,1866.0,1782.75,1859.59,76.84,14.242,ok,"TVD converted from deviation survey; porosity from density-porosity equation (rho_ma=2.65, rho_fl=1.0)"
EVD-01,137011.79,441269.05,1863.6,1857.23,0.0,34.03,2.7046,1788.0,1866.0,1782.75,1859.59,76.84,14.242,ok,"TVD converted from deviation survey; porosity from density-porosity equation (rho_ma=2.65, rho_fl=1.0)"
EVD-01,137011.79,441269.04,1863.5,1857.13,0.0,33.66,2.6995,1788.0,1866.0,1782.75,1859.59,76.84,14.242,ok,"TVD converted from deviation survey; porosity from density-porosity equation (rho_ma=2.65, rho_fl=1.0)"
EVD-01,137011.78,441269.02,1863.4,1857.03,0.0,33.02,2.6931,1788.0,1866.0,1782.75,1859.59,76.84,14.242,ok,"TVD converted from deviation survey; porosity from density-porosity equation (rho_ma=2.65, rho_fl=1.0)"
EVD-01,137011.78,441269.0,1863.3,1856.93,0.0,32.0,2.6876,1788.0,1866.0,1782.75,1859.59,76.84,14.242,ok,"TVD converted from deviation survey; porosity from density-porosity equation (rho_ma=2.65, rho_fl=1.0)"
EVD-01,137011.78,441268.98,1863.2,1856.83,0.0,30.58,2.6881,1788.0,1866.0,1782.75,1859.59,76.84,14.242,ok,"TVD converted from deviation survey; porosity from density-porosity equation (rho_ma=2.65, rho_fl=1.0)"
EVD-01,137011.78,441268.97,1863.1,1856.73,0.0,29.01,2.6993,1788.0,1866.0,1782.75,1859.59,76.84,14.242,ok,"TVD converted from deviation survey; porosity from density-porosity equation (rho_ma=2.65, rho_fl=1.0)"
EVD-01,137011.77,441268.95,1863.0,1856.64,0.0,27.44,2.7171,1788.0,1866.0,1782.75,1859.59,76.84,14.242,ok,"TVD converted from deviation survey; porosity from density-porosity equation (rho_ma=2.65, rho_fl=1.0)"
EVD-01,137011.77,441268.93,1862.9,1856.54,0.0,25.97,2.731,1788.0,1866.0,1782.75,1859.59,76.84,14.242,ok,"TVD converted from deviation survey; porosity from density-porosity equation (rho_ma=2.65, rho_fl=1.0)"
EVD-01,137011.77,441268.92,1862.8,1856.44,0.0,24.58,2.7354,1788.0,1866.0,1782.75,1859.59,76.84,14.242,ok,"TVD converted from deviation survey; porosity from density-porosity equation (rho_ma=2.65, rho_fl=1.0)"
EVD-01,137011.77,441268.9,1862.7,1856.34,0.0,23.81,2.7352,1788.0,1866.0,1782.75,1859.59,76.84,14.242,ok,"TVD converted from deviation survey; porosity from density-porosity equation (rho_ma=2.65, rho_fl=1.0)"
EVD-01,137011.76,441268.88,1862.6,1856.24,0.0,24.15,2.736,1788.0,1866.0,1782.75,1859.59,76.84,14.242,ok,"TVD converted from deviation survey; porosity from density-porosity equation (rho_ma=2.65, rho_fl=1.0)"
EVD-01,137011.76,441268.86,1862.5,1856.14,0.0,25.23,2.7307,1788.0,1866.0,1782.75,1859.59,76.84,14.242,ok,"TVD converted from deviation survey; porosity from density-porosity equation (rho_ma=2.65, rho_fl=1.0)"
EVD-01,137011.76,441268.85,1862.4,1856.05,0.0,26.85,2.718,1788.0,1866.0,1782.75,1859.59,76.84,14.242,ok,"TVD converted from deviation survey; porosity from density-porosity equation (rho_ma=2.65, rho_fl=1.0)"
EVD-01,137011.76,441268.83,1862.3,1855.95,0.0,28.48,2.7028,1788.0,1866.0,1782.75,1859.59,76.84,14.242,ok,"TVD converted from deviation survey; porosity from density-porosity equation (rho_ma=2.65, rho_fl=1.0)"
EVD-01,137011.75,441268.81,1862.2,1855.85,0.0,29.69,2.6889,1788.0,1866.0,1782.75,1859.59,76.84,14.242,ok,"TVD converted from deviation survey; porosity from density-porosity equation (rho_ma=2.65, rho_fl=1.0)"
EVD-01,137011.75,441268.8,1862.1,1855.75,0.0,30.44,2.677,1788.0,1866.0,1782.75,1859.59,76.84,14.242,ok,"TVD converted from deviation survey; porosity from density-porosity equation (rho_ma=2.65, rho_fl=1.0)"
EVD-01,137011.75,441268.78,1862.0,1855.65,0.0,31.0,2.6663,1788.0,1866.0,1782.75,1859.59,76.84,14.242,ok,"TVD converted from deviation survey; porosity from density-porosity equation (rho_ma=2.65, rho_fl=1.0)"
EVD-01,137011.75,441268.76,1861.9,1855.55,0.0,31.39,2.6596,1788.0,1866.0,1782.75,1859.59,76.84,14.242,ok,"TVD converted from deviation survey; porosity from density-porosity equation (rho_ma=2.65, rho_fl=1.0)"
EVD-01,137011.74,441268.74,1861.8,1855.45,0.0,31.55,2.6613,1788.0,1866.0,1782.75,1859.59,76.84,14.242,ok,"TVD converted from deviation survey; porosity from density-porosity equation (rho_ma=2.65, rho_fl=1.0)"
EVD-01,137011.74,441268.73,1861.7,1855.36,0.0,31.56,2.6725,1788.0,1866.0,1782.75,1859.59,76.84,14.242,ok,"TVD converted from deviation survey; porosity from density-porosity equation (rho_ma=2.65, rho_fl=1.0)"
EVD-01,137011.74,441268.71,1861.6,1855.26,0.0,31.74,2.687,1788.0,1866.0,1782.75,1859.59,76.84,14.242,ok,"TVD converted from deviation survey; porosity from density-porosity equation (rho_ma=2.65, rho_fl=1.0)"
EVD-01,137011.74,441268.69,1861.5,1855.16,0.0,32.25,2.6958,1788.0,1866.0,1782.75,1859.59,76.84,14.242,ok,"TVD converted from deviation survey; porosity from density-porosity equation (rho_ma=2.65, rho_fl=1.0)"
EVD-01,137011.73,441268.67,1861.4,1855.06,0.0,33.01,2.6955,1788.0,1866.0,1782.75,1859.59,76.84,14.242,ok,"TVD converted from deviation survey; porosity from density-porosity equation (rho_ma=2.65, rho_fl=1.0)"
EVD-01,137011.73,441268.66,1861.3,1854.96,0.0,34.06,2.6918,1788.0,1866.0,1782.75,1859.59,76.84,14.242,ok,"TVD converted from deviation survey; porosity from density-porosity equation (rho_ma=2.65, rho_fl=1.0)"
EVD-01,137011.73,441268.64,1861.2,1854.86,0.0,35.39,2.6925,1788.0,1866.0,1782.75,1859.59,76.84,14.242,ok,"TVD converted from deviation survey; porosity from density-porosity equation (rho_ma=2.65, rho_fl=1.0)"
EVD-01,137011.73,441268.62,1861.1,1854.77,0.0,36.8,2.699,1788.0,1866.0,1782.75,1859.59,76.84,14.242,ok,"TVD converted from deviation survey; porosity from density-porosity equation (rho_ma=2.65, rho_fl=1.0)"
EVD-01,137011.72,441268.61,1861.0,1854.67,0.0,38.11,2.7046,1788.0,1866.0,1782.75,1859.59,76.84,14.242,ok,"TVD converted from deviation survey; porosity from density-porosity equation (rho_ma=2.65, rho_fl=1.0)"
EVD-01,137011.72,441268.59,1860.9,1854.57,0.0,39.13,2.7028,1788.0,1866.0,1782.75,1859.59,76.84,14.242,ok,"TVD converted from deviation survey; porosity from density-porosity equation (rho_ma=2.65, rho_fl=1.0)"
EVD-01,137011.72,441268.57,1860.8,1854.47,0.0,39.79,2.6916,1788.0,1866.0,1782.75,1859.59,76.84,14.242,ok,"TVD converted from deviation survey; porosity from density-porosity equation (rho_ma=2.65, rho_fl=1.0)"
EVD-01,137011.72,441268.55,1860.7,1854.37,0.0,39.87,2.672,1788.0,1866.0,1782.75,1859.59,76.84,14.242,ok,"TVD converted from deviation survey; porosity from density-porosity equation (rho_ma=2.65, rho_fl=1.0)"
EVD-01,137011.71,441268.54,1860.6,1854.27,0.0,39.36,2.6501,1788.0,1866.0,1782.75,1859.59,76.84,14.242,ok,"TVD converted from deviation survey; porosity from density-porosity equation (rho_ma=2.65, rho_fl=1.0)"
EVD-01,137011.71,441268.52,1860.5,1854.17,1.05,38.63,2.6327,1788.0,1866.0,1782.75,1859.59,76.84,14.242,ok,"TVD converted from deviation survey; porosity from density-porosity equation (rho_ma=2.65, rho_fl=1.0)"
EVD-01,137011.71,441268.5,1860.4,1854.08,1.66,37.71,2.6226,1788.0,1866.0,1782.75,1859.59,76.84,14.242,ok,"TVD converted from deviation survey; porosity from density-porosity equation (rho_ma=2.65, rho_fl=1.0)"
EVD-01,137011.71,441268.49,1860.3,1853.98,2.02,36.63,2.6167,1788.0,1866.0,1782.75,1859.59,76.84,14.242,ok,"TVD converted from deviation survey; porosity from density-porosity equation (rho_ma=2.65, rho_fl=1.0)"
EVD-01,137011.7,441268.47,1860.2,1853.88,2.41,35.43,2.6102,1788.0,1866.0,1782.75,1859.59,76.84,14.242,ok,"TVD converted from deviation survey; porosity from density-porosity equation (rho_ma=2.65, rho_fl=1.0)"
EVD-01,137011.7,441268.45,1860.1,1853.78,2.9,33.94,2.6022,1788.0,1866.0,1782.75,1859.59,76.84,14.242,ok,"TVD converted from deviation survey; porosity from density-porosity equation (rho_ma=2.65, rho_fl=1.0)"
EVD-01,137011.7,441268.43,1860.0,1853.68,3.31,32.23,2.5953,1788.0,1866.0,1782.75,1859.59,76.84,14.242,ok,"TVD converted from deviation survey; porosity from density-porosity equation (rho_ma=2.65, rho_fl=1.0)"
EVD-01,137011.7,441268.42,1859.9,1853.58,3.54,30.58,2.5916,1788.0,1866.0,1782.75,1859.59,76.84,14.242,ok,"TVD converted from deviation survey; porosity from density-porosity equation (rho_ma=2.65, rho_fl=1.0)"
EVD-01,137011.7,441268.4,1859.8,1853.49,3.75,29.91,2.5882,1788.0,1866.0,1782.75,1859.59,76.84,14.242,ok,"TVD converted from deviation survey; porosity from density-porosity equation (rho_ma=2.65, rho_fl=1.0)"
EVD-01,137011.69,441268.38,1859.7,1853.39,3.98,30.36,2.5843,1788.0,1866.0,1782.75,1859.59,76.84,14.242,ok,"TVD converted from deviation survey; porosity from density-porosity equation (rho_ma=2.65, rho_fl=1.0)"
EVD-01,137011.69,441268.37,1859.6,1853.29,4.05,31.29,2.5832,1788.0,1866.0,1782.75,1859.59,76.84,14.242,ok,"TVD converted from deviation survey; porosity from density-porosity equation (rho_ma=2.65, rho_fl=1.0)"
EVD-01,137011.69,441268.35,1859.5,1853.19,3.95,32.43,2.5848,1788.0,1866.0,1782.75,1859.59,76.84,14.243,ok,"TVD converted from deviation survey; porosity from density-porosity equation (rho_ma=2.65, rho_fl=1.0)"
EVD-01,137011.69,441268.33,1859.4,1853.09,3.79,33.43,2.5875,1788.0,1866.0,1782.75,1859.59,76.84,14.243,ok,"TVD converted from deviation survey; porosity from density-porosity equation (rho_ma=2.65, rho_fl=1.0)"
EVD-01,137011.68,441268.31,1859.3,1852.99,3.64,34.07,2.59,1788.0,1866.0,1782.75,1859.59,76.84,14.243,ok,"TVD converted from deviation survey; porosity from density-porosity equation (rho_ma=2.65, rho_fl=1.0)"
EVD-01,137011.68,441268.3,1859.2,1852.89,3.61,34.29,2.5904,1788.0,1866.0,1782.75,1859.59,76.84,14.243,ok,"TVD converted from deviation survey; porosity from density-porosity equation (rho_ma=2.65, rho_fl=1.0)"
EVD-01,137011.68,441268.28,1859.1,1852.8,3.67,34.31,2.5894,1788.0,1866.0,1782.75,1859.59,76.84,14.243,ok,"TVD converted from deviation survey; porosity from density-porosity equation (rho_ma=2.65, rho_fl=1.0)"
EVD-01,137011.68,441268.26,1859.0,1852.7,3.71,34.28,2.5887,1788.0,1866.0,1782.75,1859.59,76.84,14.243,ok,"TVD converted from deviation survey; porosity from density-porosity equation (rho_ma=2.65, rho_fl=1.0)"
EVD-01,137011.67,441268.24,1858.9,1852.6,3.85,34.21,2.5864,1788.0,1866.0,1782.75,1859.59,76.84,14.243,ok,"TVD converted from deviation survey; porosity from density-porosity equation (rho_ma=2.65, rho_fl=1.0)"
EVD-01,137011.67,441268.23,1858.8,1852.5,4.25,34.08,2.5799,1788.0,1866.0,1782.75,1859.59,76.84,14.243,ok,"TVD converted from deviation survey; porosity from density-porosity equation (rho_ma=2.65, rho_fl=1.0)"
EVD-01,137011.67,441268.21,1858.7,1852.4,4.81,33.81,2.5706,1788.0,1866.0,1782.75,1859.59,76.84,14.243,ok,"TVD converted from deviation survey; porosity from density-porosity equation (rho_ma=2.65, rho_fl=1.0)"
EVD-01,137011.67,441268.19,1858.6,1852.3,5.32,33.35,2.5622,1788.0,1866.0,1782.75,1859.59,76.84,14.243,ok,"TVD converted from deviation survey; porosity from density-porosity equation (rho_ma=2.65, rho_fl=1.0)"
EVD-01,137011.66,441268.18,1858.5,1852.21,5.67,32.75,2.5564,1788.0,1866.0,1782.75,1859.59,76.84,14.243,ok,"TVD converted from deviation survey; porosity from density-porosity equation (rho_ma=2.65, rho_fl=1.0)"
EVD-01,137011.66,441268.16,1858.4,1852.11,5.97,32.1,2.5515,1788.0,1866.0,1782.75,1859.59,76.84,14.243,ok,"TVD converted from deviation survey; porosity from density-porosity equation (rho_ma=2.65, rho_fl=1.0)"
EVD-01,137011.66,441268.14,1858.3,1852.01,6.36,31.47,2.5451,1788.0,1866.0,1782.75,1859.59,76.84,14.243,ok,"TVD converted from deviation survey; porosity from density-porosity equation (rho_ma=2.65, rho_fl=1.0)"
EVD-01,137011.66,441268.12,1858.2,1851.91,6.74,30.93,2.5387,1788.0,1866.0,1782.75,1859.59,76.84,14.243,ok,"TVD converted from deviation survey; porosity from density-porosity equation (rho_ma=2.65, rho_fl=1.0)"
EVD-01,137011.65,441268.11,1858.1,1851.81,6.88,30.56,2.5365,1788.0,1866.0,1782.75,1859.59,76.84,14.243,ok,"TVD converted from deviation survey; porosity from density-porosity equation (rho_ma=2.65, rho_fl=1.0)"
EVD-01,137011.65,441268.09,1858.0,1851.71,6.84,30.36,2.5372,1788.0,1866.0,1782.75,1859.59,76.84,14.243,ok,"TVD converted from deviation survey; porosity from density-porosity equation (rho_ma=2.65, rho_fl=1.0)"
EVD-01,137011.65,441268.07,1857.9,1851.61,6.83,30.27,2.5373,1788.0,1866.0,1782.75,1859.59,76.84,14.243,ok,"TVD converted from deviation survey; porosity from density-porosity equation (rho_ma=2.65, rho_fl=1.0)"
EVD-01,137011.65,441268.06,1857.8,1851.52,6.93,30.39,2.5356,1788.0,1866.0,1782.75,1859.59,76.84,14.243,ok,"TVD converted from deviation survey; porosity from density-porosity equation (rho_ma=2.65, rho_fl=1.0)"
EVD-01,137011.64,441268.04,1857.7,1851.42,7.1,30.67,2.5328,1788.0,1866.0,1782.75,1859.59,76.84,14.243,ok,"TVD converted from deviation survey; porosity from density-porosity equation (rho_ma=2.65, rho_fl=1.0)"
EVD-01,137011.64,441268.02,1857.6,1851.32,7.24,31.02,2.5305,1788.0,1866.0,1782.75,1859.59,76.84,14.243,ok,"TVD converted from deviation survey; porosity from density-porosity equation (rho_ma=2.65, rho_fl=1.0)"
EVD-01,137011.64,441268.0,1857.5,1851.22,7.23,31.34,2.5307,1788.0,1866.0,1782.75,1859.59,76.84,14.243,ok,"TVD converted from deviation survey; porosity from density-porosity equation (rho_ma=2.65, rho_fl=1.0)"
EVD-01,137011.64,441267.99,1857.4,1851.12,6.96,31.69,2.5352,1788.0,1866.0,1782.75,1859.59,76.84,14.243,ok,"TVD converted from deviation survey; porosity from density-porosity equation (rho_ma=2.65, rho_fl=1.0)"
EVD-01,137011.63,441267.97,1857.3,1851.02,6.5,32.11,2.5428,1788.0,1866.0,1782.75,1859.59,76.84,14.243,ok,"TVD converted from deviation survey; porosity from density-porosity equation (rho_ma=2.65, rho_fl=1.0)"
EVD-01,137011.63,441267.95,1857.2,1850.93,6.1,32.87,2.5493,1788.0,1866.0,1782.75,1859.59,76.84,14.243,ok,"TVD converted from deviation survey; porosity from density-porosity equation (rho_ma=2.65, rho_fl=1.0)"
EVD-01,137011.63,441267.94,1857.1,1850.83,5.9,33.83,2.5527,1788.0,1866.0,1782.75,1859.59,76.84,14.243,ok,"TVD converted from deviation survey; porosity from density-porosity equation (rho_ma=2.65, rho_fl=1.0)"
EVD-01,137011.63,441267.92,1857.0,1850.73,5.83,34.89,2.5539,1788.0,1866.0,1782.75,1859.59,76.84,14.243,ok,"TVD converted from deviation survey; porosity from density-porosity equation (rho_ma=2.65, rho_fl=1.0)"
EVD-01,137011.62,441267.9,1856.9,1850.63,5.81,36.11,2.5541,1788.0,1866.0,1782.75,1859.59,76.84,14.243,ok,"TVD converted from deviation survey; porosity from density-porosity equation (rho_ma=2.65, rho_fl=1.0)"
EVD-01,137011.62,441267.88,1856.8,1850.53,5.77,37.46,2.5549,1788.0,1866.0,1782.75,1859.59,76.84,14.243,ok,"TVD converted from deviation survey; porosity from density-porosity equation (rho_ma=2.65, rho_fl=1.0)"
EVD-01,137011.62,441267.87,1856.7,1850.43,5.65,38.94,2.5568,1788.0,1866.0,1782.75,1859.59,76.84,14.243,ok,"TVD converted from deviation survey; porosity from density-porosity equation (rho_ma=2.65, rho_fl=1.0)"
EVD-01,137011.62,441267.85,1856.6,1850.33,5.52,38.93,2.5589,1788.0,1866.0,1782.75,1859.59,76.84,14.243,ok,"TVD converted from deviation survey; porosity from density-porosity equation (rho_ma=2.65, rho_fl=1.0)"
EVD-01,137011.61,441267.83,1856.5,1850.24,5.52,37.59,2.5589,1788.0,1866.0,1782.75,1859.59,76.84,14.243,ok,"TVD converted from deviation survey; porosity from density-porosity equation (rho_ma=2.65, rho_fl=1.0)"
EVD-01,137011.61,441267.82,1856.4,1850.14,5.82,35.52,2.554,1788.0,1866.0,1782.75,1859.59,76.84,14.243,ok,"TVD converted from deviation survey; porosity from density-porosity equation (rho_ma=2.65, rho_fl=1.0)"
EVD-01,137011.61,441267.8,1856.3,1850.04,6.46,33.68,2.5435,1788.0,1866.0,1782.75,1859.59,76.84,14.243,ok,"TVD converted from deviation survey; porosity from density-porosity equation (rho_ma=2.65, rho_fl=1.0)"
EVD-01,137011.61,441267.78,1856.2,1849.94,7.44,32.26,2.5272,1788.0,1866.0,1782.75,1859.59,76.84,14.243,ok,"TVD converted from deviation survey; porosity from density-porosity equation (rho_ma=2.65, rho_fl=1.0)"
EVD-01,137011.6,441267.76,1856.1,1849.84,8.64,31.18,2.5074,1788.0,1866.0,1782.75,1859.59,76.84,14.243,ok,"TVD converted from deviation survey; porosity from density-porosity equation (rho_ma=2.65, rho_fl=1.0)"
EVD-01,137011.6,441267.75,1856.0,1849.74,9.69,30.61,2.4901,1788.0,1866.0,1782.75,1859.59,76.84,14.243,ok,"TVD converted from deviation survey; porosity from density-porosity equation (rho_ma=2.65, rho_fl=1.0)"
EVD-01,137011.6,441267.73,1855.9,1849.65,10.44,30.38,2.4777,1788.0,1866.0,1782.75,1859.59,76.84,14.243,ok,"TVD converted from deviation survey; porosity from density-porosity equation (rho_ma=2.65, rho_fl=1.0)"
EVD-01,137011.6,441267.71,1855.8,1849.55,10.96,30.22,2.4692,1788.0,1866.0,1782.75,1859.59,76.84,14.243,ok,"TVD converted from deviation survey; porosity from density-porosity equation (rho_ma=2.65, rho_fl=1.0)"
EVD-01,137011.59,441267.69,1855.7,1849.45,11.29,30.18,2.4636,1788.0,1866.0,1782.75,1859.59,76.84,14.243,ok,"TVD converted from deviation survey; porosity from density-porosity equation (rho_ma=2.65, rho_fl=1.0)"
EVD-01,137011.59,441267.68,1855.6,1849.35,11.46,30.22,2.4609,1788.0,1866.0,1782.75,1859.59,76.84,14.243,ok,"TVD converted from deviation survey; porosity from density-porosity equation (rho_ma=2.65, rho_fl=1.0)"
EVD-01,137011.59,441267.66,1855.5,1849.25,11.44,30.25,2.4613,1788.0,1866.0,1782.75,1859.59,76.84,14.243,ok,"TVD converted from deviation survey; porosity from density-porosity equation (rho_ma=2.65, rho_fl=1.0)"
EVD-01,137011.59,441267.64,1855.4,1849.15,11.18,30.09,2.4656,1788.0,1866.0,1782.75,1859.59,76.84,14.243,ok,"TVD converted from deviation survey; porosity from density-porosity equation (rho_ma=2.65, rho_fl=1.0)"
EVD-01,137011.58,441267.63,1855.3,1849.05,10.79,29.7,2.472,1788.0,1866.0,1782.75,1859.59,76.84,14.243,ok,"TVD converted from deviation survey; porosity from density-porosity equation (rho_ma=2.65, rho_fl=1.0)"
EVD-01,137011.58,441267.61,1855.2,1848.96,10.54,29.06,2.4761,1788.0,1866.0,1782.75,1859.59,76.84,14.243,ok,"TVD converted from deviation survey; porosity from density-porosity equation (rho_ma=2.65, rho_fl=1.0)"
EVD-01,137011.58,441267.59,1855.1,1848.86,10.43,28.41,2.478,1788.0,1866.0,1782.75,1859.59,76.84,14.243,ok,"TVD converted from deviation survey; porosity from density-porosity equation (rho_ma=2.65, rho_fl=1.0)"
EVD-01,137011.58,441267.57,1855.0,1848.76,10.36,27.96,2.4791,1788.0,1866.0,1782.75,1859.59,76.84,14.243,ok,"TVD converted from deviation survey; porosity from density-porosity equation (rho_ma=2.65, rho_fl=1.0)"
EVD-01,137011.58,441267.56,1854.9,1848.66,10.35,27.97,2.4792,1788.0,1866.0,1782.75,1859.59,76.84,14.243,ok,"TVD converted from deviation survey; porosity from density-porosity equation (rho_ma=2.65, rho_fl=1.0)"
EVD-01,137011.57,441267.54,1854.8,1848.56,10.3,28.44,2.48,1788.0,1866.0,1782.75,1859.59,76.84,14.243,ok,"TVD converted from deviation survey; porosity from density-porosity equation (rho_ma=2.65, rho_fl=1.0)"
EVD-01,137011.57,441267.52,1854.7,1848.46,10.02,29.15,2.4846,1788.0,1866.0,1782.75,1859.59,76.84,14.243,ok,"TVD converted from deviation survey; porosity from density-porosity equation (rho_ma=2.65, rho_fl=1.0)"
EVD-01,137011.57,441267.51,1854.6,1848.36,9.51,29.73,2.4931,1788.0,1866.0,1782.75,1859.59,76.84,14.243,ok,"TVD converted from deviation survey; porosity from density-porosity equation (rho_ma=2.65, rho_fl=1.0)"
EVD-01,137011.57,441267.49,1854.5,1848.27,9.08,29.96,2.5003,1788.0,1866.0,1782.75,1859.59,76.84,14.243,ok,"TVD converted from deviation survey; porosity from density-porosity equation (rho_ma=2.65, rho_fl=1.0)"
EVD-01,137011.56,441267.47,1854.4,1848.17,9.07,29.84,2.5003,1788.0,1866.0,1782.75,1859.59,76.84,14.243,ok,"TVD converted from deviation survey; porosity from density-porosity equation (rho_ma=2.65, rho_fl=1.0)"
EVD-01,137011.56,441267.45,1854.3,1848.07,9.46,29.24,2.4939,1788.0,1866.0,1782.75,1859.59,76.84,14.243,ok,"TVD converted from deviation survey; porosity from density-porosity equation (rho_ma=2.65, rho_fl=1.0)"
EVD-01,137011.56,441267.44,1854.2,1847.97,9.94,28.3,2.486,1788.0,1866.0,1782.75,1859.59,76.84,14.243,ok,"TVD converted from deviation survey; porosity from density-porosity equation (rho_ma=2.65, rho_fl=1.0)"
EVD-01,137011.56,441267.42,1854.1,1847.87,10.31,27.41,2.4799,1788.0,1866.0,1782.75,1859.59,76.84,14.243,ok,"TVD converted from deviation survey; porosity from density-porosity equation (rho_ma=2.65, rho_fl=1.0)"
EVD-01,137011.55,441267.4,1854.0,1847.77,10.68,26.55,2.4738,1788.0,1866.0,1782.75,1859.59,76.84,14.243,ok,"TVD converted from deviation survey; porosity from density-porosity equation (rho_ma=2.65, rho_fl=1.0)"
EVD-01,137011.55,441267.39,1853.9,1847.68,11.01,25.64,2.4683,1788.0,1866.0,1782.75,1859.59,76.84,14.243,ok,"TVD converted from deviation survey; porosity from density-porosity equation (rho_ma=2.65, rho_fl=1.0)"
EVD-01,137011.55,441267.37,1853.8,1847.58,11.04,24.64,2.4679,1788.0,1866.0,1782.75,1859.59,76.84,14.243,ok,"TVD converted from deviation survey; porosity from density-porosity equation (rho_ma=2.65, rho_fl=1.0)"
EVD-01,137011.55,441267.35,1853.7,1847.48,10.71,24.07,2.4733,1788.0,1866.0,1782.75,1859.59,76.84,14.244,ok,"TVD converted from deviation survey; porosity from density-porosity equation (rho_ma=2.65, rho_fl=1.0)"
EVD-01,137011.54,441267.33,1853.6,1847.38,10.16,24.18,2.4824,1788.0,1866.0,1782.75,1859.59,76.84,14.244,ok,"TVD converted from deviation survey; porosity from density-porosity equation (rho_ma=2.65, rho_fl=1.0)"
EVD-01,137011.54,441267.32,1853.5,1847.28,9.51,24.53,2.4931,1788.0,1866.0,1782.75,1859.59,76.84,14.244,ok,"TVD converted from deviation survey; porosity from density-porosity equation (rho_ma=2.65, rho_fl=1.0)"
EVD-01,137011.54,441267.3,1853.4,1847.18,9.02,25.05,2.5012,1788.0,1866.0,1782.75,1859.59,76.84,14.244,ok,"TVD converted from deviation survey; porosity from density-porosity equation (rho_ma=2.65, rho_fl=1.0)"
EVD-01,137011.54,441267.28,1853.3,1847.08,8.87,25.58,2.5037,1788.0,1866.0,1782.75,1859.59,76.84,14.244,ok,"TVD converted from deviation survey; porosity from density-porosity equation (rho_ma=2.65, rho_fl=1.0)"
EVD-01,137011.53,441267.27,1853.2,1846.99,8.99,26.02,2.5017,1788.0,1866.0,1782.75,1859.59,76.84,14.244,ok,"TVD converted from deviation survey; porosity from density-porosity equation (rho_ma=2.65, rho_fl=1.0)"
EVD-01,137011.53,441267.25,1853.1,1846.89,9.23,26.28,2.4977,1788.0,1866.0,1782.75,1859.59,76.84,14.244,ok,"TVD converted from deviation survey; porosity from density-porosity equation (rho_ma=2.65, rho_fl=1.0)"
EVD-01,137011.53,441267.23,1853.0,1846.79,9.45,26.23,2.494,1788.0,1866.0,1782.75,1859.59,76.84,14.244,ok,"TVD converted from deviation survey; porosity from density-porosity equation (rho_ma=2.65, rho_fl=1.0)"
EVD-01,137011.53,441267.21,1852.9,1846.69,9.65,25.88,2.4908,1788.0,1866.0,1782.75,1859.59,76.84,14.244,ok,"TVD converted from deviation survey; porosity from density-porosity equation (rho_ma=2.65, rho_fl=1.0)"
EVD-01,137011.52,441267.2,1852.8,1846.59,9.88,25.45,2.487,1788.0,1866.0,1782.75,1859.59,76.84,14.244,ok,"TVD converted from deviation survey; porosity from density-porosity equation (rho_ma=2.65, rho_fl=1.0)"
EVD-01,137011.52,441267.18,1852.7,1846.49,10.23,25.28,2.4812,1788.0,1866.0,1782.75,1859.59,76.84,14.244,ok,"TVD converted from deviation survey; porosity from density-porosity equation (rho_ma=2.65, rho_fl=1.0)"
EVD-01,137011.52,441267.16,1852.6,1846.4,10.74,25.33,2.4729,1788.0,1866.0,1782.75,1859.59,76.84,14.244,ok,"TVD converted from deviation survey; porosity from density-porosity equation (rho_ma=2.65, rho_fl=1.0)"
EVD-01,137011.52,441267.14,1852.5,1846.3,11.28,25.65,2.4638,1788.0,1866.0,1782.75,1859.59,76.84,14.244,ok,"TVD converted from deviation survey; porosity from density-porosity equation (rho_ma=2.65, rho_fl=1.0)"
EVD-01,137011.51,441267.13,1852.4,1846.2,11.75,26.21,2.4561,1788.0,1866.0,1782.75,1859.59,76.84,14.244,ok,"TVD converted from deviation survey; porosity from density-porosity equation (rho_ma=2.65, rho_fl=1.0)"
EVD-01,137011.51,441267.11,1852.3,1846.1,12.14,26.94,2.4497,1788.0,1866.0,1782.75,1859.59,76.84,14.244,ok,"TVD converted from deviation survey; porosity from density-porosity equation (rho_ma=2.65, rho_fl=1.0)"
EVD-01,137011.51,441267.09,1852.2,1846.0,12.35,27.67,2.4462,1788.0,1866.0,1782.75,1859.59,76.84,14.244,ok,"TVD converted from deviation survey; porosity from density-porosity equation (rho_ma=2.65, rho_fl=1.0)"
EVD-01,137011.51,441267.08,1852.1,1845.9,12.22,28.18,2.4483,1788.0,1866.0,1782.75,1859.59,76.84,14.244,ok,"TVD converted from deviation survey; porosity from density-porosity equation (rho_ma=2.65, rho_fl=1.0)"
EVD-01,137011.5,441267.06,1852.0,1845.8,11.65,28.43,2.4577,1788.0,1866.0,1782.75,1859.59,76.84,14.244,ok,"TVD converted from deviation survey; porosity from density-porosity equation (rho_ma=2.65, rho_fl=1.0)"
EVD-01,137011.5,441267.04,1851.9,1845.71,10.74,28.45,2.4727,1788.0,1866.0,1782.75,1859.59,76.84,14.244,ok,"TVD converted from deviation survey; porosity from density-porosity equation (rho_ma=2.65, rho_fl=1.0)"
EVD-01,137011.5,441267.02,1851.8,1845.61,9.86,28.46,2.4873,1788.0,1866.0,1782.75,1859.59,76.84,14.244,ok,"TVD converted from deviation survey; porosity from density-porosity equation (rho_ma=2.65, rho_fl=1.0)"
EVD-01,137011.5,441267.01,1851.7,1845.51,9.57,28.46,2.492,1788.0,1866.0,1782.75,1859.59,76.84,14.244,ok,"TVD converted from deviation survey; porosity from density-porosity equation (rho_ma=2.65, rho_fl=1.0)"
EVD-01,137011.49,441266.99,1851.6,1845.41,9.97,28.46,2.4854,1788.0,1866.0,1782.75,1859.59,76.84,14.244,ok,"TVD converted from deviation survey; porosity from density-porosity equation (rho_ma=2.65, rho_fl=1.0)"
EVD-01,137011.49,441266.97,1851.5,1845.31,10.6,28.48,2.4751,1788.0,1866.0,1782.75,1859.59,76.84,14.244,ok,"TVD converted from deviation survey; porosity from density-porosity equation (rho_ma=2.65, rho_fl=1.0)"
EVD-01,137011.49,441266.96,1851.4,1845.21,10.98,28.55,2.4688,1788.0,1866.0,1782.75,1859.59,76.84,14.244,ok,"TVD converted from deviation survey; porosity from density-porosity equation (rho_ma=2.65, rho_fl=1.0)"
EVD-01,137011.49,441266.94,1851.3,1845.12,10.81,28.72,2.4716,1788.0,1866.0,1782.75,1859.59,76.84,14.244,ok,"TVD converted from deviation survey; porosity from density-porosity equation (rho_ma=2.65, rho_fl=1.0)"
EVD-01,137011.48,441266.92,1851.2,1845.02,10.12,28.97,2.483,1788.0,1866.0,1782.75,1859.59,76.84,14.244,ok,"TVD converted from deviation survey; porosity from density-porosity equation (rho_ma=2.65, rho_fl=1.0)"
EVD-01,137011.48,441266.9,1851.1,1844.92,9.32,29.23,2.4961,1788.0,1866.0,1782.75,1859.59,76.84,14.244,ok,"TVD converted from deviation survey; porosity from density-porosity equation (rho_ma=2.65, rho_fl=1.0)"
EVD-01,137011.48,441266.89,1851.0,1844.82,8.83,29.47,2.5043,1788.0,1866.0,1782.75,1859.59,76.84,14.244,ok,"TVD converted from deviation survey; porosity from density-porosity equation (rho_ma=2.65, rho_fl=1.0)"
EVD-01,137011.48,441266.87,1850.9,1844.72,8.67,29.77,2.507,1788.0,1866.0,1782.75,1859.59,76.84,14.244,ok,"TVD converted from deviation survey; porosity from density-porosity equation (rho_ma=2.65, rho_fl=1.0)"
EVD-01,137011.47,441266.85,1850.8,1844.62,8.79,30.2,2.505,1788.0,1866.0,1782.75,1859.59,76.84,14.244,ok,"TVD converted from deviation survey; porosity from density-porosity equation (rho_ma=2.65, rho_fl=1.0)"
EVD-01,137011.47,441266.84,1850.7,1844.52,9.01,30.82,2.5013,1788.0,1866.0,1782.75,1859.59,76.84,14.244,ok,"TVD converted from deviation survey; porosity from density-porosity equation (rho_ma=2.65, rho_fl=1.0)"
EVD-01,137011.47,441266.82,1850.6,1844.43,9.2,31.53,2.4982,1788.0,1866.0,1782.75,1859.59,76.84,14.244,ok,"TVD converted from deviation survey; porosity from density-porosity equation (rho_ma=2.65, rho_fl=1.0)"
EVD-01,137011.47,441266.8,1850.5,1844.33,9.37,32.41,2.4954,1788.0,1866.0,1782.75,1859.59,76.84,14.244,ok,"TVD converted from deviation survey; porosity from density-porosity equation (rho_ma=2.65, rho_fl=1.0)"
EVD-01,137011.46,441266.78,1850.4,1844.23,9.41,33.48,2.4947,1788.0,1866.0,1782.75,1859.59,76.84,14.244,ok,"TVD converted from deviation survey; porosity from density-porosity equation (rho_ma=2.65, rho_fl=1.0)"
EVD-01,137011.46,441266.77,1850.3,1844.13,9.11,34.65,2.4997,1788.0,1866.0,1782.75,1859.59,76.84,14.244,ok,"TVD converted from deviation survey; porosity from density-porosity equation (rho_ma=2.65, rho_fl=1.0)"
EVD-01,137011.46,441266.75,1850.2,1844.03,8.7,35.81,2.5065,1788.0,1866.0,1782.75,1859.59,76.84,14.244,ok,"TVD converted from deviation survey; porosity from density-porosity equation (rho_ma=2.65, rho_fl=1.0)"
EVD-01,137011.46,441266.73,1850.1,1843.93,8.42,36.73,2.511,1788.0,1866.0,1782.75,1859.59,76.84,14.244,ok,"TVD converted from deviation survey; porosity from density-porosity equation (rho_ma=2.65, rho_fl=1.0)"
EVD-01,137011.46,441266.72,1850.0,1843.84,8.13,37.23,2.5159,1788.0,1866.0,1782.75,1859.59,76.84,14.244,ok,"TVD converted from deviation survey; porosity from density-porosity equation (rho_ma=2.65, rho_fl=1.0)"
EVD-01,137011.45,441266.7,1849.9,1843.74,7.82,37.37,2.521,1788.0,1866.0,1782.75,1859.59,76.84,14.244,ok,"TVD converted from deviation survey; porosity from density-porosity equation (rho_ma=2.65, rho_fl=1.0)"
EVD-01,137011.45,441266.68,1849.8,1843.64,7.62,37.35,2.5243,1788.0,1866.0,1782.75,1859.59,76.84,14.244,ok,"TVD converted from deviation survey; porosity from density-porosity equation (rho_ma=2.65, rho_fl=1.0)"
EVD-01,137011.45,441266.66,1849.7,1843.54,7.51,37.32,2.5261,1788.0,1866.0,1782.75,1859.59,76.84,14.244,ok,"TVD converted from deviation survey; porosity from density-porosity equation (rho_ma=2.65, rho_fl=1.0)"
EVD-01,137011.45,441266.65,1849.6,1843.44,7.32,37.26,2.5291,1788.0,1866.0,1782.75,1859.59,76.84,14.244,ok,"TVD converted from deviation survey; porosity from density-porosity equation (rho_ma=2.65, rho_fl=1.0)"
EVD-01,137011.44,441266.63,1849.5,1843.34,7.08,37.12,2.5332,1788.0,1866.0,1782.75,1859.59,76.84,14.244,ok,"TVD converted from deviation survey; porosity from density-porosity equation (rho_ma=2.65, rho_fl=1.0)"
EVD-01,137011.44,441266.61,1849.4,1843.24,7.06,36.93,2.5336,1788.0,1866.0,1782.75,1859.59,76.84,14.244,ok,"TVD converted from deviation survey; porosity from density-porosity equation (rho_ma=2.65, rho_fl=1.0)"
EVD-01,137011.44,441266.59,1849.3,1843.15,7.26,36.65,2.5303,1788.0,1866.0,1782.75,1859.59,76.84,14.244,ok,"TVD converted from deviation survey; porosity from density-porosity equation (rho_ma=2.65, rho_fl=1.0)"
EVD-01,137011.44,441266.58,1849.2,1843.05,7.42,36.24,2.5275,1788.0,1866.0,1782.75,1859.59,76.84,14.244,ok,"TVD converted from deviation survey; porosity from density-porosity equation (rho_ma=2.65, rho_fl=1.0)"
EVD-01,137011.43,441266.56,1849.1,1842.95,7.36,35.5,2.5286,1788.0,1866.0,1782.75,1859.59,76.84,14.244,ok,"TVD converted from deviation survey; porosity from density-porosity equation (rho_ma=2.65, rho_fl=1.0)"
EVD-01,137011.43,441266.54,1849.0,1842.85,7.09,34.62,2.533,1788.0,1866.0,1782.75,1859.59,76.84,14.244,ok,"TVD converted from deviation survey; porosity from density-porosity equation (rho_ma=2.65, rho_fl=1.0)"
EVD-01,137011.43,441266.53,1848.9,1842.75,6.84,33.93,2.5372,1788.0,1866.0,1782.75,1859.59,76.84,14.244,ok,"TVD converted from deviation survey; porosity from density-porosity equation (rho_ma=2.65, rho_fl=1.0)"
EVD-01,137011.43,441266.51,1848.8,1842.65,6.8,33.86,2.5377,1788.0,1866.0,1782.75,1859.59,76.84,14.244,ok,"TVD converted from deviation survey; porosity from density-porosity equation (rho_ma=2.65, rho_fl=1.0)"
EVD-01,137011.42,441266.49,1848.7,1842.56,6.94,34.03,2.5356,1788.0,1866.0,1782.75,1859.59,76.84,14.244,ok,"TVD converted from deviation survey; porosity from density-porosity equation (rho_ma=2.65, rho_fl=1.0)"
EVD-01,137011.42,441266.47,1848.6,1842.46,7.05,33.9,2.5336,1788.0,1866.0,1782.75,1859.59,76.84,14.244,ok,"TVD converted from deviation survey; porosity from density-porosity equation (rho_ma=2.65, rho_fl=1.0)"
EVD-01,137011.42,441266.46,1848.5,1842.36,7.09,33.35,2.5331,1788.0,1866.0,1782.75,1859.59,76.84,14.244,ok,"TVD converted from deviation survey; porosity from density-porosity equation (rho_ma=2.65, rho_fl=1.0)"
EVD-01,137011.42,441266.44,1848.4,1842.26,7.06,32.81,2.5336,1788.0,1866.0,1782.75,1859.59,76.84,14.244,ok,"TVD converted from deviation survey; porosity from density-porosity equation (rho_ma=2.65, rho_fl=1.0)"
EVD-01,137011.41,441266.42,1848.3,1842.16,7.11,32.59,2.5328,1788.0,1866.0,1782.75,1859.59,76.84,14.244,ok,"TVD converted from deviation survey; porosity from density-porosity equation (rho_ma=2.65, rho_fl=1.0)"
EVD-01,137011.41,441266.41,1848.2,1842.06,7.37,32.72,2.5284,1788.0,1866.0,1782.75,1859.59,76.84,14.244,ok,"TVD converted from deviation survey; porosity from density-porosity equation (rho_ma=2.65, rho_fl=1.0)"
EVD-01,137011.41,441266.39,1848.1,1841.96,7.72,33.06,2.5226,1788.0,1866.0,1782.75,1859.59,76.84,14.244,ok,"TVD converted from deviation survey; porosity from density-porosity equation (rho_ma=2.65, rho_fl=1.0)"
EVD-01,137011.41,441266.37,1848.0,1841.87,7.82,33.45,2.5209,1788.0,1866.0,1782.75,1859.59,76.84,14.244,ok,"TVD converted from deviation survey; porosity from density-porosity equation (rho_ma=2.65, rho_fl=1.0)"
EVD-01,137011.4,441266.35,1847.9,1841.77,7.53,33.91,2.5257,1788.0,1866.0,1782.75,1859.59,76.84,14.245,ok,"TVD converted from deviation survey; porosity from density-porosity equation (rho_ma=2.65, rho_fl=1.0)"
EVD-01,137011.4,441266.34,1847.8,1841.67,7.1,34.22,2.5328,1788.0,1866.0,1782.75,1859.59,76.84,14.245,ok,"TVD converted from deviation survey; porosity from density-porosity equation (rho_ma=2.65, rho_fl=1.0)"
EVD-01,137011.4,441266.32,1847.7,1841.57,6.86,34.26,2.5368,1788.0,1866.0,1782.75,1859.59,76.84,14.245,ok,"TVD converted from deviation survey; porosity from density-porosity equation (rho_ma=2.65, rho_fl=1.0)"
EVD-01,137011.4,441266.3,1847.6,1841.47,6.78,33.67,2.5381,1788.0,1866.0,1782.75,1859.59,76.84,14.245,ok,"TVD converted from deviation survey; porosity from density-porosity equation (rho_ma=2.65, rho_fl=1.0)"
EVD-01,137011.39,441266.29,1847.5,1841.37,6.81,32.67,2.5376,1788.0,1866.0,1782.75,1859.59,76.84,14.245,ok,"TVD converted from deviation survey; porosity from density-porosity equation (rho_ma=2.65, rho_fl=1.0)"
EVD-01,137011.39,441266.27,1847.4,1841.28,6.97,31.56,2.535,1788.0,1866.0,1782.75,1859.59,76.84,14.245,ok,"TVD converted from deviation survey; porosity from density-porosity equation (rho_ma=2.65, rho_fl=1.0)"
EVD-01,137011.39,441266.25,1847.3,1841.18,7.24,30.65,2.5306,1788.0,1866.0,1782.75,1859.59,76.84,14.245,ok,"TVD converted from deviation survey; porosity from density-porosity equation (rho_ma=2.65, rho_fl=1.0)"
EVD-01,137011.39,441266.23,1847.2,1841.08,7.63,30.09,2.5242,1788.0,1866.0,1782.75,1859.59,76.84,14.245,ok,"TVD converted from deviation survey; porosity from density-porosity equation (rho_ma=2.65, rho_fl=1.0)"
EVD-01,137011.38,441266.22,1847.1,1840.98,8.17,29.97,2.5152,1788.0,1866.0,1782.75,1859.59,76.84,14.245,ok,"TVD converted from deviation survey; porosity from density-porosity equation (rho_ma=2.65, rho_fl=1.0)"
EVD-01,137011.38,441266.2,1847.0,1840.88,8.85,30.25,2.504,1788.0,1866.0,1782.75,1859.59,76.84,14.245,ok,"TVD converted from deviation survey; porosity from density-porosity equation (rho_ma=2.65, rho_fl=1.0)"
EVD-01,137011.38,441266.18,1846.9,1840.78,9.49,30.64,2.4934,1788.0,1866.0,1782.75,1859.59,76.84,14.245,ok,"TVD converted from deviation survey; porosity from density-porosity equation (rho_ma=2.65, rho_fl=1.0)"
EVD-01,137011.38,441266.16,1846.8,1840.68,9.87,30.91,2.4871,1788.0,1866.0,1782.75,1859.59,76.84,14.245,ok,"TVD converted from deviation survey; porosity from density-porosity equation (rho_ma=2.65, rho_fl=1.0)"
EVD-01,137011.37,441266.15,1846.7,1840.59,10.01,30.86,2.4848,1788.0,1866.0,1782.75,1859.59,76.84,14.245,ok,"TVD converted from deviation survey; porosity from density-porosity equation (rho_ma=2.65, rho_fl=1.0)"
EVD-01,137011.37,441266.13,1846.6,1840.49,10.01,30.49,2.4848,1788.0,1866.0,1782.75,1859.59,76.84,14.245,ok,"TVD converted from deviation survey; porosity from density-porosity equation (rho_ma=2.65, rho_fl=1.0)"
EVD-01,137011.37,441266.11,1846.5,1840.39,9.96,29.82,2.4856,1788.0,1866.0,1782.75,1859.59,76.84,14.245,ok,"TVD converted from deviation survey; porosity from density-porosity equation (rho_ma=2.65, rho_fl=1.0)"
EVD-01,137011.37,441266.1,1846.4,1840.29,9.88,28.88,2.487,1788.0,1866.0,1782.75,1859.59,76.84,14.245,ok,"TVD converted from deviation survey; porosity from density-porosity equation (rho_ma=2.65, rho_fl=1.0)"
EVD-01,137011.36,441266.08,1846.3,1840.19,9.83,27.82,2.4879,1788.0,1866.0,1782.75,1859.59,76.84,14.245,ok,"TVD converted from deviation survey; porosity from density-porosity equation (rho_ma=2.65, rho_fl=1.0)"
EVD-01,137011.36,441266.06,1846.2,1840.09,9.93,26.69,2.4862,1788.0,1866.0,1782.75,1859.59,76.84,14.245,ok,"TVD converted from deviation survey; porosity from density-porosity equation (rho_ma=2.65, rho_fl=1.0)"
EVD-01,137011.36,441266.04,1846.1,1839.99,10.18,25.63,2.482,1788.0,1866.0,1782.75,1859.59,76.84,14.245,ok,"TVD converted from deviation survey; porosity from density-porosity equation (rho_ma=2.65, rho_fl=1.0)"
EVD-01,137011.36,441266.03,1846.0,1839.9,10.56,24.8,2.4757,1788.0,1866.0,1782.75,1859.59,76.84,14.245,ok,"TVD converted from deviation survey; porosity from density-porosity equation (rho_ma=2.65, rho_fl=1.0)"
EVD-01,137011.35,441266.01,1845.9,1839.8,11.01,24.39,2.4684,1788.0,1866.0,1782.75,1859.59,76.84,14.245,ok,"TVD converted from deviation survey; porosity from density-porosity equation (rho_ma=2.65, rho_fl=1.0)"
EVD-01,137011.35,441265.99,1845.8,1839.7,11.41,24.37,2.4618,1788.0,1866.0,1782.75,1859.59,76.84,14.245,ok,"TVD converted from deviation survey; porosity from density-porosity equation (rho_ma=2.65, rho_fl=1.0)"
EVD-01,137011.35,441265.98,1845.7,1839.6,11.61,24.57,2.4584,1788.0,1866.0,1782.75,1859.59,76.84,14.245,ok,"TVD converted from deviation survey; porosity from density-porosity equation (rho_ma=2.65, rho_fl=1.0)"
EVD-01,137011.35,441265.96,1845.6,1839.5,11.57,24.86,2.459,1788.0,1866.0,1782.75,1859.59,76.84,14.245,ok,"TVD converted from deviation survey; porosity from density-porosity equation (rho_ma=2.65, rho_fl=1.0)"
EVD-01,137011.34,441265.94,1845.5,1839.4,11.43,25.22,2.4614,1788.0,1866.0,1782.75,1859.59,76.84,14.245,ok,"TVD converted from deviation survey; porosity from density-porosity equation (rho_ma=2.65, rho_fl=1.0)"
EVD-01,137011.34,441265.92,1845.4,1839.31,11.26,25.65,2.4643,1788.0,1866.0,1782.75,1859.59,76.84,14.245,ok,"TVD converted from deviation survey; porosity from density-porosity equation (rho_ma=2.65, rho_fl=1.0)"
EVD-01,137011.34,441265.91,1845.3,1839.21,11.03,26.2,2.468,1788.0,1866.0,1782.75,1859.59,76.84,14.245,ok,"TVD converted from deviation survey; porosity from density-porosity equation (rho_ma=2.65, rho_fl=1.0)"
EVD-01,137011.34,441265.89,1845.2,1839.11,10.92,26.8,2.4698,1788.0,1866.0,1782.75,1859.59,76.84,14.245,ok,"TVD converted from deviation survey; porosity from density-porosity equation (rho_ma=2.65, rho_fl=1.0)"
EVD-01,137011.33,441265.87,1845.1,1839.01,11.11,27.37,2.4667,1788.0,1866.0,1782.75,1859.59,76.84,14.245,ok,"TVD converted from deviation survey; porosity from density-porosity equation (rho_ma=2.65, rho_fl=1.0)"
EVD-01,137011.33,441265.86,1845.0,1838.91,11.43,27.51,2.4614,1788.0,1866.0,1782.75,1859.59,76.84,14.245,ok,"TVD converted from deviation survey; porosity from density-porosity equation (rho_ma=2.65, rho_fl=1.0)"
EVD-01,137011.33,441265.84,1844.9,1838.81,11.48,27.3,2.4605,1788.0,1866.0,1782.75,1859.59,76.84,14.245,ok,"TVD converted from deviation survey; porosity from density-porosity equation (rho_ma=2.65, rho_fl=1.0)"
EVD-01,137011.33,441265.82,1844.8,1838.71,10.95,27.01,2.4694,1788.0,1866.0,1782.75,1859.59,76.84,14.245,ok,"TVD converted from deviation survey; porosity from density-porosity equation (rho_ma=2.65, rho_fl=1.0)"
EVD-01,137011.33,441265.8,1844.7,1838.62,9.94,27.0,2.486,1788.0,1866.0,1782.75,1859.59,76.84,14.245,ok,"TVD converted from deviation survey; porosity from density-porosity equation (rho_ma=2.65, rho_fl=1.0)"
EVD-01,137011.32,441265.79,1844.6,1838.52,8.75,27.19,2.5056,1788.0,1866.0,1782.75,1859.59,76.84,14.245,ok,"TVD converted from deviation survey; porosity from density-porosity equation (rho_ma=2.65, rho_fl=1.0)"
EVD-01,137011.32,441265.77,1844.5,1838.42,7.65,27.35,2.5238,1788.0,1866.0,1782.75,1859.59,76.84,14.245,ok,"TVD converted from deviation survey; porosity from density-porosity equation (rho_ma=2.65, rho_fl=1.0)"
EVD-01,137011.32,441265.75,1844.4,1838.32,6.82,27.34,2.5374,1788.0,1866.0,1782.75,1859.59,76.84,14.245,ok,"TVD converted from deviation survey; porosity from density-porosity equation (rho_ma=2.65, rho_fl=1.0)"
EVD-01,137011.32,441265.74,1844.3,1838.22,6.26,27.11,2.5466,1788.0,1866.0,1782.75,1859.59,76.84,14.245,ok,"TVD converted from deviation survey; porosity from density-porosity equation (rho_ma=2.65, rho_fl=1.0)"
EVD-01,137011.31,441265.72,1844.2,1838.12,5.99,26.7,2.5511,1788.0,1866.0,1782.75,1859.59,76.84,14.245,ok,"TVD converted from deviation survey; porosity from density-porosity equation (rho_ma=2.65, rho_fl=1.0)"
EVD-01,137011.31,441265.7,1844.1,1838.03,6.02,26.09,2.5507,1788.0,1866.0,1782.75,1859.59,76.84,14.245,ok,"TVD converted from deviation survey; porosity from density-porosity equation (rho_ma=2.65, rho_fl=1.0)"
EVD-01,137011.31,441265.68,1844.0,1837.93,6.38,25.34,2.5448,1788.0,1866.0,1782.75,1859.59,76.84,14.245,ok,"TVD converted from deviation survey; porosity from density-porosity equation (rho_ma=2.65, rho_fl=1.0)"
EVD-01,137011.31,441265.67,1843.9,1837.83,7.02,24.57,2.5342,1788.0,1866.0,1782.75,1859.59,76.84,14.245,ok,"TVD converted from deviation survey; porosity from density-porosity equation (rho_ma=2.65, rho_fl=1.0)"
EVD-01,137011.3,441265.65,1843.8,1837.73,7.7,23.81,2.5229,1788.0,1866.0,1782.75,1859.59,76.84,14.245,ok,"TVD converted from deviation survey; porosity from density-porosity equation (rho_ma=2.65, rho_fl=1.0)"
EVD-01,137011.3,441265.63,1843.7,1837.63,8.29,23.04,2.5133,1788.0,1866.0,1782.75,1859.59,76.84,14.245,ok,"TVD converted from deviation survey; porosity from density-porosity equation (rho_ma=2.65, rho_fl=1.0)"
EVD-01,137011.3,441265.61,1843.6,1837.53,8.87,22.28,2.5036,1788.0,1866.0,1782.75,1859.59,76.84,14.245,ok,"TVD converted from deviation survey; porosity from density-porosity equation (rho_ma=2.65, rho_fl=1.0)"
EVD-01,137011.3,441265.6,1843.5,1837.43,9.61,21.64,2.4915,1788.0,1866.0,1782.75,1859.59,76.84,14.245,ok,"TVD converted from deviation survey; porosity from density-porosity equation (rho_ma=2.65, rho_fl=1.0)"
EVD-01,137011.29,441265.58,1843.4,1837.34,10.44,21.21,2.4777,1788.0,1866.0,1782.75,1859.59,76.84,14.245,ok,"TVD converted from deviation survey; porosity from density-porosity equation (rho_ma=2.65, rho_fl=1.0)"
EVD-01,137011.29,441265.56,1843.3,1837.24,11.11,21.05,2.4666,1788.0,1866.0,1782.75,1859.59,76.84,14.245,ok,"TVD converted from deviation survey; porosity from density-porosity equation (rho_ma=2.65, rho_fl=1.0)"
EVD-01,137011.29,441265.55,1843.2,1837.14,11.56,21.18,2.4593,1788.0,1866.0,1782.75,1859.59,76.84,14.245,ok,"TVD converted from deviation survey; porosity from density-porosity equation (rho_ma=2.65, rho_fl=1.0)"
EVD-01,137011.29,441265.53,1843.1,1837.04,11.95,21.45,2.4529,1788.0,1866.0,1782.75,1859.59,76.84,14.245,ok,"TVD converted from deviation survey; porosity from density-porosity equation (rho_ma=2.65, rho_fl=1.0)"
EVD-01,137011.28,441265.51,1843.0,1836.94,12.47,21.7,2.4443,1788.0,1866.0,1782.75,1859.59,76.84,14.245,ok,"TVD converted from deviation survey; porosity from density-porosity equation (rho_ma=2.65, rho_fl=1.0)"
EVD-01,137011.28,441265.49,1842.9,1836.84,13.17,21.84,2.4327,1788.0,1866.0,1782.75,1859.59,76.84,14.245,ok,"TVD converted from deviation survey; porosity from density-porosity equation (rho_ma=2.65, rho_fl=1.0)"
EVD-01,137011.28,441265.48,1842.8,1836.75,13.97,21.78,2.4195,1788.0,1866.0,1782.75,1859.59,76.84,14.245,ok,"TVD converted from deviation survey; porosity from density-porosity equation (rho_ma=2.65, rho_fl=1.0)"
EVD-01,137011.28,441265.46,1842.7,1836.65,14.79,21.45,2.4059,1788.0,1866.0,1782.75,1859.59,76.84,14.245,ok,"TVD converted from deviation survey; porosity from density-porosity equation (rho_ma=2.65, rho_fl=1.0)"
EVD-01,137011.27,441265.44,1842.6,1836.55,15.47,20.87,2.3947,1788.0,1866.0,1782.75,1859.59,76.84,14.245,ok,"TVD converted from deviation survey; porosity from density-porosity equation (rho_ma=2.65, rho_fl=1.0)"
EVD-01,137011.27,441265.43,1842.5,1836.45,15.92,20.22,2.3873,1788.0,1866.0,1782.75,1859.59,76.84,14.245,ok,"TVD converted from deviation survey; porosity from density-porosity equation (rho_ma=2.65, rho_fl=1.0)"
EVD-01,137011.27,441265.41,1842.4,1836.35,16.24,19.55,2.382,1788.0,1866.0,1782.75,1859.59,76.84,14.245,ok,"TVD converted from deviation survey; porosity from density-porosity equation (rho_ma=2.65, rho_fl=1.0)"
EVD-01,137011.27,441265.39,1842.3,1836.25,16.4,18.88,2.3794,1788.0,1866.0,1782.75,1859.59,76.84,14.245,ok,"TVD converted from deviation survey; porosity from density-porosity equation (rho_ma=2.65, rho_fl=1.0)"
EVD-01,137011.26,441265.37,1842.2,1836.15,16.2,18.3,2.3827,1788.0,1866.0,1782.75,1859.59,76.84,14.245,ok,"TVD converted from deviation survey; porosity from density-porosity equation (rho_ma=2.65, rho_fl=1.0)"
EVD-01,137011.26,441265.36,1842.1,1836.06,15.74,17.85,2.3903,1788.0,1866.0,1782.75,1859.59,76.84,14.245,ok,"TVD converted from deviation survey; porosity from density-porosity equation (rho_ma=2.65, rho_fl=1.0)"
EVD-01,137011.26,441265.34,1842.0,1835.96,15.19,17.56,2.3993,1788.0,1866.0,1782.75,1859.59,76.84,14.246,ok,"TVD converted from deviation survey; porosity from density-porosity equation (rho_ma=2.65, rho_fl=1.0)"
EVD-01,137011.26,441265.32,1841.9,1835.86,14.75,17.42,2.4066,1788.0,1866.0,1782.75,1859.59,76.84,14.246,ok,"TVD converted from deviation survey; porosity from density-porosity equation (rho_ma=2.65, rho_fl=1.0)"
EVD-01,137011.25,441265.31,1841.8,1835.76,14.67,17.42,2.4079,1788.0,1866.0,1782.75,1859.59,76.84,14.246,ok,"TVD converted from deviation survey; porosity from density-porosity equation (rho_ma=2.65, rho_fl=1.0)"
EVD-01,137011.25,441265.29,1841.7,1835.66,14.99,17.57,2.4027,1788.0,1866.0,1782.75,1859.59,76.84,14.246,ok,"TVD converted from deviation survey; porosity from density-porosity equation (rho_ma=2.65, rho_fl=1.0)"
EVD-01,137011.25,441265.27,1841.6,1835.56,15.44,17.82,2.3952,1788.0,1866.0,1782.75,1859.59,76.84,14.246,ok,"TVD converted from deviation survey; porosity from density-porosity equation (rho_ma=2.65, rho_fl=1.0)"
EVD-01,137011.25,441265.25,1841.5,1835.47,15.76,18.1,2.39,1788.0,1866.0,1782.75,1859.59,76.84,14.246,ok,"TVD converted from deviation survey; porosity from density-porosity equation (rho_ma=2.65, rho_fl=1.0)"
EVD-01,137011.24,441265.24,1841.4,1835.37,15.77,18.42,2.3898,1788.0,1866.0,1782.75,1859.59,76.84,14.246,ok,"TVD converted from deviation survey; porosity from density-porosity equation (rho_ma=2.65, rho_fl=1.0)"
EVD-01,137011.24,441265.22,1841.3,1835.27,15.54,18.81,2.3936,1788.0,1866.0,1782.75,1859.59,76.84,14.246,ok,"TVD converted from deviation survey; porosity from density-porosity equation (rho_ma=2.65, rho_fl=1.0)"
EVD-01,137011.24,441265.2,1841.2,1835.17,15.19,19.25,2.3993,1788.0,1866.0,1782.75,1859.59,76.84,14.246,ok,"TVD converted from deviation survey; porosity from density-porosity equation (rho_ma=2.65, rho_fl=1.0)"
EVD-01,137011.24,441265.19,1841.1,1835.07,14.81,19.69,2.4056,1788.0,1866.0,1782.75,1859.59,76.84,14.246,ok,"TVD converted from deviation survey; porosity from density-porosity equation (rho_ma=2.65, rho_fl=1.0)"
EVD-01,137011.23,441265.17,1841.0,1834.97,14.35,20.16,2.4132,1788.0,1866.0,1782.75,1859.59,76.84,14.246,ok,"TVD converted from deviation survey; porosity from density-porosity equation (rho_ma=2.65, rho_fl=1.0)"
EVD-01,137011.23,441265.15,1840.9,1834.87,13.96,20.59,2.4197,1788.0,1866.0,1782.75,1859.59,76.84,14.246,ok,"TVD converted from deviation survey; porosity from density-porosity equation (rho_ma=2.65, rho_fl=1.0)"
EVD-01,137011.23,441265.13,1840.8,1834.78,13.75,20.96,2.4232,1788.0,1866.0,1782.75,1859.59,76.84,14.246,ok,"TVD converted from deviation survey; porosity from density-porosity equation (rho_ma=2.65, rho_fl=1.0)"
EVD-01,137011.23,441265.12,1840.7,1834.68,13.62,21.33,2.4252,1788.0,1866.0,1782.75,1859.59,76.84,14.246,ok,"TVD converted from deviation survey; porosity from density-porosity equation (rho_ma=2.65, rho_fl=1.0)"
EVD-01,137011.22,441265.1,1840.6,1834.58,13.5,21.61,2.4273,1788.0,1866.0,1782.75,1859.59,76.84,14.246,ok,"TVD converted from deviation survey; porosity from density-porosity equation (rho_ma=2.65, rho_fl=1.0)"
EVD-01,137011.22,441265.08,1840.5,1834.48,13.44,21.68,2.4282,1788.0,1866.0,1782.75,1859.59,76.84,14.246,ok,"TVD converted from deviation survey; porosity from density-porosity equation (rho_ma=2.65, rho_fl=1.0)"
EVD-01,137011.22,441265.06,1840.4,1834.38,13.65,21.5,2.4248,1788.0,1866.0,1782.75,1859.59,76.84,14.246,ok,"TVD converted from deviation survey; porosity from density-porosity equation (rho_ma=2.65, rho_fl=1.0)"
EVD-01,137011.22,441265.05,1840.3,1834.28,14.08,21.08,2.4178,1788.0,1866.0,1782.75,1859.59,76.84,14.246,ok,"TVD converted from deviation survey; porosity from density-porosity equation (rho_ma=2.65, rho_fl=1.0)"
EVD-01,137011.21,441265.03,1840.2,1834.19,14.57,20.61,2.4096,1788.0,1866.0,1782.75,1859.59,76.84,14.246,ok,"TVD converted from deviation survey; porosity from density-porosity equation (rho_ma=2.65, rho_fl=1.0)"
EVD-01,137011.21,441265.01,1840.1,1834.09,15.11,20.33,2.4006,1788.0,1866.0,1782.75,1859.59,76.84,14.246,ok,"TVD converted from deviation survey; porosity from density-porosity equation (rho_ma=2.65, rho_fl=1.0)"
EVD-01,137011.21,441265.0,1840.0,1833.99,15.63,20.27,2.3921,1788.0,1866.0,1782.75,1859.59,76.84,14.246,ok,"TVD converted from deviation survey; porosity from density-porosity equation (rho_ma=2.65, rho_fl=1.0)"
EVD-01,137011.21,441264.98,1839.9,1833.89,16.03,20.32,2.3856,1788.0,1866.0,1782.75,1859.59,76.84,14.246,ok,"TVD converted from deviation survey; porosity from density-porosity equation (rho_ma=2.65, rho_fl=1.0)"
EVD-01,137011.21,441264.96,1839.8,1833.79,16.15,20.46,2.3834,1788.0,1866.0,1782.75,1859.59,76.84,14.246,ok,"TVD converted from deviation survey; porosity from density-porosity equation (rho_ma=2.65, rho_fl=1.0)"
EVD-01,137011.2,441264.94,1839.7,1833.69,16.03,20.66,2.3855,1788.0,1866.0,1782.75,1859.59,76.84,14.246,ok,"TVD converted from deviation survey; porosity from density-porosity equation (rho_ma=2.65, rho_fl=1.0)"
EVD-01,137011.2,441264.93,1839.6,1833.59,15.71,20.87,2.3908,1788.0,1866.0,1782.75,1859.59,76.84,14.246,ok,"TVD converted from deviation survey; porosity from density-porosity equation (rho_ma=2.65, rho_fl=1.0)"
EVD-01,137011.2,441264.91,1839.5,1833.5,15.25,21.03,2.3984,1788.0,1866.0,1782.75,1859.59,76.84,14.246,ok,"TVD converted from deviation survey; porosity from density-porosity equation (rho_ma=2.65, rho_fl=1.0)"
EVD-01,137011.2,441264.89,1839.4,1833.4,14.93,20.94,2.4037,1788.0,1866.0,1782.75,1859.59,76.84,14.246,ok,"TVD converted from deviation survey; porosity from density-porosity equation (rho_ma=2.65, rho_fl=1.0)"
EVD-01,137011.19,441264.88,1839.3,1833.3,14.93,20.57,2.4036,1788.0,1866.0,1782.75,1859.59,76.84,14.246,ok,"TVD converted from deviation survey; porosity from density-porosity equation (rho_ma=2.65, rho_fl=1.0)"
EVD-01,137011.19,441264.86,1839.2,1833.2,15.05,20.24,2.4017,1788.0,1866.0,1782.75,1859.59,76.84,14.246,ok,"TVD converted from deviation survey; porosity from density-porosity equation (rho_ma=2.65, rho_fl=1.0)"
EVD-01,137011.19,441264.84,1839.1,1833.1,15.09,20.15,2.401,1788.0,1866.0,1782.75,1859.59,76.84,14.246,ok,"TVD converted from deviation survey; porosity from density-porosity equation (rho_ma=2.65, rho_fl=1.0)"
EVD-01,137011.19,441264.82,1839.0,1833.0,15.13,20.31,2.4004,1788.0,1866.0,1782.75,1859.59,76.84,14.246,ok,"TVD converted from deviation survey; porosity from density-porosity equation (rho_ma=2.65, rho_fl=1.0)"
EVD-01,137011.18,441264.81,1838.9,1832.91,15.31,20.66,2.3974,1788.0,1866.0,1782.75,1859.59,76.84,14.246,ok,"TVD converted from deviation survey; porosity from density-porosity equation (rho_ma=2.65, rho_fl=1.0)"
EVD-01,137011.18,441264.79,1838.8,1832.81,15.67,21.06,2.3915,1788.0,1866.0,1782.75,1859.59,76.84,14.246,ok,"TVD converted from deviation survey; porosity from density-porosity equation (rho_ma=2.65, rho_fl=1.0)"
EVD-01,137011.18,441264.77,1838.7,1832.71,15.98,21.4,2.3863,1788.0,1866.0,1782.75,1859.59,76.84,14.246,ok,"TVD converted from deviation survey; porosity from density-porosity equation (rho_ma=2.65, rho_fl=1.0)"
EVD-01,137011.18,441264.76,1838.6,1832.61,15.96,21.67,2.3866,1788.0,1866.0,1782.75,1859.59,76.84,14.246,ok,"TVD converted from deviation survey; porosity from density-porosity equation (rho_ma=2.65, rho_fl=1.0)"
EVD-01,137011.17,441264.74,1838.5,1832.51,15.64,21.85,2.392,1788.0,1866.0,1782.75,1859.59,76.84,14.246,ok,"TVD converted from deviation survey; porosity from density-porosity equation (rho_ma=2.65, rho_fl=1.0)"
EVD-01,137011.17,441264.72,1838.4,1832.41,15.3,21.98,2.3975,1788.0,1866.0,1782.75,1859.59,76.84,14.246,ok,"TVD converted from deviation survey; porosity from density-porosity equation (rho_ma=2.65, rho_fl=1.0)"
EVD-01,137011.17,441264.7,1838.3,1832.31,15.16,22.21,2.3998,1788.0,1866.0,1782.75,1859.59,76.84,14.246,ok,"TVD converted from deviation survey; porosity from density-porosity equation (rho_ma=2.65, rho_fl=1.0)"
EVD-01,137011.17,441264.69,1838.2,1832.22,15.07,22.61,2.4014,1788.0,1866.0,1782.75,1859.59,76.84,14.246,ok,"TVD converted from deviation survey; porosity from density-porosity equation (rho_ma=2.65, rho_fl=1.0)"
EVD-01,137011.16,441264.67,1838.1,1832.12,14.75,23.15,2.4067,1788.0,1866.0,1782.75,1859.59,76.84,14.246,ok,"TVD converted from deviation survey; porosity from density-porosity equation (rho_ma=2.65, rho_fl=1.0)"
EVD-01,137011.16,441264.65,1838.0,1832.02,14.22,23.73,2.4154,1788.0,1866.0,1782.75,1859.59,76.84,14.246,ok,"TVD converted from deviation survey; porosity from density-porosity equation (rho_ma=2.65, rho_fl=1.0)"
EVD-01,137011.16,441264.64,1837.9,1831.92,13.57,24.14,2.4262,1788.0,1866.0,1782.75,1859.59,76.84,14.246,ok,"TVD converted from deviation survey; porosity from density-porosity equation (rho_ma=2.65, rho_fl=1.0)"
EVD-01,137011.16,441264.62,1837.8,1831.82,12.93,24.25,2.4366,1788.0,1866.0,1782.75,1859.59,76.84,14.246,ok,"TVD converted from deviation survey; porosity from density-porosity equation (rho_ma=2.65, rho_fl=1.0)"
EVD-01,137011.15,441264.6,1837.7,1831.72,12.57,23.73,2.4426,1788.0,1866.0,1782.75,1859.59,76.84,14.246,ok,"TVD converted from deviation survey; porosity from density-porosity equation (rho_ma=2.65, rho_fl=1.0)"
EVD-01,137011.15,441264.58,1837.6,1831.62,12.69,22.8,2.4406,1788.0,1866.0,1782.75,1859.59,76.84,14.246,ok,"TVD converted from deviation survey; porosity from density-porosity equation (rho_ma=2.65, rho_fl=1.0)"
EVD-01,137011.15,441264.57,1837.5,1831.53,13.25,21.81,2.4314,1788.0,1866.0,1782.75,1859.59,76.84,14.246,ok,"TVD converted from deviation survey; porosity from density-porosity equation (rho_ma=2.65, rho_fl=1.0)"
EVD-01,137011.15,441264.55,1837.4,1831.43,13.85,21.17,2.4214,1788.0,1866.0,1782.75,1859.59,76.84,14.246,ok,"TVD converted from deviation survey; porosity from density-porosity equation (rho_ma=2.65, rho_fl=1.0)"
EVD-01,137011.14,441264.53,1837.3,1831.33,14.34,20.88,2.4134,1788.0,1866.0,1782.75,1859.59,76.84,14.246,ok,"TVD converted from deviation survey; porosity from density-porosity equation (rho_ma=2.65, rho_fl=1.0)"
EVD-01,137011.14,441264.51,1837.2,1831.23,14.78,20.78,2.4061,1788.0,1866.0,1782.75,1859.59,76.84,14.246,ok,"TVD converted from deviation survey; porosity from density-porosity equation (rho_ma=2.65, rho_fl=1.0)"
EVD-01,137011.14,441264.5,1837.1,1831.13,15.15,20.78,2.4,1788.0,1866.0,1782.75,1859.59,76.84,14.246,ok,"TVD converted from deviation survey; porosity from density-porosity equation (rho_ma=2.65, rho_fl=1.0)"
EVD-01,137011.14,441264.48,1837.0,1831.03,15.26,20.81,2.3981,1788.0,1866.0,1782.75,1859.59,76.84,14.246,ok,"TVD converted from deviation survey; porosity from density-porosity equation (rho_ma=2.65, rho_fl=1.0)"
EVD-01,137011.13,441264.46,1836.9,1830.94,14.96,20.84,2.4032,1788.0,1866.0,1782.75,1859.59,76.84,14.246,ok,"TVD converted from deviation survey; porosity from density-porosity equation (rho_ma=2.65, rho_fl=1.0)"
EVD-01,137011.13,441264.45,1836.8,1830.84,14.39,20.89,2.4125,1788.0,1866.0,1782.75,1859.59,76.84,14.246,ok,"TVD converted from deviation survey; porosity from density-porosity equation (rho_ma=2.65, rho_fl=1.0)"
EVD-01,137011.13,441264.43,1836.7,1830.74,13.81,20.92,2.4221,1788.0,1866.0,1782.75,1859.59,76.84,14.246,ok,"TVD converted from deviation survey; porosity from density-porosity equation (rho_ma=2.65, rho_fl=1.0)"
EVD-01,137011.13,441264.41,1836.6,1830.64,13.43,20.8,2.4284,1788.0,1866.0,1782.75,1859.59,76.84,14.246,ok,"TVD converted from deviation survey; porosity from density-porosity equation (rho_ma=2.65, rho_fl=1.0)"
EVD-01,137011.12,441264.39,1836.5,1830.54,13.21,20.5,2.4321,1788.0,1866.0,1782.75,1859.59,76.84,14.246,ok,"TVD converted from deviation survey; porosity from density-porosity equation (rho_ma=2.65, rho_fl=1.0)"
EVD-01,137011.12,441264.38,1836.4,1830.44,13.09,20.26,2.434,1788.0,1866.0,1782.75,1859.59,76.84,14.246,ok,"TVD converted from deviation survey; porosity from density-porosity equation (rho_ma=2.65, rho_fl=1.0)"
EVD-01,137011.12,441264.36,1836.3,1830.34,13.0,20.6,2.4355,1788.0,1866.0,1782.75,1859.59,76.84,14.246,ok,"TVD converted from deviation survey; porosity from density-porosity equation (rho_ma=2.65, rho_fl=1.0)"
EVD-01,137011.12,441264.34,1836.2,1830.25,12.67,21.51,2.4409,1788.0,1866.0,1782.75,1859.59,76.84,14.247,ok,"TVD converted from deviation survey; porosity from density-porosity equation (rho_ma=2.65, rho_fl=1.0)"
EVD-01,137011.11,441264.33,1836.1,1830.15,12.1,22.73,2.4504,1788.0,1866.0,1782.75,1859.59,76.84,14.247,ok,"TVD converted from deviation survey; porosity from density-porosity equation (rho_ma=2.65, rho_fl=1.0)"
EVD-01,137011.11,441264.31,1836.0,1830.05,11.6,24.09,2.4586,1788.0,1866.0,1782.75,1859.59,76.84,14.247,ok,"TVD converted from deviation survey; porosity from density-porosity equation (rho_ma=2.65, rho_fl=1.0)"
EVD-01,137011.11,441264.29,1835.9,1829.95,11.33,25.28,2.4631,1788.0,1866.0,1782.75,1859.59,76.84,14.247,ok,"TVD converted from deviation survey; porosity from density-porosity equation (rho_ma=2.65, rho_fl=1.0)"
EVD-01,137011.11,441264.27,1835.8,1829.85,11.27,26.15,2.464,1788.0,1866.0,1782.75,1859.59,76.84,14.247,ok,"TVD converted from deviation survey; porosity from density-porosity equation (rho_ma=2.65, rho_fl=1.0)"
EVD-01,137011.1,441264.26,1835.7,1829.75,11.35,26.41,2.4628,1788.0,1866.0,1782.75,1859.59,76.84,14.247,ok,"TVD converted from deviation survey; porosity from density-porosity equation (rho_ma=2.65, rho_fl=1.0)"
EVD-01,137011.1,441264.24,1835.6,1829.66,11.5,26.32,2.4603,1788.0,1866.0,1782.75,1859.59,76.84,14.247,ok,"TVD converted from deviation survey; porosity from density-porosity equation (rho_ma=2.65, rho_fl=1.0)"
EVD-01,137011.1,441264.22,1835.5,1829.56,11.72,26.15,2.4566,1788.0,1866.0,1782.75,1859.59,76.84,14.247,ok,"TVD converted from deviation survey; porosity from density-porosity equation (rho_ma=2.65, rho_fl=1.0)"
EVD-01,137011.1,441264.21,1835.4,1829.46,12.01,26.07,2.4518,1788.0,1866.0,1782.75,1859.59,76.84,14.247,ok,"TVD converted from deviation survey; porosity from density-porosity equation (rho_ma=2.65, rho_fl=1.0)"
EVD-01,137011.09,441264.19,1835.3,1829.36,12.34,26.04,2.4464,1788.0,1866.0,1782.75,1859.59,76.84,14.247,ok,"TVD converted from deviation survey; porosity from density-porosity equation (rho_ma=2.65, rho_fl=1.0)"
EVD-01,137011.09,441264.17,1835.2,1829.26,12.56,26.0,2.4428,1788.0,1866.0,1782.75,1859.59,76.84,14.247,ok,"TVD converted from deviation survey; porosity from density-porosity equation (rho_ma=2.65, rho_fl=1.0)"
EVD-01,137011.09,441264.15,1835.1,1829.16,12.47,26.01,2.4442,1788.0,1866.0,1782.75,1859.59,76.84,14.247,ok,"TVD converted from deviation survey; porosity from density-porosity equation (rho_ma=2.65, rho_fl=1.0)"
EVD-01,137011.09,441264.14,1835.0,1829.06,12.0,26.07,2.452,1788.0,1866.0,1782.75,1859.59,76.84,14.247,ok,"TVD converted from deviation survey; porosity from density-porosity equation (rho_ma=2.65, rho_fl=1.0)"
EVD-01,137011.09,441264.12,1834.9,1828.97,11.25,26.19,2.4644,1788.0,1866.0,1782.75,1859.59,76.84,14.247,ok,"TVD converted from deviation survey; porosity from density-porosity equation (rho_ma=2.65, rho_fl=1.0)"
EVD-01,137011.08,441264.1,1834.8,1828.87,10.43,26.41,2.4779,1788.0,1866.0,1782.75,1859.59,76.84,14.247,ok,"TVD converted from deviation survey; porosity from density-porosity equation (rho_ma=2.65, rho_fl=1.0)"
EVD-01,137011.08,441264.08,1834.7,1828.77,9.7,26.73,2.4899,1788.0,1866.0,1782.75,1859.59,76.84,14.247,ok,"TVD converted from deviation survey; porosity from density-porosity equation (rho_ma=2.65, rho_fl=1.0)"
EVD-01,137011.08,441264.07,1834.6,1828.67,9.2,27.1,2.4981,1788.0,1866.0,1782.75,1859.59,76.84,14.247,ok,"TVD converted from deviation survey; porosity from density-porosity equation (rho_ma=2.65, rho_fl=1.0)"
EVD-01,137011.08,441264.05,1834.5,1828.57,9.08,27.31,2.5001,1788.0,1866.0,1782.75,1859.59,76.84,14.247,ok,"TVD converted from deviation survey; porosity from density-porosity equation (rho_ma=2.65, rho_fl=1.0)"
EVD-01,137011.07,441264.03,1834.4,1828.47,9.29,27.33,2.4967,1788.0,1866.0,1782.75,1859.59,76.84,14.247,ok,"TVD converted from deviation survey; porosity from density-porosity equation (rho_ma=2.65, rho_fl=1.0)"
EVD-01,137011.07,441264.02,1834.3,1828.38,9.56,27.23,2.4922,1788.0,1866.0,1782.75,1859.59,76.84,14.247,ok,"TVD converted from deviation survey; porosity from density-porosity equation (rho_ma=2.65, rho_fl=1.0)"
EVD-01,137011.07,441264.0,1834.2,1828.28,9.65,27.07,2.4908,1788.0,1866.0,1782.75,1859.59,76.84,14.247,ok,"TVD converted from deviation survey; porosity from density-porosity equation (rho_ma=2.65, rho_fl=1.0)"
EVD-01,137011.07,441263.98,1834.1,1828.18,9.4,26.89,2.4949,1788.0,1866.0,1782.75,1859.59,76.84,14.247,ok,"TVD converted from deviation survey; porosity from density-porosity equation (rho_ma=2.65, rho_fl=1.0)"
EVD-01,137011.06,441263.96,1834.0,1828.08,8.85,26.72,2.504,1788.0,1866.0,1782.75,1859.59,76.84,14.247,ok,"TVD converted from deviation survey; porosity from density-porosity equation (rho_ma=2.65, rho_fl=1.0)"
EVD-01,137011.06,441263.95,1833.9,1827.98,8.24,26.74,2.514,1788.0,1866.0,1782.75,1859.59,76.84,14.247,ok,"TVD converted from deviation survey; porosity from density-porosity equation (rho_ma=2.65, rho_fl=1.0)"
EVD-01,137011.06,441263.93,1833.8,1827.88,7.75,27.07,2.5221,1788.0,1866.0,1782.75,1859.59,76.84,14.247,ok,"TVD converted from deviation survey; porosity from density-porosity equation (rho_ma=2.65, rho_fl=1.0)"
EVD-01,137011.06,441263.91,1833.7,1827.78,7.37,27.74,2.5284,1788.0,1866.0,1782.75,1859.59,76.84,14.247,ok,"TVD converted from deviation survey; porosity from density-porosity equation (rho_ma=2.65, rho_fl=1.0)"
EVD-01,137011.05,441263.9,1833.6,1827.69,7.01,28.25,2.5343,1788.0,1866.0,1782.75,1859.59,76.84,14.247,ok,"TVD converted from deviation survey; porosity from density-porosity equation (rho_ma=2.65, rho_fl=1.0)"
EVD-01,137011.05,441263.88,1833.5,1827.59,6.72,28.3,2.5392,1788.0,1866.0,1782.75,1859.59,76.84,14.247,ok,"TVD converted from deviation survey; porosity from density-porosity equation (rho_ma=2.65, rho_fl=1.0)"
EVD-01,137011.05,441263.86,1833.4,1827.49,6.73,28.07,2.539,1788.0,1866.0,1782.75,1859.59,76.84,14.247,ok,"TVD converted from deviation survey; porosity from density-porosity equation (rho_ma=2.65, rho_fl=1.0)"
EVD-01,137011.05,441263.84,1833.3,1827.39,7.08,27.92,2.5332,1788.0,1866.0,1782.75,1859.59,76.84,14.247,ok,"TVD converted from deviation survey; porosity from density-porosity equation (rho_ma=2.65, rho_fl=1.0)"
EVD-01,137011.04,441263.83,1833.2,1827.29,7.62,28.06,2.5243,1788.0,1866.0,1782.75,1859.59,76.84,14.247,ok,"TVD converted from deviation survey; porosity from density-porosity equation (rho_ma=2.65, rho_fl=1.0)"
EVD-01,137011.04,441263.81,1833.1,1827.19,8.11,28.45,2.5162,1788.0,1866.0,1782.75,1859.59,76.84,14.247,ok,"TVD converted from deviation survey; porosity from density-porosity equation (rho_ma=2.65, rho_fl=1.0)"
EVD-01,137011.04,441263.79,1833.0,1827.1,8.48,28.84,2.5101,1788.0,1866.0,1782.75,1859.59,76.84,14.247,ok,"TVD converted from deviation survey; porosity from density-porosity equation (rho_ma=2.65, rho_fl=1.0)"
EVD-01,137011.04,441263.78,1832.9,1827.0,8.79,29.0,2.5049,1788.0,1866.0,1782.75,1859.59,76.84,14.247,ok,"TVD converted from deviation survey; porosity from density-porosity equation (rho_ma=2.65, rho_fl=1.0)"
EVD-01,137011.03,441263.76,1832.8,1826.9,9.03,28.85,2.501,1788.0,1866.0,1782.75,1859.59,76.84,14.247,ok,"TVD converted from deviation survey; porosity from density-porosity equation (rho_ma=2.65, rho_fl=1.0)"
EVD-01,137011.03,441263.74,1832.7,1826.8,9.18,28.33,2.4985,1788.0,1866.0,1782.75,1859.59,76.84,14.247,ok,"TVD converted from deviation survey; porosity from density-porosity equation (rho_ma=2.65, rho_fl=1.0)"
EVD-01,137011.03,441263.72,1832.6,1826.7,9.25,27.53,2.4973,1788.0,1866.0,1782.75,1859.59,76.84,14.247,ok,"TVD converted from deviation survey; porosity from density-porosity equation (rho_ma=2.65, rho_fl=1.0)"
EVD-01,137011.03,441263.71,1832.5,1826.6,9.27,26.53,2.4971,1788.0,1866.0,1782.75,1859.59,76.84,14.247,ok,"TVD converted from deviation survey; porosity from density-porosity equation (rho_ma=2.65, rho_fl=1.0)"
EVD-01,137011.02,441263.69,1832.4,1826.5,9.36,25.5,2.4955,1788.0,1866.0,1782.75,1859.59,76.84,14.247,ok,"TVD converted from deviation survey; porosity from density-porosity equation (rho_ma=2.65, rho_fl=1.0)"
EVD-01,137011.02,441263.67,1832.3,1826.41,9.73,24.67,2.4894,1788.0,1866.0,1782.75,1859.59,76.84,14.247,ok,"TVD converted from deviation survey; porosity from density-porosity equation (rho_ma=2.65, rho_fl=1.0)"
EVD-01,137011.02,441263.66,1832.2,1826.31,10.35,24.18,2.4792,1788.0,1866.0,1782.75,1859.59,76.84,14.247,ok,"TVD converted from deviation survey; porosity from density-porosity equation (rho_ma=2.65, rho_fl=1.0)"
EVD-01,137011.02,441263.64,1832.1,1826.21,11.09,24.08,2.4671,1788.0,1866.0,1782.75,1859.59,76.84,14.247,ok,"TVD converted from deviation survey; porosity from density-porosity equation (rho_ma=2.65, rho_fl=1.0)"
EVD-01,137011.01,441263.62,1832.0,1826.11,11.78,24.2,2.4556,1788.0,1866.0,1782.75,1859.59,76.84,14.247,ok,"TVD converted from deviation survey; porosity from density-porosity equation (rho_ma=2.65, rho_fl=1.0)"
EVD-01,137011.01,441263.6,1831.9,1826.01,12.26,24.48,2.4477,1788.0,1866.0,1782.75,1859.59,76.84,14.247,ok,"TVD converted from deviation survey; porosity from density-porosity equation (rho_ma=2.65, rho_fl=1.0)"
EVD-01,137011.01,441263.59,1831.8,1825.91,12.44,24.8,2.4447,1788.0,1866.0,1782.75,1859.59,76.84,14.247,ok,"TVD converted from deviation survey; porosity from density-porosity equation (rho_ma=2.65, rho_fl=1.0)"
EVD-01,137011.01,441263.57,1831.7,1825.82,12.4,25.06,2.4454,1788.0,1866.0,1782.75,1859.59,76.84,14.247,ok,"TVD converted from deviation survey; porosity from density-porosity equation (rho_ma=2.65, rho_fl=1.0)"
EVD-01,137011.0,441263.55,1831.6,1825.72,12.24,25.3,2.4481,1788.0,1866.0,1782.75,1859.59,76.84,14.247,ok,"TVD converted from deviation survey; porosity from density-porosity equation (rho_ma=2.65, rho_fl=1.0)"
EVD-01,137011.0,441263.53,1831.5,1825.62,12.02,25.57,2.4516,1788.0,1866.0,1782.75,1859.59,76.84,14.247,ok,"TVD converted from deviation survey; porosity from density-porosity equation (rho_ma=2.65, rho_fl=1.0)"
EVD-01,137011.0,441263.52,1831.4,1825.52,11.7,25.89,2.457,1788.0,1866.0,1782.75,1859.59,76.84,14.247,ok,"TVD converted from deviation survey; porosity from density-porosity equation (rho_ma=2.65, rho_fl=1.0)"
EVD-01,137011.0,441263.5,1831.3,1825.42,11.21,26.27,2.465,1788.0,1866.0,1782.75,1859.59,76.84,14.247,ok,"TVD converted from deviation survey; porosity from density-porosity equation (rho_ma=2.65, rho_fl=1.0)"
EVD-01,137010.99,441263.48,1831.2,1825.32,10.64,26.7,2.4744,1788.0,1866.0,1782.75,1859.59,76.84,14.247,ok,"TVD converted from deviation survey; porosity from density-porosity equation (rho_ma=2.65, rho_fl=1.0)"
EVD-01,137010.99,441263.47,1831.1,1825.22,10.14,27.1,2.4826,1788.0,1866.0,1782.75,1859.59,76.84,14.247,ok,"TVD converted from deviation survey; porosity from density-porosity equation (rho_ma=2.65, rho_fl=1.0)"
EVD-01,137010.99,441263.45,1831.0,1825.13,9.66,27.52,2.4906,1788.0,1866.0,1782.75,1859.59,76.84,14.247,ok,"TVD converted from deviation survey; porosity from density-porosity equation (rho_ma=2.65, rho_fl=1.0)"
EVD-01,137010.99,441263.43,1830.9,1825.03,9.09,28.0,2.5,1788.0,1866.0,1782.75,1859.59,76.84,14.247,ok,"TVD converted from deviation survey; porosity from density-porosity equation (rho_ma=2.65, rho_fl=1.0)"
EVD-01,137010.98,441263.41,1830.8,1824.93,8.64,28.48,2.5075,1788.0,1866.0,1782.75,1859.59,76.84,14.247,ok,"TVD converted from deviation survey; porosity from density-porosity equation (rho_ma=2.65, rho_fl=1.0)"
EVD-01,137010.98,441263.4,1830.7,1824.83,8.58,28.96,2.5084,1788.0,1866.0,1782.75,1859.59,76.84,14.247,ok,"TVD converted from deviation survey; porosity from density-porosity equation (rho_ma=2.65, rho_fl=1.0)"
EVD-01,137010.98,441263.38,1830.6,1824.73,8.98,29.38,2.5019,1788.0,1866.0,1782.75,1859.59,76.84,14.247,ok,"TVD converted from deviation survey; porosity from density-porosity equation (rho_ma=2.65, rho_fl=1.0)"
EVD-01,137010.98,441263.36,1830.5,1824.63,9.52,29.69,2.493,1788.0,1866.0,1782.75,1859.59,76.84,14.247,ok,"TVD converted from deviation survey; porosity from density-porosity equation (rho_ma=2.65, rho_fl=1.0)"
EVD-01,137010.97,441263.35,1830.4,1824.54,9.97,29.92,2.4855,1788.0,1866.0,1782.75,1859.59,76.84,14.248,ok,"TVD converted from deviation survey; porosity from density-porosity equation (rho_ma=2.65, rho_fl=1.0)"
EVD-01,137010.97,441263.33,1830.3,1824.44,10.38,30.13,2.4787,1788.0,1866.0,1782.75,1859.59,76.84,14.248,ok,"TVD converted from deviation survey; porosity from density-porosity equation (rho_ma=2.65, rho_fl=1.0)"
EVD-01,137010.97,441263.31,1830.2,1824.34,10.81,30.27,2.4716,1788.0,1866.0,1782.75,1859.59,76.84,14.248,ok,"TVD converted from deviation survey; porosity from density-porosity equation (rho_ma=2.65, rho_fl=1.0)"
EVD-01,137010.97,441263.29,1830.1,1824.24,11.2,30.23,2.4652,1788.0,1866.0,1782.75,1859.59,76.84,14.248,ok,"TVD converted from deviation survey; porosity from density-porosity equation (rho_ma=2.65, rho_fl=1.0)"
EVD-01,137010.97,441263.28,1830.0,1824.14,11.26,30.01,2.4641,1788.0,1866.0,1782.75,1859.59,76.84,14.248,ok,"TVD converted from deviation survey; porosity from density-porosity equation (rho_ma=2.65, rho_fl=1.0)"
EVD-01,137010.96,441263.26,1829.9,1824.04,10.85,29.81,2.471,1788.0,1866.0,1782.75,1859.59,76.84,14.248,ok,"TVD converted from deviation survey; porosity from density-porosity equation (rho_ma=2.65, rho_fl=1.0)"
EVD-01,137010.96,441263.24,1829.8,1823.94,10.16,29.68,2.4823,1788.0,1866.0,1782.75,1859.59,76.84,14.248,ok,"TVD converted from deviation survey; porosity from density-porosity equation (rho_ma=2.65, rho_fl=1.0)"
EVD-01,137010.96,441263.23,1829.7,1823.85,9.61,29.62,2.4914,1788.0,1866.0,1782.75,1859.59,76.84,14.248,ok,"TVD converted from deviation survey; porosity from density-porosity equation (rho_ma=2.65, rho_fl=1.0)"
EVD-01,137010.96,441263.21,1829.6,1823.75,9.37,29.71,2.4954,1788.0,1866.0,1782.75,1859.59,76.84,14.248,ok,"TVD converted from deviation survey; porosity from density-porosity equation (rho_ma=2.65, rho_fl=1.0)"
EVD-01,137010.95,441263.19,1829.5,1823.65,9.3,29.9,2.4965,1788.0,1866.0,1782.75,1859.59,76.84,14.248,ok,"TVD converted from deviation survey; porosity from density-porosity equation (rho_ma=2.65, rho_fl=1.0)"
EVD-01,137010.95,441263.17,1829.4,1823.55,9.15,29.97,2.499,1788.0,1866.0,1782.75,1859.59,76.84,14.248,ok,"TVD converted from deviation survey; porosity from density-porosity equation (rho_ma=2.65, rho_fl=1.0)"
EVD-01,137010.95,441263.16,1829.3,1823.45,8.85,29.89,2.5039,1788.0,1866.0,1782.75,1859.59,76.84,14.248,ok,"TVD converted from deviation survey; porosity from density-porosity equation (rho_ma=2.65, rho_fl=1.0)"
EVD-01,137010.95,441263.14,1829.2,1823.35,8.51,29.66,2.5097,1788.0,1866.0,1782.75,1859.59,76.84,14.248,ok,"TVD converted from deviation survey; porosity from density-porosity equation (rho_ma=2.65, rho_fl=1.0)"
EVD-01,137010.94,441263.12,1829.1,1823.25,8.37,29.32,2.5119,1788.0,1866.0,1782.75,1859.59,76.84,14.248,ok,"TVD converted from deviation survey; porosity from density-porosity equation (rho_ma=2.65, rho_fl=1.0)"
EVD-01,137010.94,441263.11,1829.0,1823.16,8.72,28.86,2.5062,1788.0,1866.0,1782.75,1859.59,76.84,14.248,ok,"TVD converted from deviation survey; porosity from density-porosity equation (rho_ma=2.65, rho_fl=1.0)"
EVD-01,137010.94,441263.09,1828.9,1823.06,9.42,28.3,2.4945,1788.0,1866.0,1782.75,1859.59,76.84,14.248,ok,"TVD converted from deviation survey; porosity from density-porosity equation (rho_ma=2.65, rho_fl=1.0)"
EVD-01,137010.94,441263.07,1828.8,1822.96,10.02,27.74,2.4847,1788.0,1866.0,1782.75,1859.59,76.84,14.248,ok,"TVD converted from deviation survey; porosity from density-porosity equation (rho_ma=2.65, rho_fl=1.0)"
EVD-01,137010.93,441263.05,1828.7,1822.86,10.12,27.23,2.4831,1788.0,1866.0,1782.75,1859.59,76.84,14.248,ok,"TVD converted from deviation survey; porosity from density-porosity equation (rho_ma=2.65, rho_fl=1.0)"
EVD-01,137010.93,441263.04,1828.6,1822.76,9.72,26.82,2.4897,1788.0,1866.0,1782.75,1859.59,76.84,14.248,ok,"TVD converted from deviation survey; porosity from density-porosity equation (rho_ma=2.65, rho_fl=1.0)"
EVD-01,137010.93,441263.02,1828.5,1822.66,9.08,26.52,2.5001,1788.0,1866.0,1782.75,1859.59,76.84,14.248,ok,"TVD converted from deviation survey; porosity from density-porosity equation (rho_ma=2.65, rho_fl=1.0)"
EVD-01,137010.93,441263.0,1828.4,1822.57,8.46,26.51,2.5104,1788.0,1866.0,1782.75,1859.59,76.84,14.248,ok,"TVD converted from deviation survey; porosity from density-porosity equation (rho_ma=2.65, rho_fl=1.0)"
EVD-01,137010.92,441262.98,1828.3,1822.47,7.96,26.63,2.5187,1788.0,1866.0,1782.75,1859.59,76.84,14.248,ok,"TVD converted from deviation survey; porosity from density-porosity equation (rho_ma=2.65, rho_fl=1.0)"
EVD-01,137010.92,441262.97,1828.2,1822.37,7.66,26.51,2.5237,1788.0,1866.0,1782.75,1859.59,76.84,14.248,ok,"TVD converted from deviation survey; porosity from density-porosity equation (rho_ma=2.65, rho_fl=1.0)"
EVD-01,137010.92,441262.95,1828.1,1822.27,7.77,25.96,2.5218,1788.0,1866.0,1782.75,1859.59,76.84,14.248,ok,"TVD converted from deviation survey; porosity from density-porosity equation (rho_ma=2.65, rho_fl=1.0)"
EVD-01,137010.92,441262.93,1828.0,1822.17,8.45,25.1,2.5105,1788.0,1866.0,1782.75,1859.59,76.84,14.248,ok,"TVD converted from deviation survey; porosity from density-porosity equation (rho_ma=2.65, rho_fl=1.0)"
EVD-01,137010.91,441262.92,1827.9,1822.07,9.59,24.23,2.4918,1788.0,1866.0,1782.75,1859.59,76.84,14.248,ok,"TVD converted from deviation survey; porosity from density-porosity equation (rho_ma=2.65, rho_fl=1.0)"
EVD-01,137010.91,441262.9,1827.8,1821.97,10.74,23.55,2.4727,1788.0,1866.0,1782.75,1859.59,76.84,14.248,ok,"TVD converted from deviation survey; porosity from density-porosity equation (rho_ma=2.65, rho_fl=1.0)"
EVD-01,137010.91,441262.88,1827.7,1821.88,11.62,23.16,2.4582,1788.0,1866.0,1782.75,1859.59,76.84,14.248,ok,"TVD converted from deviation survey; porosity from density-porosity equation (rho_ma=2.65, rho_fl=1.0)"
EVD-01,137010.91,441262.86,1827.6,1821.78,12.15,23.09,2.4495,1788.0,1866.0,1782.75,1859.59,76.84,14.248,ok,"TVD converted from deviation survey; porosity from density-porosity equation (rho_ma=2.65, rho_fl=1.0)"
EVD-01,137010.9,441262.85,1827.5,1821.68,12.42,23.37,2.445,1788.0,1866.0,1782.75,1859.59,76.84,14.248,ok,"TVD converted from deviation survey; porosity from density-porosity equation (rho_ma=2.65, rho_fl=1.0)"
EVD-01,137010.9,441262.83,1827.4,1821.58,12.54,23.94,2.4431,1788.0,1866.0,1782.75,1859.59,76.84,14.248,ok,"TVD converted from deviation survey; porosity from density-porosity equation (rho_ma=2.65, rho_fl=1.0)"
EVD-01,137010.9,441262.81,1827.3,1821.48,12.6,24.89,2.4422,1788.0,1866.0,1782.75,1859.59,76.84,14.248,ok,"TVD converted from deviation survey; porosity from density-porosity equation (rho_ma=2.65, rho_fl=1.0)"
EVD-01,137010.9,441262.8,1827.2,1821.38,12.61,26.21,2.4419,1788.0,1866.0,1782.75,1859.59,76.84,14.248,ok,"TVD converted from deviation survey; porosity from density-porosity equation (rho_ma=2.65, rho_fl=1.0)"
EVD-01,137010.89,441262.78,1827.1,1821.29,12.41,27.73,2.4452,1788.0,1866.0,1782.75,1859.59,76.84,14.248,ok,"TVD converted from deviation survey; porosity from density-porosity equation (rho_ma=2.65, rho_fl=1.0)"
EVD-01,137010.89,441262.76,1827.0,1821.19,11.76,29.37,2.4559,1788.0,1866.0,1782.75,1859.59,76.84,14.248,ok,"TVD converted from deviation survey; porosity from density-porosity equation (rho_ma=2.65, rho_fl=1.0)"
EVD-01,137010.89,441262.74,1826.9,1821.09,10.61,30.99,2.475,1788.0,1866.0,1782.75,1859.59,76.84,14.248,ok,"TVD converted from deviation survey; porosity from density-porosity equation (rho_ma=2.65, rho_fl=1.0)"
EVD-01,137010.89,441262.73,1826.8,1820.99,9.2,32.43,2.4982,1788.0,1866.0,1782.75,1859.59,76.84,14.248,ok,"TVD converted from deviation survey; porosity from density-porosity equation (rho_ma=2.65, rho_fl=1.0)"
EVD-01,137010.88,441262.71,1826.7,1820.89,7.92,33.58,2.5192,1788.0,1866.0,1782.75,1859.59,76.84,14.248,ok,"TVD converted from deviation survey; porosity from density-porosity equation (rho_ma=2.65, rho_fl=1.0)"
EVD-01,137010.88,441262.69,1826.6,1820.79,6.93,34.48,2.5357,1788.0,1866.0,1782.75,1859.59,76.84,14.248,ok,"TVD converted from deviation survey; porosity from density-porosity equation (rho_ma=2.65, rho_fl=1.0)"
EVD-01,137010.88,441262.68,1826.5,1820.69,6.24,35.24,2.547,1788.0,1866.0,1782.75,1859.59,76.84,14.248,ok,"TVD converted from deviation survey; porosity from density-porosity equation (rho_ma=2.65, rho_fl=1.0)"
EVD-01,137010.88,441262.66,1826.4,1820.6,5.87,35.81,2.5532,1788.0,1866.0,1782.75,1859.59,76.84,14.248,ok,"TVD converted from deviation survey; porosity from density-porosity equation (rho_ma=2.65, rho_fl=1.0)"
EVD-01,137010.87,441262.64,1826.3,1820.5,5.61,36.15,2.5574,1788.0,1866.0,1782.75,1859.59,76.84,14.248,ok,"TVD converted from deviation survey; porosity from density-porosity equation (rho_ma=2.65, rho_fl=1.0)"
EVD-01,137010.87,441262.62,1826.2,1820.4,5.28,36.28,2.5629,1788.0,1866.0,1782.75,1859.59,76.84,14.248,ok,"TVD converted from deviation survey; porosity from density-porosity equation (rho_ma=2.65, rho_fl=1.0)"
EVD-01,137010.87,441262.61,1826.1,1820.3,4.85,36.03,2.5701,1788.0,1866.0,1782.75,1859.59,76.84,14.248,ok,"TVD converted from deviation survey; porosity from density-porosity equation (rho_ma=2.65, rho_fl=1.0)"
EVD-01,137010.87,441262.59,1826.0,1820.2,4.39,35.51,2.5775,1788.0,1866.0,1782.75,1859.59,76.84,14.248,ok,"TVD converted from deviation survey; porosity from density-porosity equation (rho_ma=2.65, rho_fl=1.0)"
EVD-01,137010.86,441262.57,1825.9,1820.1,4.13,34.83,2.5819,1788.0,1866.0,1782.75,1859.59,76.84,14.248,ok,"TVD converted from deviation survey; porosity from density-porosity equation (rho_ma=2.65, rho_fl=1.0)"
EVD-01,137010.86,441262.56,1825.8,1820.01,4.27,33.83,2.5796,1788.0,1866.0,1782.75,1859.59,76.84,14.248,ok,"TVD converted from deviation survey; porosity from density-porosity equation (rho_ma=2.65, rho_fl=1.0)"
EVD-01,137010.86,441262.54,1825.7,1819.91,4.63,32.67,2.5736,1788.0,1866.0,1782.75,1859.59,76.84,14.248,ok,"TVD converted from deviation survey; porosity from density-porosity equation (rho_ma=2.65, rho_fl=1.0)"
EVD-01,137010.86,441262.52,1825.6,1819.81,4.91,31.49,2.569,1788.0,1866.0,1782.75,1859.59,76.84,14.248,ok,"TVD converted from deviation survey; porosity from density-porosity equation (rho_ma=2.65, rho_fl=1.0)"
EVD-01,137010.85,441262.5,1825.5,1819.71,4.98,30.13,2.5679,1788.0,1866.0,1782.75,1859.59,76.84,14.248,ok,"TVD converted from deviation survey; porosity from density-porosity equation (rho_ma=2.65, rho_fl=1.0)"
EVD-01,137010.85,441262.49,1825.4,1819.61,4.91,28.81,2.569,1788.0,1866.0,1782.75,1859.59,76.84,14.248,ok,"TVD converted from deviation survey; porosity from density-porosity equation (rho_ma=2.65, rho_fl=1.0)"
EVD-01,137010.85,441262.47,1825.3,1819.51,4.89,27.71,2.5693,1788.0,1866.0,1782.75,1859.59,76.84,14.248,ok,"TVD converted from deviation survey; porosity from density-porosity equation (rho_ma=2.65, rho_fl=1.0)"
EVD-01,137010.85,441262.45,1825.2,1819.41,5.01,27.01,2.5673,1788.0,1866.0,1782.75,1859.59,76.84,14.248,ok,"TVD converted from deviation survey; porosity from density-porosity equation (rho_ma=2.65, rho_fl=1.0)"
EVD-01,137010.84,441262.43,1825.1,1819.32,5.14,26.62,2.5651,1788.0,1866.0,1782.75,1859.59,76.84,14.248,ok,"TVD converted from deviation survey; porosity from density-porosity equation (rho_ma=2.65, rho_fl=1.0)"
EVD-01,137010.84,441262.42,1825.0,1819.22,5.15,26.49,2.565,1788.0,1866.0,1782.75,1859.59,76.84,14.248,ok,"TVD converted from deviation survey; porosity from density-porosity equation (rho_ma=2.65, rho_fl=1.0)"
EVD-01,137010.84,441262.4,1824.9,1819.12,5.18,26.76,2.5645,1788.0,1866.0,1782.75,1859.59,76.84,14.248,ok,"TVD converted from deviation survey; porosity from density-porosity equation (rho_ma=2.65, rho_fl=1.0)"
EVD-01,137010.84,441262.38,1824.8,1819.02,5.11,27.34,2.5657,1788.0,1866.0,1782.75,1859.59,76.84,14.248,ok,"TVD converted from deviation survey; porosity from density-porosity equation (rho_ma=2.65, rho_fl=1.0)"
EVD-01,137010.84,441262.37,1824.7,1818.92,4.76,28.1,2.5715,1788.0,1866.0,1782.75,1859.59,76.84,14.248,ok,"TVD converted from deviation survey; porosity from density-porosity equation (rho_ma=2.65, rho_fl=1.0)"
EVD-01,137010.83,441262.35,1824.6,1818.82,4.36,29.05,2.578,1788.0,1866.0,1782.75,1859.59,76.84,14.249,ok,"TVD converted from deviation survey; porosity from density-porosity equation (rho_ma=2.65, rho_fl=1.0)"
EVD-01,137010.83,441262.33,1824.5,1818.73,4.14,30.05,2.5817,1788.0,1866.0,1782.75,1859.59,76.84,14.249,ok,"TVD converted from deviation survey; porosity from density-porosity equation (rho_ma=2.65, rho_fl=1.0)"
EVD-01,137010.83,441262.31,1824.4,1818.63,4.07,30.96,2.5828,1788.0,1866.0,1782.75,1859.59,76.84,14.249,ok,"TVD converted from deviation survey; porosity from density-porosity equation (rho_ma=2.65, rho_fl=1.0)"
EVD-01,137010.83,441262.3,1824.3,1818.53,4.07,31.82,2.5829,1788.0,1866.0,1782.75,1859.59,76.84,14.249,ok,"TVD converted from deviation survey; porosity from density-porosity equation (rho_ma=2.65, rho_fl=1.0)"
EVD-01,137010.82,441262.28,1824.2,1818.43,4.06,32.66,2.583,1788.0,1866.0,1782.75,1859.59,76.84,14.249,ok,"TVD converted from deviation survey; porosity from density-porosity equation (rho_ma=2.65, rho_fl=1.0)"
EVD-01,137010.82,441262.26,1824.1,1818.33,4.05,33.43,2.5832,1788.0,1866.0,1782.75,1859.59,76.84,14.249,ok,"TVD converted from deviation survey; porosity from density-porosity equation (rho_ma=2.65, rho_fl=1.0)"
EVD-01,137010.82,441262.25,1824.0,1818.23,4.03,33.85,2.5835,1788.0,1866.0,1782.75,1859.59,76.84,14.249,ok,"TVD converted from deviation survey; porosity from density-porosity equation (rho_ma=2.65, rho_fl=1.0)"
EVD-01,137010.82,441262.23,1823.9,1818.13,4.0,34.01,2.584,1788.0,1866.0,1782.75,1859.59,76.84,14.249,ok,"TVD converted from deviation survey; porosity from density-porosity equation (rho_ma=2.65, rho_fl=1.0)"
EVD-01,137010.81,441262.21,1823.8,1818.04,3.93,34.2,2.5852,1788.0,1866.0,1782.75,1859.59,76.84,14.249,ok,"TVD converted from deviation survey; porosity from density-porosity equation (rho_ma=2.65, rho_fl=1.0)"
EVD-01,137010.81,441262.19,1823.7,1817.94,3.76,34.51,2.588,1788.0,1866.0,1782.75,1859.59,76.84,14.249,ok,"TVD converted from deviation survey; porosity from density-porosity equation (rho_ma=2.65, rho_fl=1.0)"
EVD-01,137010.81,441262.18,1823.6,1817.84,3.49,34.92,2.5924,1788.0,1866.0,1782.75,1859.59,76.84,14.249,ok,"TVD converted from deviation survey; porosity from density-porosity equation (rho_ma=2.65, rho_fl=1.0)"
EVD-01,137010.81,441262.16,1823.5,1817.74,3.23,35.49,2.5966,1788.0,1866.0,1782.75,1859.59,76.84,14.249,ok,"TVD converted from deviation survey; porosity from density-porosity equation (rho_ma=2.65, rho_fl=1.0)"
EVD-01,137010.8,441262.14,1823.4,1817.64,3.18,35.81,2.5975,1788.0,1866.0,1782.75,1859.59,76.84,14.249,ok,"TVD converted from deviation survey; porosity from density-porosity equation (rho_ma=2.65, rho_fl=1.0)"
EVD-01,137010.8,441262.13,1823.3,1817.54,3.53,35.61,2.5918,1788.0,1866.0,1782.75,1859.59,76.84,14.249,ok,"TVD converted from deviation survey; porosity from density-porosity equation (rho_ma=2.65, rho_fl=1.0)"
EVD-01,137010.8,441262.11,1823.2,1817.45,4.3,34.75,2.5791,1788.0,1866.0,1782.75,1859.59,76.84,14.249,ok,"TVD converted from deviation survey; porosity from density-porosity equation (rho_ma=2.65, rho_fl=1.0)"
EVD-01,137010.8,441262.09,1823.1,1817.35,5.35,33.43,2.5617,1788.0,1866.0,1782.75,1859.59,76.84,14.249,ok,"TVD converted from deviation survey; porosity from density-porosity equation (rho_ma=2.65, rho_fl=1.0)"
EVD-01,137010.79,441262.07,1823.0,1817.25,6.5,32.03,2.5427,1788.0,1866.0,1782.75,1859.59,76.84,14.249,ok,"TVD converted from deviation survey; porosity from density-porosity equation (rho_ma=2.65, rho_fl=1.0)"
EVD-01,137010.79,441262.06,1822.9,1817.15,7.63,30.67,2.524,1788.0,1866.0,1782.75,1859.59,76.84,14.249,ok,"TVD converted from deviation survey; porosity from density-porosity equation (rho_ma=2.65, rho_fl=1.0)"
EVD-01,137010.79,441262.04,1822.8,1817.05,8.64,29.15,2.5074,1788.0,1866.0,1782.75,1859.59,76.84,14.249,ok,"TVD converted from deviation survey; porosity from density-porosity equation (rho_ma=2.65, rho_fl=1.0)"
EVD-01,137010.79,441262.02,1822.7,1816.95,9.54,27.33,2.4925,1788.0,1866.0,1782.75,1859.59,76.84,14.249,ok,"TVD converted from deviation survey; porosity from density-porosity equation (rho_ma=2.65, rho_fl=1.0)"
EVD-01,137010.78,441262.0,1822.6,1816.85,10.41,25.65,2.4783,1788.0,1866.0,1782.75,1859.59,76.84,14.249,ok,"TVD converted from deviation survey; porosity from density-porosity equation (rho_ma=2.65, rho_fl=1.0)"
EVD-01,137010.78,441261.99,1822.5,1816.76,11.0,24.44,2.4685,1788.0,1866.0,1782.75,1859.59,76.84,14.249,ok,"TVD converted from deviation survey; porosity from density-porosity equation (rho_ma=2.65, rho_fl=1.0)"
EVD-01,137010.78,441261.97,1822.4,1816.66,11.02,23.58,2.4681,1788.0,1866.0,1782.75,1859.59,76.84,14.249,ok,"TVD converted from deviation survey; porosity from density-porosity equation (rho_ma=2.65, rho_fl=1.0)"
EVD-01,137010.78,441261.95,1822.3,1816.56,10.73,22.92,2.473,1788.0,1866.0,1782.75,1859.59,76.84,14.249,ok,"TVD converted from deviation survey; porosity from density-porosity equation (rho_ma=2.65, rho_fl=1.0)"
EVD-01,137010.77,441261.94,1822.2,1816.46,10.7,22.39,2.4735,1788.0,1866.0,1782.75,1859.59,76.84,14.249,ok,"TVD converted from deviation survey; porosity from density-porosity equation (rho_ma=2.65, rho_fl=1.0)"
EVD-01,137010.77,441261.92,1822.1,1816.36,11.2,21.96,2.4652,1788.0,1866.0,1782.75,1859.59,76.84,14.249,ok,"TVD converted from deviation survey; porosity from density-porosity equation (rho_ma=2.65, rho_fl=1.0)"
EVD-01,137010.77,441261.9,1822.0,1816.26,11.93,21.62,2.4531,1788.0,1866.0,1782.75,1859.59,76.84,14.249,ok,"TVD converted from deviation survey; porosity from density-porosity equation (rho_ma=2.65, rho_fl=1.0)"
EVD-01,137010.77,441261.88,1821.9,1816.17,12.58,21.39,2.4424,1788.0,1866.0,1782.75,1859.59,76.84,14.249,ok,"TVD converted from deviation survey; porosity from density-porosity equation (rho_ma=2.65, rho_fl=1.0)"
EVD-01,137010.76,441261.87,1821.8,1816.07,13.23,21.29,2.4316,1788.0,1866.0,1782.75,1859.59,76.84,14.249,ok,"TVD converted from deviation survey; porosity from density-porosity equation (rho_ma=2.65, rho_fl=1.0)"
EVD-01,137010.76,441261.85,1821.7,1815.97,13.77,21.37,2.4228,1788.0,1866.0,1782.75,1859.59,76.84,14.249,ok,"TVD converted from deviation survey; porosity from density-porosity equation (rho_ma=2.65, rho_fl=1.0)"
EVD-01,137010.76,441261.83,1821.6,1815.87,14.07,21.62,2.4178,1788.0,1866.0,1782.75,1859.59,76.84,14.249,ok,"TVD converted from deviation survey; porosity from density-porosity equation (rho_ma=2.65, rho_fl=1.0)"
EVD-01,137010.76,441261.82,1821.5,1815.77,14.17,21.97,2.4161,1788.0,1866.0,1782.75,1859.59,76.84,14.249,ok,"TVD converted from deviation survey; porosity from density-porosity equation (rho_ma=2.65, rho_fl=1.0)"
EVD-01,137010.75,441261.8,1821.4,1815.67,14.11,22.34,2.4172,1788.0,1866.0,1782.75,1859.59,76.84,14.249,ok,"TVD converted from deviation survey; porosity from density-porosity equation (rho_ma=2.65, rho_fl=1.0)"
EVD-01,137010.75,441261.78,1821.3,1815.57,13.95,22.61,2.4199,1788.0,1866.0,1782.75,1859.59,76.84,14.249,ok,"TVD converted from deviation survey; porosity from density-porosity equation (rho_ma=2.65, rho_fl=1.0)"
EVD-01,137010.75,441261.76,1821.2,1815.48,13.75,22.76,2.4231,1788.0,1866.0,1782.75,1859.59,76.84,14.249,ok,"TVD converted from deviation survey; porosity from density-porosity equation (rho_ma=2.65, rho_fl=1.0)"
EVD-01,137010.75,441261.75,1821.1,1815.38,13.49,22.73,2.4275,1788.0,1866.0,1782.75,1859.59,76.84,14.249,ok,"TVD converted from deviation survey; porosity from density-porosity equation (rho_ma=2.65, rho_fl=1.0)"
EVD-01,137010.74,441261.73,1821.0,1815.28,13.17,22.55,2.4327,1788.0,1866.0,1782.75,1859.59,76.84,14.249,ok,"TVD converted from deviation survey; porosity from density-porosity equation (rho_ma=2.65, rho_fl=1.0)"
EVD-01,137010.74,441261.71,1820.9,1815.18,12.96,22.37,2.4362,1788.0,1866.0,1782.75,1859.59,76.84,14.249,ok,"TVD converted from deviation survey; porosity from density-porosity equation (rho_ma=2.65, rho_fl=1.0)"
EVD-01,137010.74,441261.7,1820.8,1815.08,12.89,22.32,2.4372,1788.0,1866.0,1782.75,1859.59,76.84,14.249,ok,"TVD converted from deviation survey; porosity from density-porosity equation (rho_ma=2.65, rho_fl=1.0)"
EVD-01,137010.74,441261.68,1820.7,1814.98,12.86,22.54,2.4378,1788.0,1866.0,1782.75,1859.59,76.84,14.249,ok,"TVD converted from deviation survey; porosity from density-porosity equation (rho_ma=2.65, rho_fl=1.0)"
EVD-01,137010.73,441261.66,1820.6,1814.89,12.77,22.88,2.4392,1788.0,1866.0,1782.75,1859.59,76.84,14.249,ok,"TVD converted from deviation survey; porosity from density-porosity equation (rho_ma=2.65, rho_fl=1.0)"
EVD-01,137010.73,441261.64,1820.5,1814.79,12.59,23.25,2.4422,1788.0,1866.0,1782.75,1859.59,76.84,14.249,ok,"TVD converted from deviation survey; porosity from density-porosity equation (rho_ma=2.65, rho_fl=1.0)"
EVD-01,137010.73,441261.63,1820.4,1814.69,12.32,23.48,2.4468,1788.0,1866.0,1782.75,1859.59,76.84,14.249,ok,"TVD converted from deviation survey; porosity from density-porosity equation (rho_ma=2.65, rho_fl=1.0)"
EVD-01,137010.73,441261.61,1820.3,1814.59,12.01,23.42,2.4519,1788.0,1866.0,1782.75,1859.59,76.84,14.249,ok,"TVD converted from deviation survey; porosity from density-porosity equation (rho_ma=2.65, rho_fl=1.0)"
EVD-01,137010.72,441261.59,1820.2,1814.49,11.72,22.98,2.4566,1788.0,1866.0,1782.75,1859.59,76.84,14.249,ok,"TVD converted from deviation survey; porosity from density-porosity equation (rho_ma=2.65, rho_fl=1.0)"
EVD-01,137010.72,441261.58,1820.1,1814.39,11.46,22.35,2.461,1788.0,1866.0,1782.75,1859.59,76.84,14.249,ok,"TVD converted from deviation survey; porosity from density-porosity equation (rho_ma=2.65, rho_fl=1.0)"
EVD-01,137010.72,441261.56,1820.0,1814.29,11.18,21.87,2.4655,1788.0,1866.0,1782.75,1859.59,76.84,14.249,ok,"TVD converted from deviation survey; porosity from density-porosity equation (rho_ma=2.65, rho_fl=1.0)"
EVD-01,137010.72,441261.54,1819.9,1814.2,10.87,21.71,2.4707,1788.0,1866.0,1782.75,1859.59,76.84,14.249,ok,"TVD converted from deviation survey; porosity from density-porosity equation (rho_ma=2.65, rho_fl=1.0)"
EVD-01,137010.72,441261.52,1819.8,1814.1,10.6,21.72,2.475,1788.0,1866.0,1782.75,1859.59,76.84,14.249,ok,"TVD converted from deviation survey; porosity from density-porosity equation (rho_ma=2.65, rho_fl=1.0)"
EVD-01,137010.71,441261.51,1819.7,1814.0,10.5,21.76,2.4768,1788.0,1866.0,1782.75,1859.59,76.84,14.249,ok,"TVD converted from deviation survey; porosity from density-porosity equation (rho_ma=2.65, rho_fl=1.0)"
EVD-01,137010.71,441261.49,1819.6,1813.9,10.53,21.69,2.4763,1788.0,1866.0,1782.75,1859.59,76.84,14.249,ok,"TVD converted from deviation survey; porosity from density-porosity equation (rho_ma=2.65, rho_fl=1.0)"
EVD-01,137010.71,441261.47,1819.5,1813.8,10.59,21.46,2.4753,1788.0,1866.0,1782.75,1859.59,76.84,14.249,ok,"TVD converted from deviation survey; porosity from density-porosity equation (rho_ma=2.65, rho_fl=1.0)"
EVD-01,137010.71,441261.45,1819.4,1813.7,10.76,21.09,2.4724,1788.0,1866.0,1782.75,1859.59,76.84,14.249,ok,"TVD converted from deviation survey; porosity from density-porosity equation (rho_ma=2.65, rho_fl=1.0)"
EVD-01,137010.7,441261.44,1819.3,1813.6,11.09,20.7,2.4669,1788.0,1866.0,1782.75,1859.59,76.84,14.249,ok,"TVD converted from deviation survey; porosity from density-porosity equation (rho_ma=2.65, rho_fl=1.0)"
EVD-01,137010.7,441261.42,1819.2,1813.51,11.49,20.59,2.4605,1788.0,1866.0,1782.75,1859.59,76.84,14.249,ok,"TVD converted from deviation survey; porosity from density-porosity equation (rho_ma=2.65, rho_fl=1.0)"
EVD-01,137010.7,441261.4,1819.1,1813.41,11.86,20.98,2.4543,1788.0,1866.0,1782.75,1859.59,76.84,14.249,ok,"TVD converted from deviation survey; porosity from density-porosity equation (rho_ma=2.65, rho_fl=1.0)"
EVD-01,137010.7,441261.39,1819.0,1813.31,12.16,21.71,2.4493,1788.0,1866.0,1782.75,1859.59,76.84,14.249,ok,"TVD converted from deviation survey; porosity from density-porosity equation (rho_ma=2.65, rho_fl=1.0)"
EVD-01,137010.69,441261.37,1818.9,1813.21,12.33,22.13,2.4465,1788.0,1866.0,1782.75,1859.59,76.84,14.249,ok,"TVD converted from deviation survey; porosity from density-porosity equation (rho_ma=2.65, rho_fl=1.0)"
EVD-01,137010.69,441261.35,1818.8,1813.11,12.32,22.1,2.4467,1788.0,1866.0,1782.75,1859.59,76.84,14.25,ok,"TVD converted from deviation survey; porosity from density-porosity equation (rho_ma=2.65, rho_fl=1.0)"
EVD-01,137010.69,441261.33,1818.7,1813.01,12.19,21.7,2.4488,1788.0,1866.0,1782.75,1859.59,76.84,14.25,ok,"TVD converted from deviation survey; porosity from density-porosity equation (rho_ma=2.65, rho_fl=1.0)"
EVD-01,137010.69,441261.32,1818.6,1812.92,12.06,21.33,2.4511,1788.0,1866.0,1782.75,1859.59,76.84,14.25,ok,"TVD converted from deviation survey; porosity from density-porosity equation (rho_ma=2.65, rho_fl=1.0)"
EVD-01,137010.68,441261.3,1818.5,1812.82,11.79,21.08,2.4555,1788.0,1866.0,1782.75,1859.59,76.84,14.25,ok,"TVD converted from deviation survey; porosity from density-porosity equation (rho_ma=2.65, rho_fl=1.0)"
EVD-01,137010.68,441261.28,1818.4,1812.72,11.48,21.01,2.4607,1788.0,1866.0,1782.75,1859.59,76.84,14.25,ok,"TVD converted from deviation survey; porosity from density-porosity equation (rho_ma=2.65, rho_fl=1.0)"
EVD-01,137010.68,441261.27,1818.3,1812.62,11.47,21.12,2.4607,1788.0,1866.0,1782.75,1859.59,76.84,14.25,ok,"TVD converted from deviation survey; porosity from density-porosity equation (rho_ma=2.65, rho_fl=1.0)"
EVD-01,137010.68,441261.25,1818.2,1812.52,11.66,21.54,2.4577,1788.0,1866.0,1782.75,1859.59,76.84,14.25,ok,"TVD converted from deviation survey; porosity from density-porosity equation (rho_ma=2.65, rho_fl=1.0)"
EVD-01,137010.67,441261.23,1818.1,1812.42,11.71,22.23,2.4568,1788.0,1866.0,1782.75,1859.59,76.84,14.25,ok,"TVD converted from deviation survey; porosity from density-porosity equation (rho_ma=2.65, rho_fl=1.0)"
EVD-01,137010.67,441261.21,1818.0,1812.32,11.56,23.03,2.4592,1788.0,1866.0,1782.75,1859.59,76.84,14.25,ok,"TVD converted from deviation survey; porosity from density-porosity equation (rho_ma=2.65, rho_fl=1.0)"
EVD-01,137010.67,441261.2,1817.9,1812.23,11.18,23.78,2.4655,1788.0,1866.0,1782.75,1859.59,76.84,14.25,ok,"TVD converted from deviation survey; porosity from density-porosity equation (rho_ma=2.65, rho_fl=1.0)"
EVD-01,137010.67,441261.18,1817.8,1812.13,10.7,24.28,2.4734,1788.0,1866.0,1782.75,1859.59,76.84,14.25,ok,"TVD converted from deviation survey; porosity from density-porosity equation (rho_ma=2.65, rho_fl=1.0)"
EVD-01,137010.66,441261.16,1817.7,1812.03,10.4,24.39,2.4785,1788.0,1866.0,1782.75,1859.59,76.84,14.25,ok,"TVD converted from deviation survey; porosity from density-porosity equation (rho_ma=2.65, rho_fl=1.0)"
EVD-01,137010.66,441261.15,1817.6,1811.93,10.27,24.2,2.4805,1788.0,1866.0,1782.75,1859.59,76.84,14.25,ok,"TVD converted from deviation survey; porosity from density-porosity equation (rho_ma=2.65, rho_fl=1.0)"
EVD-01,137010.66,441261.13,1817.5,1811.83,10.17,24.0,2.4822,1788.0,1866.0,1782.75,1859.59,76.84,14.25,ok,"TVD converted from deviation survey; porosity from density-porosity equation (rho_ma=2.65, rho_fl=1.0)"
EVD-01,137010.66,441261.11,1817.4,1811.73,10.04,23.88,2.4843,1788.0,1866.0,1782.75,1859.59,76.84,14.25,ok,"TVD converted from deviation survey; porosity from density-porosity equation (rho_ma=2.65, rho_fl=1.0)"
EVD-01,137010.65,441261.09,1817.3,1811.64,9.94,23.79,2.486,1788.0,1866.0,1782.75,1859.59,76.84,14.25,ok,"TVD converted from deviation survey; porosity from density-porosity equation (rho_ma=2.65, rho_fl=1.0)"
EVD-01,137010.65,441261.08,1817.2,1811.54,9.98,23.66,2.4853,1788.0,1866.0,1782.75,1859.59,76.84,14.25,ok,"TVD converted from deviation survey; porosity from density-porosity equation (rho_ma=2.65, rho_fl=1.0)"
EVD-01,137010.65,441261.06,1817.1,1811.44,10.16,23.49,2.4824,1788.0,1866.0,1782.75,1859.59,76.84,14.25,ok,"TVD converted from deviation survey; porosity from density-porosity equation (rho_ma=2.65, rho_fl=1.0)"
EVD-01,137010.65,441261.04,1817.0,1811.34,10.31,23.28,2.4799,1788.0,1866.0,1782.75,1859.59,76.84,14.25,ok,"TVD converted from deviation survey; porosity from density-porosity equation (rho_ma=2.65, rho_fl=1.0)"
EVD-01,137010.64,441261.03,1816.9,1811.24,10.36,23.06,2.4791,1788.0,1866.0,1782.75,1859.59,76.84,14.25,ok,"TVD converted from deviation survey; porosity from density-porosity equation (rho_ma=2.65, rho_fl=1.0)"
EVD-01,137010.64,441261.01,1816.8,1811.14,10.41,22.83,2.4783,1788.0,1866.0,1782.75,1859.59,76.84,14.25,ok,"TVD converted from deviation survey; porosity from density-porosity equation (rho_ma=2.65, rho_fl=1.0)"
EVD-01,137010.64,441260.99,1816.7,1811.04,10.49,22.61,2.477,1788.0,1866.0,1782.75,1859.59,76.84,14.25,ok,"TVD converted from deviation survey; porosity from density-porosity equation (rho_ma=2.65, rho_fl=1.0)"
EVD-01,137010.64,441260.97,1816.6,1810.95,10.51,22.42,2.4765,1788.0,1866.0,1782.75,1859.59,76.84,14.25,ok,"TVD converted from deviation survey; porosity from density-porosity equation (rho_ma=2.65, rho_fl=1.0)"
EVD-01,137010.63,441260.96,1816.5,1810.85,10.42,22.27,2.4781,1788.0,1866.0,1782.75,1859.59,76.84,14.25,ok,"TVD converted from deviation survey; porosity from density-porosity equation (rho_ma=2.65, rho_fl=1.0)"
EVD-01,137010.63,441260.94,1816.4,1810.75,10.3,22.2,2.4801,1788.0,1866.0,1782.75,1859.59,76.84,14.25,ok,"TVD converted from deviation survey; porosity from density-porosity equation (rho_ma=2.65, rho_fl=1.0)"
EVD-01,137010.63,441260.92,1816.3,1810.65,10.28,22.23,2.4804,1788.0,1866.0,1782.75,1859.59,76.84,14.25,ok,"TVD converted from deviation survey; porosity from density-porosity equation (rho_ma=2.65, rho_fl=1.0)"
EVD-01,137010.63,441260.9,1816.2,1810.55,10.41,22.42,2.4782,1788.0,1866.0,1782.75,1859.59,76.84,14.25,ok,"TVD converted from deviation survey; porosity from density-porosity equation (rho_ma=2.65, rho_fl=1.0)"
EVD-01,137010.62,441260.89,1816.1,1810.45,10.6,22.81,2.4752,1788.0,1866.0,1782.75,1859.59,76.84,14.25,ok,"TVD converted from deviation survey; porosity from density-porosity equation (rho_ma=2.65, rho_fl=1.0)"
EVD-01,137010.62,441260.87,1816.0,1810.36,10.65,23.35,2.4743,1788.0,1866.0,1782.75,1859.59,76.84,14.25,ok,"TVD converted from deviation survey; porosity from density-porosity equation (rho_ma=2.65, rho_fl=1.0)"
EVD-01,137010.62,441260.85,1815.9,1810.26,10.41,24.04,2.4782,1788.0,1866.0,1782.75,1859.59,76.84,14.25,ok,"TVD converted from deviation survey; porosity from density-porosity equation (rho_ma=2.65, rho_fl=1.0)"
EVD-01,137010.62,441260.84,1815.8,1810.16,10.02,24.84,2.4847,1788.0,1866.0,1782.75,1859.59,76.84,14.25,ok,"TVD converted from deviation survey; porosity from density-porosity equation (rho_ma=2.65, rho_fl=1.0)"
EVD-01,137010.61,441260.82,1815.7,1810.06,9.65,25.73,2.4907,1788.0,1866.0,1782.75,1859.59,76.84,14.25,ok,"TVD converted from deviation survey; porosity from density-porosity equation (rho_ma=2.65, rho_fl=1.0)"
EVD-01,137010.61,441260.8,1815.6,1809.96,9.3,26.73,2.4965,1788.0,1866.0,1782.75,1859.59,76.84,14.25,ok,"TVD converted from deviation survey; porosity from density-porosity equation (rho_ma=2.65, rho_fl=1.0)"
EVD-01,137010.61,441260.78,1815.5,1809.86,9.01,27.54,2.5013,1788.0,1866.0,1782.75,1859.59,76.84,14.25,ok,"TVD converted from deviation survey; porosity from density-porosity equation (rho_ma=2.65, rho_fl=1.0)"
EVD-01,137010.61,441260.77,1815.4,1809.76,8.94,27.97,2.5024,1788.0,1866.0,1782.75,1859.59,76.84,14.25,ok,"TVD converted from deviation survey; porosity from density-porosity equation (rho_ma=2.65, rho_fl=1.0)"
EVD-01,137010.6,441260.75,1815.3,1809.67,9.23,27.8,2.4977,1788.0,1866.0,1782.75,1859.59,76.84,14.25,ok,"TVD converted from deviation survey; porosity from density-porosity equation (rho_ma=2.65, rho_fl=1.0)"
EVD-01,137010.6,441260.73,1815.2,1809.57,9.81,27.23,2.4882,1788.0,1866.0,1782.75,1859.59,76.84,14.25,ok,"TVD converted from deviation survey; porosity from density-porosity equation (rho_ma=2.65, rho_fl=1.0)"
EVD-01,137010.6,441260.72,1815.1,1809.47,10.52,26.44,2.4764,1788.0,1866.0,1782.75,1859.59,76.84,14.25,ok,"TVD converted from deviation survey; porosity from density-porosity equation (rho_ma=2.65, rho_fl=1.0)"
EVD-01,137010.6,441260.7,1815.0,1809.37,11.33,25.58,2.463,1788.0,1866.0,1782.75,1859.59,76.84,14.25,ok,"TVD converted from deviation survey; porosity from density-porosity equation (rho_ma=2.65, rho_fl=1.0)"
EVD-01,137010.6,441260.68,1814.9,1809.27,11.96,24.76,2.4526,1788.0,1866.0,1782.75,1859.59,76.84,14.25,ok,"TVD converted from deviation survey; porosity from density-porosity equation (rho_ma=2.65, rho_fl=1.0)"
EVD-01,137010.59,441260.66,1814.8,1809.17,12.17,24.0,2.4492,1788.0,1866.0,1782.75,1859.59,76.84,14.25,ok,"TVD converted from deviation survey; porosity from density-porosity equation (rho_ma=2.65, rho_fl=1.0)"
EVD-01,137010.59,441260.65,1814.7,1809.08,12.24,23.29,2.448,1788.0,1866.0,1782.75,1859.59,76.84,14.25,ok,"TVD converted from deviation survey; porosity from density-porosity equation (rho_ma=2.65, rho_fl=1.0)"
EVD-01,137010.59,441260.63,1814.6,1808.98,12.31,22.61,2.4469,1788.0,1866.0,1782.75,1859.59,76.84,14.25,ok,"TVD converted from deviation survey; porosity from density-porosity equation (rho_ma=2.65, rho_fl=1.0)"
EVD-01,137010.59,441260.61,1814.5,1808.88,12.24,21.93,2.448,1788.0,1866.0,1782.75,1859.59,76.84,14.25,ok,"TVD converted from deviation survey; porosity from density-porosity equation (rho_ma=2.65, rho_fl=1.0)"
EVD-01,137010.58,441260.6,1814.4,1808.78,12.05,21.44,2.4512,1788.0,1866.0,1782.75,1859.59,76.84,14.25,ok,"TVD converted from deviation survey; porosity from density-porosity equation (rho_ma=2.65, rho_fl=1.0)"
EVD-01,137010.58,441260.58,1814.3,1808.68,11.81,21.23,2.4551,1788.0,1866.0,1782.75,1859.59,76.84,14.25,ok,"TVD converted from deviation survey; porosity from density-porosity equation (rho_ma=2.65, rho_fl=1.0)"
EVD-01,137010.58,441260.56,1814.2,1808.58,11.65,21.51,2.4578,1788.0,1866.0,1782.75,1859.59,76.84,14.25,ok,"TVD converted from deviation survey; porosity from density-porosity equation (rho_ma=2.65, rho_fl=1.0)"
EVD-01,137010.58,441260.54,1814.1,1808.48,11.61,22.53,2.4584,1788.0,1866.0,1782.75,1859.59,76.84,14.25,ok,"TVD converted from deviation survey; porosity from density-porosity equation (rho_ma=2.65, rho_fl=1.0)"
EVD-01,137010.57,441260.53,1814.0,1808.39,11.64,23.95,2.458,1788.0,1866.0,1782.75,1859.59,76.84,14.25,ok,"TVD converted from deviation survey; porosity from density-porosity equation (rho_ma=2.65, rho_fl=1.0)"
EVD-01,137010.57,441260.51,1813.9,1808.29,11.61,24.96,2.4584,1788.0,1866.0,1782.75,1859.59,76.84,14.25,ok,"TVD converted from deviation survey; porosity from density-porosity equation (rho_ma=2.65, rho_fl=1.0)"
EVD-01,137010.57,441260.49,1813.8,1808.19,11.53,25.57,2.4598,1788.0,1866.0,1782.75,1859.59,76.84,14.25,ok,"TVD converted from deviation survey; porosity from density-porosity equation (rho_ma=2.65, rho_fl=1.0)"
EVD-01,137010.57,441260.48,1813.7,1808.09,11.4,25.99,2.462,1788.0,1866.0,1782.75,1859.59,76.84,14.25,ok,"TVD converted from deviation survey; porosity from density-porosity equation (rho_ma=2.65, rho_fl=1.0)"
EVD-01,137010.56,441260.46,1813.6,1807.99,11.17,26.26,2.4656,1788.0,1866.0,1782.75,1859.59,76.84,14.25,ok,"TVD converted from deviation survey; porosity from density-porosity equation (rho_ma=2.65, rho_fl=1.0)"
EVD-01,137010.56,441260.44,1813.5,1807.89,10.7,26.39,2.4734,1788.0,1866.0,1782.75,1859.59,76.84,14.25,ok,"TVD converted from deviation survey; porosity from density-porosity equation (rho_ma=2.65, rho_fl=1.0)"
EVD-01,137010.56,441260.42,1813.4,1807.8,9.95,26.45,2.4858,1788.0,1866.0,1782.75,1859.59,76.84,14.25,ok,"TVD converted from deviation survey; porosity from density-porosity equation (rho_ma=2.65, rho_fl=1.0)"
EVD-01,137010.56,441260.41,1813.3,1807.7,9.21,26.48,2.498,1788.0,1866.0,1782.75,1859.59,76.84,14.25,ok,"TVD converted from deviation survey; porosity from density-porosity equation (rho_ma=2.65, rho_fl=1.0)"
EVD-01,137010.55,441260.39,1813.2,1807.6,8.6,26.5,2.5081,1788.0,1866.0,1782.75,1859.59,76.84,14.25,ok,"TVD converted from deviation survey; porosity from density-porosity equation (rho_ma=2.65, rho_fl=1.0)"
EVD-01,137010.55,441260.37,1813.1,1807.5,8.17,26.5,2.5152,1788.0,1866.0,1782.75,1859.59,76.84,14.25,ok,"TVD converted from deviation survey; porosity from density-porosity equation (rho_ma=2.65, rho_fl=1.0)"
EVD-01,137010.55,441260.35,1813.0,1807.4,7.98,26.44,2.5184,1788.0,1866.0,1782.75,1859.59,76.84,14.25,ok,"TVD converted from deviation survey; porosity from density-porosity equation (rho_ma=2.65, rho_fl=1.0)"
EVD-01,137010.55,441260.34,1812.9,1807.3,7.92,26.36,2.5193,1788.0,1866.0,1782.75,1859.59,76.84,14.251,ok,"TVD converted from deviation survey; porosity from density-porosity equation (rho_ma=2.65, rho_fl=1.0)"
EVD-01,137010.54,441260.32,1812.8,1807.2,7.86,26.27,2.5203,1788.0,1866.0,1782.75,1859.59,76.84,14.251,ok,"TVD converted from deviation survey; porosity from density-porosity equation (rho_ma=2.65, rho_fl=1.0)"
EVD-01,137010.54,441260.3,1812.7,1807.11,7.76,26.16,2.522,1788.0,1866.0,1782.75,1859.59,76.84,14.251,ok,"TVD converted from deviation survey; porosity from density-porosity equation (rho_ma=2.65, rho_fl=1.0)"
EVD-01,137010.54,441260.29,1812.6,1807.01,7.71,25.99,2.5229,1788.0,1866.0,1782.75,1859.59,76.84,14.251,ok,"TVD converted from deviation survey; porosity from density-porosity equation (rho_ma=2.65, rho_fl=1.0)"
EVD-01,137010.54,441260.27,1812.5,1806.91,7.7,25.8,2.523,1788.0,1866.0,1782.75,1859.59,76.84,14.251,ok,"TVD converted from deviation survey; porosity from density-porosity equation (rho_ma=2.65, rho_fl=1.0)"
EVD-01,137010.53,441260.25,1812.4,1806.81,7.51,25.62,2.5261,1788.0,1866.0,1782.75,1859.59,76.84,14.251,ok,"TVD converted from deviation survey; porosity from density-porosity equation (rho_ma=2.65, rho_fl=1.0)"
EVD-01,137010.53,441260.23,1812.3,1806.71,7.01,25.49,2.5344,1788.0,1866.0,1782.75,1859.59,76.84,14.251,ok,"TVD converted from deviation survey; porosity from density-porosity equation (rho_ma=2.65, rho_fl=1.0)"
EVD-01,137010.53,441260.22,1812.2,1806.61,6.36,25.41,2.545,1788.0,1866.0,1782.75,1859.59,76.84,14.251,ok,"TVD converted from deviation survey; porosity from density-porosity equation (rho_ma=2.65, rho_fl=1.0)"
EVD-01,137010.53,441260.2,1812.1,1806.52,5.92,25.61,2.5523,1788.0,1866.0,1782.75,1859.59,76.84,14.251,ok,"TVD converted from deviation survey; porosity from density-porosity equation (rho_ma=2.65, rho_fl=1.0)"
EVD-01,137010.52,441260.18,1812.0,1806.42,5.84,25.89,2.5536,1788.0,1866.0,1782.75,1859.59,76.84,14.251,ok,"TVD converted from deviation survey; porosity from density-porosity equation (rho_ma=2.65, rho_fl=1.0)"
EVD-01,137010.52,441260.17,1811.9,1806.32,6.05,25.8,2.5501,1788.0,1866.0,1782.75,1859.59,76.84,14.251,ok,"TVD converted from deviation survey; porosity from density-porosity equation (rho_ma=2.65, rho_fl=1.0)"
EVD-01,137010.52,441260.15,1811.8,1806.22,6.51,26.19,2.5425,1788.0,1866.0,1782.75,1859.59,76.84,14.251,ok,"TVD converted from deviation survey; porosity from density-porosity equation (rho_ma=2.65, rho_fl=1.0)"
EVD-01,137010.52,441260.13,1811.7,1806.12,7.17,27.41,2.5317,1788.0,1866.0,1782.75,1859.59,76.84,14.251,ok,"TVD converted from deviation survey; porosity from density-porosity equation (rho_ma=2.65, rho_fl=1.0)"
EVD-01,137010.51,441260.11,1811.6,1806.02,7.92,28.56,2.5194,1788.0,1866.0,1782.75,1859.59,76.84,14.251,ok,"TVD converted from deviation survey; porosity from density-porosity equation (rho_ma=2.65, rho_fl=1.0)"
EVD-01,137010.51,441260.1,1811.5,1805.92,8.7,29.1,2.5065,1788.0,1866.0,1782.75,1859.59,76.84,14.251,ok,"TVD converted from deviation survey; porosity from density-porosity equation (rho_ma=2.65, rho_fl=1.0)"
EVD-01,137010.51,441260.08,1811.4,1805.83,9.42,28.9,2.4946,1788.0,1866.0,1782.75,1859.59,76.84,14.251,ok,"TVD converted from deviation survey; porosity from density-porosity equation (rho_ma=2.65, rho_fl=1.0)"
EVD-01,137010.51,441260.06,1811.3,1805.73,9.95,28.38,2.4859,1788.0,1866.0,1782.75,1859.59,76.84,14.251,ok,"TVD converted from deviation survey; porosity from density-porosity equation (rho_ma=2.65, rho_fl=1.0)"
EVD-01,137010.5,441260.05,1811.2,1805.63,10.16,27.72,2.4824,1788.0,1866.0,1782.75,1859.59,76.84,14.251,ok,"TVD converted from deviation survey; porosity from density-porosity equation (rho_ma=2.65, rho_fl=1.0)"
EVD-01,137010.5,441260.03,1811.1,1805.53,9.98,27.12,2.4853,1788.0,1866.0,1782.75,1859.59,76.84,14.251,ok,"TVD converted from deviation survey; porosity from density-porosity equation (rho_ma=2.65, rho_fl=1.0)"
EVD-01,137010.5,441260.01,1811.0,1805.43,9.46,26.57,2.4939,1788.0,1866.0,1782.75,1859.59,76.84,14.251,ok,"TVD converted from deviation survey; porosity from density-porosity equation (rho_ma=2.65, rho_fl=1.0)"
EVD-01,137010.5,441259.99,1810.9,1805.33,8.8,26.14,2.5047,1788.0,1866.0,1782.75,1859.59,76.84,14.251,ok,"TVD converted from deviation survey; porosity from density-porosity equation (rho_ma=2.65, rho_fl=1.0)"
EVD-01,137010.49,441259.98,1810.8,1805.23,8.21,25.86,2.5146,1788.0,1866.0,1782.75,1859.59,76.84,14.251,ok,"TVD converted from deviation survey; porosity from density-porosity equation (rho_ma=2.65, rho_fl=1.0)"
EVD-01,137010.49,441259.96,1810.7,1805.14,7.78,25.67,2.5216,1788.0,1866.0,1782.75,1859.59,76.84,14.251,ok,"TVD converted from deviation survey; porosity from density-porosity equation (rho_ma=2.65, rho_fl=1.0)"
EVD-01,137010.49,441259.94,1810.6,1805.04,7.54,25.55,2.5255,1788.0,1866.0,1782.75,1859.59,76.84,14.251,ok,"TVD converted from deviation survey; porosity from density-porosity equation (rho_ma=2.65, rho_fl=1.0)"
EVD-01,137010.49,441259.92,1810.5,1804.94,7.5,25.48,2.5263,1788.0,1866.0,1782.75,1859.59,76.84,14.251,ok,"TVD converted from deviation survey; porosity from density-porosity equation (rho_ma=2.65, rho_fl=1.0)"
EVD-01,137010.48,441259.91,1810.4,1804.84,7.68,25.47,2.5233,1788.0,1866.0,1782.75,1859.59,76.84,14.251,ok,"TVD converted from deviation survey; porosity from density-porosity equation (rho_ma=2.65, rho_fl=1.0)"
EVD-01,137010.48,441259.89,1810.3,1804.74,7.97,25.58,2.5184,1788.0,1866.0,1782.75,1859.59,76.84,14.251,ok,"TVD converted from deviation survey; porosity from density-porosity equation (rho_ma=2.65, rho_fl=1.0)"
EVD-01,137010.48,441259.87,1810.2,1804.64,8.24,25.78,2.5141,1788.0,1866.0,1782.75,1859.59,76.84,14.251,ok,"TVD converted from deviation survey; porosity from density-porosity equation (rho_ma=2.65, rho_fl=1.0)"
EVD-01,137010.48,441259.86,1810.1,1804.55,8.47,26.08,2.5102,1788.0,1866.0,1782.75,1859.59,76.84,14.251,ok,"TVD converted from deviation survey; porosity from density-porosity equation (rho_ma=2.65, rho_fl=1.0)"
EVD-01,137010.48,441259.84,1810.0,1804.45,8.67,26.45,2.5069,1788.0,1866.0,1782.75,1859.59,76.84,14.251,ok,"TVD converted from deviation survey; porosity from density-porosity equation (rho_ma=2.65, rho_fl=1.0)"
EVD-01,137010.47,441259.82,1809.9,1804.35,8.75,26.84,2.5056,1788.0,1866.0,1782.75,1859.59,76.84,14.251,ok,"TVD converted from deviation survey; porosity from density-porosity equation (rho_ma=2.65, rho_fl=1.0)"
EVD-01,137010.47,441259.8,1809.8,1804.25,8.69,27.21,2.5067,1788.0,1866.0,1782.75,1859.59,76.84,14.251,ok,"TVD converted from deviation survey; porosity from density-porosity equation (rho_ma=2.65, rho_fl=1.0)"
EVD-01,137010.47,441259.79,1809.7,1804.15,8.47,27.51,2.5102,1788.0,1866.0,1782.75,1859.59,76.84,14.251,ok,"TVD converted from deviation survey; porosity from density-porosity equation (rho_ma=2.65, rho_fl=1.0)"
EVD-01,137010.47,441259.77,1809.6,1804.05,8.16,27.73,2.5154,1788.0,1866.0,1782.75,1859.59,76.84,14.251,ok,"TVD converted from deviation survey; porosity from density-porosity equation (rho_ma=2.65, rho_fl=1.0)"
EVD-01,137010.46,441259.75,1809.5,1803.95,7.94,27.89,2.519,1788.0,1866.0,1782.75,1859.59,76.84,14.251,ok,"TVD converted from deviation survey; porosity from density-porosity equation (rho_ma=2.65, rho_fl=1.0)"
EVD-01,137010.46,441259.74,1809.4,1803.86,7.86,28.02,2.5204,1788.0,1866.0,1782.75,1859.59,76.84,14.251,ok,"TVD converted from deviation survey; porosity from density-porosity equation (rho_ma=2.65, rho_fl=1.0)"
EVD-01,137010.46,441259.72,1809.3,1803.76,7.66,28.12,2.5237,1788.0,1866.0,1782.75,1859.59,76.84,14.251,ok,"TVD converted from deviation survey; porosity from density-porosity equation (rho_ma=2.65, rho_fl=1.0)"
EVD-01,137010.46,441259.7,1809.2,1803.66,7.19,28.26,2.5313,1788.0,1866.0,1782.75,1859.59,76.84,14.251,ok,"TVD converted from deviation survey; porosity from density-porosity equation (rho_ma=2.65, rho_fl=1.0)"
EVD-01,137010.45,441259.68,1809.1,1803.56,6.62,28.48,2.5409,1788.0,1866.0,1782.75,1859.59,76.84,14.251,ok,"TVD converted from deviation survey; porosity from density-porosity equation (rho_ma=2.65, rho_fl=1.0)"
EVD-01,137010.45,441259.67,1809.0,1803.46,6.3,28.76,2.5461,1788.0,1866.0,1782.75,1859.59,76.84,14.251,ok,"TVD converted from deviation survey; porosity from density-porosity equation (rho_ma=2.65, rho_fl=1.0)"
EVD-01,137010.45,441259.65,1808.9,1803.36,6.33,29.09,2.5456,1788.0,1866.0,1782.75,1859.59,76.84,14.251,ok,"TVD converted from deviation survey; porosity from density-porosity equation (rho_ma=2.65, rho_fl=1.0)"
EVD-01,137010.45,441259.63,1808.8,1803.27,6.42,29.44,2.5442,1788.0,1866.0,1782.75,1859.59,76.84,14.251,ok,"TVD converted from deviation survey; porosity from density-porosity equation (rho_ma=2.65, rho_fl=1.0)"
EVD-01,137010.44,441259.62,1808.7,1803.17,6.26,29.75,2.5467,1788.0,1866.0,1782.75,1859.59,76.84,14.251,ok,"TVD converted from deviation survey; porosity from density-porosity equation (rho_ma=2.65, rho_fl=1.0)"
EVD-01,137010.44,441259.6,1808.6,1803.07,5.88,30.05,2.5529,1788.0,1866.0,1782.75,1859.59,76.84,14.251,ok,"TVD converted from deviation survey; porosity from density-porosity equation (rho_ma=2.65, rho_fl=1.0)"
EVD-01,137010.44,441259.58,1808.5,1802.97,5.54,30.35,2.5585,1788.0,1866.0,1782.75,1859.59,76.84,14.251,ok,"TVD converted from deviation survey; porosity from density-porosity equation (rho_ma=2.65, rho_fl=1.0)"
EVD-01,137010.44,441259.56,1808.4,1802.87,5.4,30.52,2.5608,1788.0,1866.0,1782.75,1859.59,76.84,14.251,ok,"TVD converted from deviation survey; porosity from density-porosity equation (rho_ma=2.65, rho_fl=1.0)"
EVD-01,137010.43,441259.55,1808.3,1802.77,5.55,30.28,2.5584,1788.0,1866.0,1782.75,1859.59,76.84,14.251,ok,"TVD converted from deviation survey; porosity from density-porosity equation (rho_ma=2.65, rho_fl=1.0)"
EVD-01,137010.43,441259.53,1808.2,1802.67,5.95,29.57,2.5518,1788.0,1866.0,1782.75,1859.59,76.84,14.251,ok,"TVD converted from deviation survey; porosity from density-porosity equation (rho_ma=2.65, rho_fl=1.0)"
EVD-01,137010.43,441259.51,1808.1,1802.58,6.5,28.73,2.5427,1788.0,1866.0,1782.75,1859.59,76.84,14.251,ok,"TVD converted from deviation survey; porosity from density-porosity equation (rho_ma=2.65, rho_fl=1.0)"
EVD-01,137010.43,441259.5,1808.0,1802.48,6.99,27.85,2.5347,1788.0,1866.0,1782.75,1859.59,76.84,14.251,ok,"TVD converted from deviation survey; porosity from density-porosity equation (rho_ma=2.65, rho_fl=1.0)"
EVD-01,137010.42,441259.48,1807.9,1802.38,7.2,26.99,2.5312,1788.0,1866.0,1782.75,1859.59,76.84,14.251,ok,"TVD converted from deviation survey; porosity from density-porosity equation (rho_ma=2.65, rho_fl=1.0)"
EVD-01,137010.42,441259.46,1807.8,1802.28,7.07,26.19,2.5334,1788.0,1866.0,1782.75,1859.59,76.84,14.251,ok,"TVD converted from deviation survey; porosity from density-porosity equation (rho_ma=2.65, rho_fl=1.0)"
EVD-01,137010.42,441259.44,1807.7,1802.18,6.84,25.51,2.5372,1788.0,1866.0,1782.75,1859.59,76.84,14.251,ok,"TVD converted from deviation survey; porosity from density-porosity equation (rho_ma=2.65, rho_fl=1.0)"
EVD-01,137010.42,441259.43,1807.6,1802.08,6.85,24.99,2.537,1788.0,1866.0,1782.75,1859.59,76.84,14.251,ok,"TVD converted from deviation survey; porosity from density-porosity equation (rho_ma=2.65, rho_fl=1.0)"
EVD-01,137010.41,441259.41,1807.5,1801.99,7.22,24.61,2.5308,1788.0,1866.0,1782.75,1859.59,76.84,14.251,ok,"TVD converted from deviation survey; porosity from density-porosity equation (rho_ma=2.65, rho_fl=1.0)"
EVD-01,137010.41,441259.39,1807.4,1801.89,7.78,24.32,2.5216,1788.0,1866.0,1782.75,1859.59,76.84,14.251,ok,"TVD converted from deviation survey; porosity from density-porosity equation (rho_ma=2.65, rho_fl=1.0)"
EVD-01,137010.41,441259.37,1807.3,1801.79,8.22,24.05,2.5144,1788.0,1866.0,1782.75,1859.59,76.84,14.251,ok,"TVD converted from deviation survey; porosity from density-porosity equation (rho_ma=2.65, rho_fl=1.0)"
EVD-01,137010.41,441259.36,1807.2,1801.69,8.34,23.8,2.5123,1788.0,1866.0,1782.75,1859.59,76.84,14.251,ok,"TVD converted from deviation survey; porosity from density-porosity equation (rho_ma=2.65, rho_fl=1.0)"
EVD-01,137010.4,441259.34,1807.1,1801.59,8.16,23.59,2.5153,1788.0,1866.0,1782.75,1859.59,76.84,14.252,ok,"TVD converted from deviation survey; porosity from density-porosity equation (rho_ma=2.65, rho_fl=1.0)"
EVD-01,137010.4,441259.32,1807.0,1801.49,7.83,23.42,2.5208,1788.0,1866.0,1782.75,1859.59,76.84,14.252,ok,"TVD converted from deviation survey; porosity from density-porosity equation (rho_ma=2.65, rho_fl=1.0)"
EVD-01,137010.4,441259.31,1806.9,1801.39,7.58,23.29,2.525,1788.0,1866.0,1782.75,1859.59,76.84,14.252,ok,"TVD converted from deviation survey; porosity from density-porosity equation (rho_ma=2.65, rho_fl=1.0)"
EVD-01,137010.4,441259.29,1806.8,1801.3,7.62,23.2,2.5243,1788.0,1866.0,1782.75,1859.59,76.84,14.252,ok,"TVD converted from deviation survey; porosity from density-porosity equation (rho_ma=2.65, rho_fl=1.0)"
EVD-01,137010.39,441259.27,1806.7,1801.2,7.96,23.13,2.5186,1788.0,1866.0,1782.75,1859.59,76.84,14.252,ok,"TVD converted from deviation survey; porosity from density-porosity equation (rho_ma=2.65, rho_fl=1.0)"
EVD-01,137010.39,441259.25,1806.6,1801.1,8.33,23.11,2.5126,1788.0,1866.0,1782.75,1859.59,76.84,14.252,ok,"TVD converted from deviation survey; porosity from density-porosity equation (rho_ma=2.65, rho_fl=1.0)"
EVD-01,137010.39,441259.24,1806.5,1801.0,8.57,23.18,2.5086,1788.0,1866.0,1782.75,1859.59,76.84,14.252,ok,"TVD converted from deviation survey; porosity from density-porosity equation (rho_ma=2.65, rho_fl=1.0)"
EVD-01,137010.39,441259.22,1806.4,1800.9,8.65,23.38,2.5073,1788.0,1866.0,1782.75,1859.59,76.84,14.252,ok,"TVD converted from deviation survey; porosity from density-porosity equation (rho_ma=2.65, rho_fl=1.0)"
EVD-01,137010.38,441259.2,1806.3,1800.8,8.39,23.69,2.5116,1788.0,1866.0,1782.75,1859.59,76.84,14.252,ok,"TVD converted from deviation survey; porosity from density-porosity equation (rho_ma=2.65, rho_fl=1.0)"
EVD-01,137010.38,441259.19,1806.2,1800.71,7.8,24.1,2.5213,1788.0,1866.0,1782.75,1859.59,76.84,14.252,ok,"TVD converted from deviation survey; porosity from density-porosity equation (rho_ma=2.65, rho_fl=1.0)"
EVD-01,137010.38,441259.17,1806.1,1800.61,7.08,24.6,2.5331,1788.0,1866.0,1782.75,1859.59,76.84,14.252,ok,"TVD converted from deviation survey; porosity from density-porosity equation (rho_ma=2.65, rho_fl=1.0)"
EVD-01,137010.38,441259.15,1806.0,1800.51,6.43,25.19,2.5439,1788.0,1866.0,1782.75,1859.59,76.84,14.252,ok,"TVD converted from deviation survey; porosity from density-porosity equation (rho_ma=2.65, rho_fl=1.0)"
EVD-01,137010.37,441259.13,1805.9,1800.41,6.01,25.87,2.5508,1788.0,1866.0,1782.75,1859.59,76.84,14.252,ok,"TVD converted from deviation survey; porosity from density-porosity equation (rho_ma=2.65, rho_fl=1.0)"
EVD-01,137010.37,441259.12,1805.8,1800.31,5.98,26.65,2.5514,1788.0,1866.0,1782.75,1859.59,76.84,14.252,ok,"TVD converted from deviation survey; porosity from density-porosity equation (rho_ma=2.65, rho_fl=1.0)"
EVD-01,137010.37,441259.1,1805.7,1800.21,6.28,27.54,2.5464,1788.0,1866.0,1782.75,1859.59,76.84,14.252,ok,"TVD converted from deviation survey; porosity from density-porosity equation (rho_ma=2.65, rho_fl=1.0)"
EVD-01,137010.37,441259.08,1805.6,1800.11,6.81,28.32,2.5376,1788.0,1866.0,1782.75,1859.59,76.84,14.252,ok,"TVD converted from deviation survey; porosity from density-porosity equation (rho_ma=2.65, rho_fl=1.0)"
EVD-01,137010.36,441259.07,1805.5,1800.02,7.37,28.73,2.5284,1788.0,1866.0,1782.75,1859.59,76.84,14.252,ok,"TVD converted from deviation survey; porosity from density-porosity equation (rho_ma=2.65, rho_fl=1.0)"
EVD-01,137010.36,441259.05,1805.4,1799.92,7.7,28.55,2.523,1788.0,1866.0,1782.75,1859.59,76.84,14.252,ok,"TVD converted from deviation survey; porosity from density-porosity equation (rho_ma=2.65, rho_fl=1.0)"
EVD-01,137010.36,441259.03,1805.3,1799.82,7.87,28.02,2.5202,1788.0,1866.0,1782.75,1859.59,76.84,14.252,ok,"TVD converted from deviation survey; porosity from density-porosity equation (rho_ma=2.65, rho_fl=1.0)"
EVD-01,137010.36,441259.01,1805.2,1799.72,8.1,27.48,2.5164,1788.0,1866.0,1782.75,1859.59,76.84,14.252,ok,"TVD converted from deviation survey; porosity from density-porosity equation (rho_ma=2.65, rho_fl=1.0)"
EVD-01,137010.35,441259.0,1805.1,1799.62,8.21,27.12,2.5145,1788.0,1866.0,1782.75,1859.59,76.84,14.252,ok,"TVD converted from deviation survey; porosity from density-porosity equation (rho_ma=2.65, rho_fl=1.0)"
EVD-01,137010.35,441258.98,1805.0,1799.52,8.11,26.96,2.5161,1788.0,1866.0,1782.75,1859.59,76.84,14.252,ok,"TVD converted from deviation survey; porosity from density-porosity equation (rho_ma=2.65, rho_fl=1.0)"
EVD-01,137010.35,441258.96,1804.9,1799.43,7.95,26.97,2.5188,1788.0,1866.0,1782.75,1859.59,76.84,14.252,ok,"TVD converted from deviation survey; porosity from density-porosity equation (rho_ma=2.65, rho_fl=1.0)"
EVD-01,137010.35,441258.95,1804.8,1799.33,7.84,27.08,2.5206,1788.0,1866.0,1782.75,1859.59,76.84,14.252,ok,"TVD converted from deviation survey; porosity from density-porosity equation (rho_ma=2.65, rho_fl=1.0)"
EVD-01,137010.35,441258.93,1804.7,1799.23,7.84,27.18,2.5206,1788.0,1866.0,1782.75,1859.59,76.84,14.252,ok,"TVD converted from deviation survey; porosity from density-porosity equation (rho_ma=2.65, rho_fl=1.0)"
EVD-01,137010.34,441258.91,1804.6,1799.13,7.98,27.13,2.5184,1788.0,1866.0,1782.75,1859.59,76.84,14.252,ok,"TVD converted from deviation survey; porosity from density-porosity equation (rho_ma=2.65, rho_fl=1.0)"
EVD-01,137010.34,441258.89,1804.5,1799.03,8.28,26.88,2.5134,1788.0,1866.0,1782.75,1859.59,76.84,14.252,ok,"TVD converted from deviation survey; porosity from density-porosity equation (rho_ma=2.65, rho_fl=1.0)"
EVD-01,137010.34,441258.88,1804.4,1798.93,8.66,26.52,2.5071,1788.0,1866.0,1782.75,1859.59,76.84,14.252,ok,"TVD converted from deviation survey; porosity from density-porosity equation (rho_ma=2.65, rho_fl=1.0)"
EVD-01,137010.34,441258.86,1804.3,1798.83,8.93,26.08,2.5026,1788.0,1866.0,1782.75,1859.59,76.84,14.252,ok,"TVD converted from deviation survey; porosity from density-porosity equation (rho_ma=2.65, rho_fl=1.0)"
EVD-01,137010.33,441258.84,1804.2,1798.74,8.95,25.58,2.5024,1788.0,1866.0,1782.75,1859.59,76.84,14.252,ok,"TVD converted from deviation survey; porosity from density-porosity equation (rho_ma=2.65, rho_fl=1.0)"
EVD-01,137010.33,441258.82,1804.1,1798.64,8.68,25.05,2.5067,1788.0,1866.0,1782.75,1859.59,76.84,14.252,ok,"TVD converted from deviation survey; porosity from density-porosity equation (rho_ma=2.65, rho_fl=1.0)"
EVD-01,137010.33,441258.81,1804.0,1798.54,8.29,24.61,2.5132,1788.0,1866.0,1782.75,1859.59,76.84,14.252,ok,"TVD converted from deviation survey; porosity from density-porosity equation (rho_ma=2.65, rho_fl=1.0)"
EVD-01,137010.33,441258.79,1803.9,1798.44,7.83,24.29,2.5208,1788.0,1866.0,1782.75,1859.59,76.84,14.252,ok,"TVD converted from deviation survey; porosity from density-porosity equation (rho_ma=2.65, rho_fl=1.0)"
EVD-01,137010.32,441258.77,1803.8,1798.34,7.39,24.06,2.5281,1788.0,1866.0,1782.75,1859.59,76.84,14.252,ok,"TVD converted from deviation survey; porosity from density-porosity equation (rho_ma=2.65, rho_fl=1.0)"
EVD-01,137010.32,441258.76,1803.7,1798.24,7.16,23.97,2.5318,1788.0,1866.0,1782.75,1859.59,76.84,14.252,ok,"TVD converted from deviation survey; porosity from density-porosity equation (rho_ma=2.65, rho_fl=1.0)"
EVD-01,137010.32,441258.74,1803.6,1798.15,7.22,23.96,2.5309,1788.0,1866.0,1782.75,1859.59,76.84,14.252,ok,"TVD converted from deviation survey; porosity from density-porosity equation (rho_ma=2.65, rho_fl=1.0)"
EVD-01,137010.32,441258.72,1803.5,1798.05,7.46,23.96,2.5269,1788.0,1866.0,1782.75,1859.59,76.84,14.252,ok,"TVD converted from deviation survey; porosity from density-porosity equation (rho_ma=2.65, rho_fl=1.0)"
EVD-01,137010.31,441258.7,1803.4,1797.95,7.75,23.92,2.522,1788.0,1866.0,1782.75,1859.59,76.84,14.252,ok,"TVD converted from deviation survey; porosity from density-porosity equation (rho_ma=2.65, rho_fl=1.0)"
EVD-01,137010.31,441258.69,1803.3,1797.85,7.98,23.79,2.5183,1788.0,1866.0,1782.75,1859.59,76.84,14.252,ok,"TVD converted from deviation survey; porosity from density-porosity equation (rho_ma=2.65, rho_fl=1.0)"
EVD-01,137010.31,441258.67,1803.2,1797.75,8.15,23.53,2.5155,1788.0,1866.0,1782.75,1859.59,76.84,14.252,ok,"TVD converted from deviation survey; porosity from density-porosity equation (rho_ma=2.65, rho_fl=1.0)"
EVD-01,137010.31,441258.65,1803.1,1797.65,8.33,23.27,2.5126,1788.0,1866.0,1782.75,1859.59,76.84,14.252,ok,"TVD converted from deviation survey; porosity from density-porosity equation (rho_ma=2.65, rho_fl=1.0)"
EVD-01,137010.3,441258.64,1803.0,1797.55,8.38,23.09,2.5117,1788.0,1866.0,1782.75,1859.59,76.84,14.252,ok,"TVD converted from deviation survey; porosity from density-porosity equation (rho_ma=2.65, rho_fl=1.0)"
EVD-01,137010.3,441258.62,1802.9,1797.46,8.04,23.0,2.5173,1788.0,1866.0,1782.75,1859.59,76.84,14.252,ok,"TVD converted from deviation survey; porosity from density-porosity equation (rho_ma=2.65, rho_fl=1.0)"
EVD-01,137010.3,441258.6,1802.8,1797.36,7.32,23.19,2.5292,1788.0,1866.0,1782.75,1859.59,76.84,14.252,ok,"TVD converted from deviation survey; porosity from density-porosity equation (rho_ma=2.65, rho_fl=1.0)"
EVD-01,137010.3,441258.58,1802.7,1797.26,6.55,23.69,2.5419,1788.0,1866.0,1782.75,1859.59,76.84,14.252,ok,"TVD converted from deviation survey; porosity from density-porosity equation (rho_ma=2.65, rho_fl=1.0)"
EVD-01,137010.29,441258.57,1802.6,1797.16,6.12,24.48,2.5491,1788.0,1866.0,1782.75,1859.59,76.84,14.252,ok,"TVD converted from deviation survey; porosity from density-porosity equation (rho_ma=2.65, rho_fl=1.0)"
EVD-01,137010.29,441258.55,1802.5,1797.06,5.98,25.43,2.5514,1788.0,1866.0,1782.75,1859.59,76.84,14.252,ok,"TVD converted from deviation survey; porosity from density-porosity equation (rho_ma=2.65, rho_fl=1.0)"
EVD-01,137010.29,441258.53,1802.4,1796.96,5.92,26.33,2.5524,1788.0,1866.0,1782.75,1859.59,76.84,14.252,ok,"TVD converted from deviation survey; porosity from density-porosity equation (rho_ma=2.65, rho_fl=1.0)"
EVD-01,137010.29,441258.52,1802.3,1796.87,5.9,26.97,2.5527,1788.0,1866.0,1782.75,1859.59,76.84,14.252,ok,"TVD converted from deviation survey; porosity from density-porosity equation (rho_ma=2.65, rho_fl=1.0)"
EVD-01,137010.28,441258.5,1802.2,1796.77,6.02,27.18,2.5507,1788.0,1866.0,1782.75,1859.59,76.84,14.252,ok,"TVD converted from deviation survey; porosity from density-porosity equation (rho_ma=2.65, rho_fl=1.0)"
EVD-01,137010.28,441258.48,1802.1,1796.67,6.35,27.05,2.5452,1788.0,1866.0,1782.75,1859.59,76.84,14.252,ok,"TVD converted from deviation survey; porosity from density-porosity equation (rho_ma=2.65, rho_fl=1.0)"
EVD-01,137010.28,441258.46,1802.0,1796.57,6.72,26.78,2.5391,1788.0,1866.0,1782.75,1859.59,76.84,14.252,ok,"TVD converted from deviation survey; porosity from density-porosity equation (rho_ma=2.65, rho_fl=1.0)"
EVD-01,137010.28,441258.45,1801.9,1796.47,6.85,26.42,2.537,1788.0,1866.0,1782.75,1859.59,76.84,14.252,ok,"TVD converted from deviation survey; porosity from density-porosity equation (rho_ma=2.65, rho_fl=1.0)"
EVD-01,137010.27,441258.43,1801.8,1796.37,6.76,26.05,2.5385,1788.0,1866.0,1782.75,1859.59,76.84,14.252,ok,"TVD converted from deviation survey; porosity from density-porosity equation (rho_ma=2.65, rho_fl=1.0)"
EVD-01,137010.27,441258.41,1801.7,1796.27,6.8,25.72,2.5378,1788.0,1866.0,1782.75,1859.59,76.84,14.252,ok,"TVD converted from deviation survey; porosity from density-porosity equation (rho_ma=2.65, rho_fl=1.0)"
EVD-01,137010.27,441258.4,1801.6,1796.18,7.06,25.48,2.5335,1788.0,1866.0,1782.75,1859.59,76.84,14.252,ok,"TVD converted from deviation survey; porosity from density-porosity equation (rho_ma=2.65, rho_fl=1.0)"
EVD-01,137010.27,441258.38,1801.5,1796.08,7.49,25.33,2.5265,1788.0,1866.0,1782.75,1859.59,76.84,14.252,ok,"TVD converted from deviation survey; porosity from density-porosity equation (rho_ma=2.65, rho_fl=1.0)"
EVD-01,137010.26,441258.36,1801.4,1795.98,8.02,25.28,2.5177,1788.0,1866.0,1782.75,1859.59,76.84,14.252,ok,"TVD converted from deviation survey; porosity from density-porosity equation (rho_ma=2.65, rho_fl=1.0)"
EVD-01,137010.26,441258.34,1801.3,1795.88,8.43,25.35,2.5109,1788.0,1866.0,1782.75,1859.59,76.84,14.253,ok,"TVD converted from deviation survey; porosity from density-porosity equation (rho_ma=2.65, rho_fl=1.0)"
EVD-01,137010.26,441258.33,1801.2,1795.78,8.48,25.51,2.5101,1788.0,1866.0,1782.75,1859.59,76.84,14.253,ok,"TVD converted from deviation survey; porosity from density-porosity equation (rho_ma=2.65, rho_fl=1.0)"
EVD-01,137010.26,441258.31,1801.1,1795.68,8.15,25.81,2.5155,1788.0,1866.0,1782.75,1859.59,76.84,14.253,ok,"TVD converted from deviation survey; porosity from density-porosity equation (rho_ma=2.65, rho_fl=1.0)"
EVD-01,137010.25,441258.29,1801.0,1795.58,7.64,26.28,2.524,1788.0,1866.0,1782.75,1859.59,76.84,14.253,ok,"TVD converted from deviation survey; porosity from density-porosity equation (rho_ma=2.65, rho_fl=1.0)"
EVD-01,137010.25,441258.27,1800.9,1795.49,7.05,26.9,2.5336,1788.0,1866.0,1782.75,1859.59,76.84,14.253,ok,"TVD converted from deviation survey; porosity from density-porosity equation (rho_ma=2.65, rho_fl=1.0)"
EVD-01,137010.25,441258.26,1800.8,1795.39,6.38,27.73,2.5448,1788.0,1866.0,1782.75,1859.59,76.84,14.253,ok,"TVD converted from deviation survey; porosity from density-porosity equation (rho_ma=2.65, rho_fl=1.0)"
EVD-01,137010.25,441258.24,1800.7,1795.29,5.79,28.66,2.5544,1788.0,1866.0,1782.75,1859.59,76.84,14.253,ok,"TVD converted from deviation survey; porosity from density-porosity equation (rho_ma=2.65, rho_fl=1.0)"
EVD-01,137010.24,441258.22,1800.6,1795.19,5.65,29.36,2.5568,1788.0,1866.0,1782.75,1859.59,76.84,14.253,ok,"TVD converted from deviation survey; porosity from density-porosity equation (rho_ma=2.65, rho_fl=1.0)"
EVD-01,137010.24,441258.21,1800.5,1795.09,5.96,29.58,2.5517,1788.0,1866.0,1782.75,1859.59,76.84,14.253,ok,"TVD converted from deviation survey; porosity from density-porosity equation (rho_ma=2.65, rho_fl=1.0)"
EVD-01,137010.24,441258.19,1800.4,1794.99,6.48,29.17,2.5431,1788.0,1866.0,1782.75,1859.59,76.84,14.253,ok,"TVD converted from deviation survey; porosity from density-porosity equation (rho_ma=2.65, rho_fl=1.0)"
EVD-01,137010.24,441258.17,1800.3,1794.9,7.02,28.45,2.5342,1788.0,1866.0,1782.75,1859.59,76.84,14.253,ok,"TVD converted from deviation survey; porosity from density-porosity equation (rho_ma=2.65, rho_fl=1.0)"
EVD-01,137010.23,441258.15,1800.2,1794.8,7.56,27.67,2.5253,1788.0,1866.0,1782.75,1859.59,76.84,14.253,ok,"TVD converted from deviation survey; porosity from density-porosity equation (rho_ma=2.65, rho_fl=1.0)"
EVD-01,137010.23,441258.14,1800.1,1794.7,8.09,27.05,2.5166,1788.0,1866.0,1782.75,1859.59,76.84,14.253,ok,"TVD converted from deviation survey; porosity from density-porosity equation (rho_ma=2.65, rho_fl=1.0)"
EVD-01,137010.23,441258.12,1800.0,1794.6,8.45,26.57,2.5106,1788.0,1866.0,1782.75,1859.59,76.84,14.253,ok,"TVD converted from deviation survey; porosity from density-porosity equation (rho_ma=2.65, rho_fl=1.0)"
EVD-01,137010.23,441258.1,1799.9,1794.5,8.56,26.18,2.5088,1788.0,1866.0,1782.75,1859.59,76.84,14.253,ok,"TVD converted from deviation survey; porosity from density-porosity equation (rho_ma=2.65, rho_fl=1.0)"
EVD-01,137010.23,441258.09,1799.8,1794.4,8.49,25.77,2.51,1788.0,1866.0,1782.75,1859.59,76.84,14.253,ok,"TVD converted from deviation survey; porosity from density-porosity equation (rho_ma=2.65, rho_fl=1.0)"
EVD-01,137010.23,441258.07,1799.7,1794.3,8.41,25.29,2.5113,1788.0,1866.0,1782.75,1859.59,76.84,14.253,ok,"TVD converted from deviation survey; porosity from density-porosity equation (rho_ma=2.65, rho_fl=1.0)"
EVD-01,137010.22,441258.06,1799.6,1794.21,8.38,24.82,2.5117,1788.0,1866.0,1782.75,1859.59,76.84,14.253,ok,"TVD converted from deviation survey; porosity from density-porosity equation (rho_ma=2.65, rho_fl=1.0)"
EVD-01,137010.22,441258.04,1799.5,1794.11,8.32,24.51,2.5126,1788.0,1866.0,1782.75,1859.59,76.84,14.253,ok,"TVD converted from deviation survey; porosity from density-porosity equation (rho_ma=2.65, rho_fl=1.0)"
EVD-01,137010.22,441258.03,1799.4,1794.01,8.14,24.3,2.5157,1788.0,1866.0,1782.75,1859.59,76.84,14.253,ok,"TVD converted from deviation survey; porosity from density-porosity equation (rho_ma=2.65, rho_fl=1.0)"
EVD-01,137010.22,441258.01,1799.3,1793.91,7.87,24.22,2.5201,1788.0,1866.0,1782.75,1859.59,76.84,14.253,ok,"TVD converted from deviation survey; porosity from density-porosity equation (rho_ma=2.65, rho_fl=1.0)"
EVD-01,137010.22,441257.99,1799.2,1793.81,7.59,24.27,2.5247,1788.0,1866.0,1782.75,1859.59,76.84,14.253,ok,"TVD converted from deviation survey; porosity from density-porosity equation (rho_ma=2.65, rho_fl=1.0)"
EVD-01,137010.22,441257.98,1799.1,1793.71,7.23,24.45,2.5306,1788.0,1866.0,1782.75,1859.59,76.84,14.253,ok,"TVD converted from deviation survey; porosity from density-porosity equation (rho_ma=2.65, rho_fl=1.0)"
EVD-01,137010.21,441257.96,1799.0,1793.61,6.83,24.74,2.5374,1788.0,1866.0,1782.75,1859.59,76.84,14.253,ok,"TVD converted from deviation survey; porosity from density-porosity equation (rho_ma=2.65, rho_fl=1.0)"
EVD-01,137010.21,441257.95,1798.9,1793.51,6.51,25.1,2.5426,1788.0,1866.0,1782.75,1859.59,76.84,14.253,ok,"TVD converted from deviation survey; porosity from density-porosity equation (rho_ma=2.65, rho_fl=1.0)"
EVD-01,137010.21,441257.93,1798.8,1793.42,6.45,25.5,2.5436,1788.0,1866.0,1782.75,1859.59,76.84,14.253,ok,"TVD converted from deviation survey; porosity from density-porosity equation (rho_ma=2.65, rho_fl=1.0)"
EVD-01,137010.21,441257.92,1798.7,1793.32,6.61,25.86,2.541,1788.0,1866.0,1782.75,1859.59,76.84,14.253,ok,"TVD converted from deviation survey; porosity from density-porosity equation (rho_ma=2.65, rho_fl=1.0)"
EVD-01,137010.21,441257.9,1798.6,1793.22,6.84,26.13,2.5372,1788.0,1866.0,1782.75,1859.59,76.84,14.253,ok,"TVD converted from deviation survey; porosity from density-porosity equation (rho_ma=2.65, rho_fl=1.0)"
EVD-01,137010.21,441257.88,1798.5,1793.12,7.1,26.34,2.5329,1788.0,1866.0,1782.75,1859.59,76.84,14.253,ok,"TVD converted from deviation survey; porosity from density-porosity equation (rho_ma=2.65, rho_fl=1.0)"
EVD-01,137010.21,441257.87,1798.4,1793.02,7.37,26.47,2.5284,1788.0,1866.0,1782.75,1859.59,76.84,14.253,ok,"TVD converted from deviation survey; porosity from density-porosity equation (rho_ma=2.65, rho_fl=1.0)"
EVD-01,137010.2,441257.85,1798.3,1792.92,7.59,26.5,2.5247,1788.0,1866.0,1782.75,1859.59,76.84,14.253,ok,"TVD converted from deviation survey; porosity from density-porosity equation (rho_ma=2.65, rho_fl=1.0)"
EVD-01,137010.2,441257.84,1798.2,1792.82,7.62,26.46,2.5243,1788.0,1866.0,1782.75,1859.59,76.84,14.253,ok,"TVD converted from deviation survey; porosity from density-porosity equation (rho_ma=2.65, rho_fl=1.0)"
EVD-01,137010.2,441257.82,1798.1,1792.72,7.56,26.35,2.5253,1788.0,1866.0,1782.75,1859.59,76.84,14.253,ok,"TVD converted from deviation survey; porosity from density-porosity equation (rho_ma=2.65, rho_fl=1.0)"
EVD-01,137010.2,441257.8,1798.0,1792.63,7.61,26.19,2.5245,1788.0,1866.0,1782.75,1859.59,76.84,14.253,ok,"TVD converted from deviation survey; porosity from density-porosity equation (rho_ma=2.65, rho_fl=1.0)"
EVD-01,137010.2,441257.79,1797.9,1792.53,7.74,25.98,2.5223,1788.0,1866.0,1782.75,1859.59,76.84,14.253,ok,"TVD converted from deviation survey; porosity from density-porosity equation (rho_ma=2.65, rho_fl=1.0)"
EVD-01,137010.2,441257.77,1797.8,1792.43,7.89,25.73,2.5198,1788.0,1866.0,1782.75,1859.59,76.84,14.253,ok,"TVD converted from deviation survey; porosity from density-porosity equation (rho_ma=2.65, rho_fl=1.0)"
EVD-01,137010.19,441257.76,1797.7,1792.33,8.09,25.47,2.5164,1788.0,1866.0,1782.75,1859.59,76.84,14.253,ok,"TVD converted from deviation survey; porosity from density-porosity equation (rho_ma=2.65, rho_fl=1.0)"
EVD-01,137010.19,441257.74,1797.6,1792.23,8.38,25.11,2.5117,1788.0,1866.0,1782.75,1859.59,76.84,14.253,ok,"TVD converted from deviation survey; porosity from density-porosity equation (rho_ma=2.65, rho_fl=1.0)"
EVD-01,137010.19,441257.73,1797.5,1792.13,8.65,24.6,2.5073,1788.0,1866.0,1782.75,1859.59,76.84,14.253,ok,"TVD converted from deviation survey; porosity from density-porosity equation (rho_ma=2.65, rho_fl=1.0)"
EVD-01,137010.19,441257.71,1797.4,1792.03,8.67,24.03,2.507,1788.0,1866.0,1782.75,1859.59,76.84,14.253,ok,"TVD converted from deviation survey; porosity from density-porosity equation (rho_ma=2.65, rho_fl=1.0)"
EVD-01,137010.19,441257.69,1797.3,1791.93,8.34,23.8,2.5125,1788.0,1866.0,1782.75,1859.59,76.84,14.253,ok,"TVD converted from deviation survey; porosity from density-porosity equation (rho_ma=2.65, rho_fl=1.0)"
EVD-01,137010.19,441257.68,1797.2,1791.84,7.8,24.03,2.5213,1788.0,1866.0,1782.75,1859.59,76.84,14.253,ok,"TVD converted from deviation survey; porosity from density-porosity equation (rho_ma=2.65, rho_fl=1.0)"
EVD-01,137010.19,441257.66,1797.1,1791.74,7.35,24.47,2.5287,1788.0,1866.0,1782.75,1859.59,76.84,14.253,ok,"TVD converted from deviation survey; porosity from density-porosity equation (rho_ma=2.65, rho_fl=1.0)"
EVD-01,137010.18,441257.65,1797.0,1791.64,7.19,25.08,2.5313,1788.0,1866.0,1782.75,1859.59,76.84,14.253,ok,"TVD converted from deviation survey; porosity from density-porosity equation (rho_ma=2.65, rho_fl=1.0)"
EVD-01,137010.18,441257.63,1796.9,1791.54,7.33,25.69,2.5291,1788.0,1866.0,1782.75,1859.59,76.84,14.253,ok,"TVD converted from deviation survey; porosity from density-porosity equation (rho_ma=2.65, rho_fl=1.0)"
EVD-01,137010.18,441257.62,1796.8,1791.44,7.61,26.11,2.5244,1788.0,1866.0,1782.75,1859.59,76.84,14.253,ok,"TVD converted from deviation survey; porosity from density-porosity equation (rho_ma=2.65, rho_fl=1.0)"
EVD-01,137010.18,441257.6,1796.7,1791.34,7.82,26.16,2.5209,1788.0,1866.0,1782.75,1859.59,76.84,14.253,ok,"TVD converted from deviation survey; porosity from density-porosity equation (rho_ma=2.65, rho_fl=1.0)"
EVD-01,137010.18,441257.58,1796.6,1791.24,7.94,25.95,2.5189,1788.0,1866.0,1782.75,1859.59,76.84,14.253,ok,"TVD converted from deviation survey; porosity from density-porosity equation (rho_ma=2.65, rho_fl=1.0)"
EVD-01,137010.18,441257.57,1796.5,1791.14,8.06,25.71,2.517,1788.0,1866.0,1782.75,1859.59,76.84,14.253,ok,"TVD converted from deviation survey; porosity from density-porosity equation (rho_ma=2.65, rho_fl=1.0)"
EVD-01,137010.17,441257.55,1796.4,1791.05,8.12,25.48,2.516,1788.0,1866.0,1782.75,1859.59,76.84,14.253,ok,"TVD converted from deviation survey; porosity from density-porosity equation (rho_ma=2.65, rho_fl=1.0)"
EVD-01,137010.17,441257.54,1796.3,1790.95,8.01,25.35,2.5179,1788.0,1866.0,1782.75,1859.59,76.84,14.253,ok,"TVD converted from deviation survey; porosity from density-porosity equation (rho_ma=2.65, rho_fl=1.0)"
EVD-01,137010.17,441257.52,1796.2,1790.85,7.63,25.4,2.5241,1788.0,1866.0,1782.75,1859.59,76.84,14.253,ok,"TVD converted from deviation survey; porosity from density-porosity equation (rho_ma=2.65, rho_fl=1.0)"
EVD-01,137010.17,441257.51,1796.1,1790.75,7.09,25.76,2.5329,1788.0,1866.0,1782.75,1859.59,76.84,14.253,ok,"TVD converted from deviation survey; porosity from density-porosity equation (rho_ma=2.65, rho_fl=1.0)"
EVD-01,137010.17,441257.49,1796.0,1790.65,6.65,26.47,2.5403,1788.0,1866.0,1782.75,1859.59,76.84,14.253,ok,"TVD converted from deviation survey; porosity from density-porosity equation (rho_ma=2.65, rho_fl=1.0)"
EVD-01,137010.17,441257.47,1795.9,1790.55,6.48,27.51,2.543,1788.0,1866.0,1782.75,1859.59,76.84,14.253,ok,"TVD converted from deviation survey; porosity from density-porosity equation (rho_ma=2.65, rho_fl=1.0)"
EVD-01,137010.16,441257.46,1795.8,1790.45,6.44,29.04,2.5437,1788.0,1866.0,1782.75,1859.59,76.84,14.253,ok,"TVD converted from deviation survey; porosity from density-porosity equation (rho_ma=2.65, rho_fl=1.0)"
EVD-01,137010.16,441257.44,1795.7,1790.35,6.34,30.94,2.5453,1788.0,1866.0,1782.75,1859.59,76.84,14.253,ok,"TVD converted from deviation survey; porosity from density-porosity equation (rho_ma=2.65, rho_fl=1.0)"
EVD-01,137010.16,441257.43,1795.6,1790.26,6.12,33.05,2.5491,1788.0,1866.0,1782.75,1859.59,76.84,14.253,ok,"TVD converted from deviation survey; porosity from density-porosity equation (rho_ma=2.65, rho_fl=1.0)"
EVD-01,137010.16,441257.41,1795.5,1790.16,5.68,34.97,2.5563,1788.0,1866.0,1782.75,1859.59,76.84,14.253,ok,"TVD converted from deviation survey; porosity from density-porosity equation (rho_ma=2.65, rho_fl=1.0)"
EVD-01,137010.16,441257.39,1795.4,1790.06,5.04,36.4,2.5668,1788.0,1866.0,1782.75,1859.59,76.84,14.253,ok,"TVD converted from deviation survey; porosity from density-porosity equation (rho_ma=2.65, rho_fl=1.0)"
EVD-01,137010.16,441257.38,1795.3,1789.96,4.42,36.91,2.5771,1788.0,1866.0,1782.75,1859.59,76.84,14.253,ok,"TVD converted from deviation survey; porosity from density-porosity equation (rho_ma=2.65, rho_fl=1.0)"
EVD-01,137010.16,441257.36,1795.2,1789.86,4.03,36.5,2.5834,1788.0,1866.0,1782.75,1859.59,76.84,14.253,ok,"TVD converted from deviation survey; porosity from density-porosity equation (rho_ma=2.65, rho_fl=1.0)"
EVD-01,137010.15,441257.35,1795.1,1789.76,3.9,35.58,2.5857,1788.0,1866.0,1782.75,1859.59,76.84,14.253,ok,"TVD converted from deviation survey; porosity from density-porosity equation (rho_ma=2.65, rho_fl=1.0)"
EVD-01,137010.15,441257.33,1795.0,1789.66,3.8,34.36,2.5872,1788.0,1866.0,1782.75,1859.59,76.84,14.254,ok,"TVD converted from deviation survey; porosity from density-porosity equation (rho_ma=2.65, rho_fl=1.0)"
EVD-01,137010.15,441257.32,1794.9,1789.56,3.63,33.17,2.5901,1788.0,1866.0,1782.75,1859.59,76.84,14.254,ok,"TVD converted from deviation survey; porosity from density-porosity equation (rho_ma=2.65, rho_fl=1.0)"
EVD-01,137010.15,441257.3,1794.8,1789.47,3.43,32.1,2.5934,1788.0,1866.0,1782.75,1859.59,76.84,14.254,ok,"TVD converted from deviation survey; porosity from density-porosity equation (rho_ma=2.65, rho_fl=1.0)"
EVD-01,137010.15,441257.28,1794.7,1789.37,3.32,31.23,2.5952,1788.0,1866.0,1782.75,1859.59,76.84,14.254,ok,"TVD converted from deviation survey; porosity from density-porosity equation (rho_ma=2.65, rho_fl=1.0)"
EVD-01,137010.15,441257.27,1794.6,1789.27,3.31,30.47,2.5953,1788.0,1866.0,1782.75,1859.59,76.84,14.254,ok,"TVD converted from deviation survey; porosity from density-porosity equation (rho_ma=2.65, rho_fl=1.0)"
EVD-01,137010.14,441257.25,1794.5,1789.17,3.44,29.78,2.5932,1788.0,1866.0,1782.75,1859.59,76.84,14.254,ok,"TVD converted from deviation survey; porosity from density-porosity equation (rho_ma=2.65, rho_fl=1.0)"
EVD-01,137010.14,441257.24,1794.4,1789.07,3.74,29.43,2.5883,1788.0,1866.0,1782.75,1859.59,76.84,14.254,ok,"TVD converted from deviation survey; porosity from density-porosity equation (rho_ma=2.65, rho_fl=1.0)"
EVD-01,137010.14,441257.22,1794.3,1788.97,3.93,29.82,2.5851,1788.0,1866.0,1782.75,1859.59,76.84,14.254,ok,"TVD converted from deviation survey; porosity from density-porosity equation (rho_ma=2.65, rho_fl=1.0)"
EVD-01,137010.14,441257.21,1794.2,1788.87,3.81,30.99,2.5872,1788.0,1866.0,1782.75,1859.59,76.84,14.254,ok,"TVD converted from deviation survey; porosity from density-porosity equation (rho_ma=2.65, rho_fl=1.0)"
EVD-01,137010.14,441257.19,1794.1,1788.77,3.52,33.07,2.5919,1788.0,1866.0,1782.75,1859.59,76.84,14.254,ok,"TVD converted from deviation survey; porosity from density-porosity equation (rho_ma=2.65, rho_fl=1.0)"
EVD-01,137010.14,441257.17,1794.0,1788.68,3.18,35.65,2.5976,1788.0,1866.0,1782.75,1859.59,76.84,14.254,ok,"TVD converted from deviation survey; porosity from density-porosity equation (rho_ma=2.65, rho_fl=1.0)"
EVD-01,137010.14,441257.16,1793.9,1788.58,2.91,38.32,2.602,1788.0,1866.0,1782.75,1859.59,76.84,14.254,ok,"TVD converted from deviation survey; porosity from density-porosity equation (rho_ma=2.65, rho_fl=1.0)"
EVD-01,137010.13,441257.14,1793.8,1788.48,2.89,40.74,2.6023,1788.0,1866.0,1782.75,1859.59,76.84,14.254,ok,"TVD converted from deviation survey; porosity from density-porosity equation (rho_ma=2.65, rho_fl=1.0)"
EVD-01,137010.13,441257.13,1793.7,1788.38,3.14,42.46,2.5982,1788.0,1866.0,1782.75,1859.59,76.84,14.254,ok,"TVD converted from deviation survey; porosity from density-porosity equation (rho_ma=2.65, rho_fl=1.0)"
EVD-01,137010.13,441257.11,1793.6,1788.28,3.53,43.35,2.5917,1788.0,1866.0,1782.75,1859.59,76.84,14.254,ok,"TVD converted from deviation survey; porosity from density-porosity equation (rho_ma=2.65, rho_fl=1.0)"
EVD-01,137010.13,441257.09,1793.5,1788.18,4.03,42.63,2.5835,1788.0,1866.0,1782.75,1859.59,76.84,14.254,ok,"TVD converted from deviation survey; porosity from density-porosity equation (rho_ma=2.65, rho_fl=1.0)"
EVD-01,137010.13,441257.08,1793.4,1788.08,4.71,41.02,2.5722,1788.0,1866.0,1782.75,1859.59,76.84,14.254,ok,"TVD converted from deviation survey; porosity from density-porosity equation (rho_ma=2.65, rho_fl=1.0)"
EVD-01,137010.13,441257.06,1793.3,1787.98,5.6,39.26,2.5576,1788.0,1866.0,1782.75,1859.59,76.84,14.254,ok,"TVD converted from deviation survey; porosity from density-porosity equation (rho_ma=2.65, rho_fl=1.0)"
EVD-01,137010.12,441257.05,1793.2,1787.89,6.5,37.3,2.5427,1788.0,1866.0,1782.75,1859.59,76.84,14.254,ok,"TVD converted from deviation survey; porosity from density-porosity equation (rho_ma=2.65, rho_fl=1.0)"
EVD-01,137010.12,441257.03,1793.1,1787.79,7.2,35.36,2.5311,1788.0,1866.0,1782.75,1859.59,76.84,14.254,ok,"TVD converted from deviation survey; porosity from density-porosity equation (rho_ma=2.65, rho_fl=1.0)"
EVD-01,137010.12,441257.02,1793.0,1787.69,7.71,33.6,2.5229,1788.0,1866.0,1782.75,1859.59,76.84,14.254,ok,"TVD converted from deviation survey; porosity from density-porosity equation (rho_ma=2.65, rho_fl=1.0)"
EVD-01,137010.12,441257.0,1792.9,1787.59,8.27,32.13,2.5136,1788.0,1866.0,1782.75,1859.59,76.84,14.254,ok,"TVD converted from deviation survey; porosity from density-porosity equation (rho_ma=2.65, rho_fl=1.0)"
EVD-01,137010.12,441256.98,1792.8,1787.49,8.83,30.9,2.5042,1788.0,1866.0,1782.75,1859.59,76.84,14.254,ok,"TVD converted from deviation survey; porosity from density-porosity equation (rho_ma=2.65, rho_fl=1.0)"
EVD-01,137010.12,441256.97,1792.7,1787.39,9.14,29.86,2.4992,1788.0,1866.0,1782.75,1859.59,76.84,14.254,ok,"TVD converted from deviation survey; porosity from density-porosity equation (rho_ma=2.65, rho_fl=1.0)"
EVD-01,137010.12,441256.95,1792.6,1787.29,9.13,29.05,2.4993,1788.0,1866.0,1782.75,1859.59,76.84,14.254,ok,"TVD converted from deviation survey; porosity from density-porosity equation (rho_ma=2.65, rho_fl=1.0)"
EVD-01,137010.11,441256.94,1792.5,1787.19,8.96,28.47,2.5021,1788.0,1866.0,1782.75,1859.59,76.84,14.254,ok,"TVD converted from deviation survey; porosity from density-porosity equation (rho_ma=2.65, rho_fl=1.0)"
EVD-01,137010.11,441256.92,1792.4,1787.1,8.79,28.15,2.5049,1788.0,1866.0,1782.75,1859.59,76.84,14.254,ok,"TVD converted from deviation survey; porosity from density-porosity equation (rho_ma=2.65, rho_fl=1.0)"
EVD-01,137010.11,441256.91,1792.3,1787.0,8.66,28.08,2.5071,1788.0,1866.0,1782.75,1859.59,76.84,14.254,ok,"TVD converted from deviation survey; porosity from density-porosity equation (rho_ma=2.65, rho_fl=1.0)"
EVD-01,137010.11,441256.89,1792.2,1786.9,8.55,28.11,2.5089,1788.0,1866.0,1782.75,1859.59,76.84,14.254,ok,"TVD converted from deviation survey; porosity from density-porosity equation (rho_ma=2.65, rho_fl=1.0)"
EVD-01,137010.11,441256.87,1792.1,1786.8,8.46,28.16,2.5104,1788.0,1866.0,1782.75,1859.59,76.84,14.254,ok,"TVD converted from deviation survey; porosity from density-porosity equation (rho_ma=2.65, rho_fl=1.0)"
EVD-01,137010.11,441256.86,1792.0,1786.7,8.42,27.94,2.511,1788.0,1866.0,1782.75,1859.59,76.84,14.254,ok,"TVD converted from deviation survey; porosity from density-porosity equation (rho_ma=2.65, rho_fl=1.0)"
EVD-01,137010.1,441256.84,1791.9,1786.6,8.33,27.45,2.5126,1788.0,1866.0,1782.75,1859.59,76.84,14.254,ok,"TVD converted from deviation survey; porosity from density-porosity equation (rho_ma=2.65, rho_fl=1.0)"
EVD-01,137010.1,441256.83,1791.8,1786.5,7.95,26.96,2.5188,1788.0,1866.0,1782.75,1859.59,76.84,14.254,ok,"TVD converted from deviation survey; porosity from density-porosity equation (rho_ma=2.65, rho_fl=1.0)"
EVD-01,137010.1,441256.81,1791.7,1786.4,7.32,26.66,2.5292,1788.0,1866.0,1782.75,1859.59,76.84,14.254,ok,"TVD converted from deviation survey; porosity from density-porosity equation (rho_ma=2.65, rho_fl=1.0)"
EVD-01,137010.1,441256.8,1791.6,1786.31,6.68,26.58,2.5397,1788.0,1866.0,1782.75,1859.59,76.84,14.254,ok,"TVD converted from deviation survey; porosity from density-porosity equation (rho_ma=2.65, rho_fl=1.0)"
EVD-01,137010.1,441256.78,1791.5,1786.21,6.4,26.61,2.5445,1788.0,1866.0,1782.75,1859.59,76.84,14.254,ok,"TVD converted from deviation survey; porosity from density-porosity equation (rho_ma=2.65, rho_fl=1.0)"
EVD-01,137010.1,441256.76,1791.4,1786.11,6.59,26.8,2.5413,1788.0,1866.0,1782.75,1859.59,76.84,14.254,ok,"TVD converted from deviation survey; porosity from density-porosity equation (rho_ma=2.65, rho_fl=1.0)"
EVD-01,137010.1,441256.75,1791.3,1786.01,7.15,27.19,2.5321,1788.0,1866.0,1782.75,1859.59,76.84,14.254,ok,"TVD converted from deviation survey; porosity from density-porosity equation (rho_ma=2.65, rho_fl=1.0)"
EVD-01,137010.09,441256.73,1791.2,1785.91,7.82,27.83,2.521,1788.0,1866.0,1782.75,1859.59,76.84,14.254,ok,"TVD converted from deviation survey; porosity from density-porosity equation (rho_ma=2.65, rho_fl=1.0)"
EVD-01,137010.09,441256.72,1791.1,1785.81,8.45,28.63,2.5105,1788.0,1866.0,1782.75,1859.59,76.84,14.254,ok,"TVD converted from deviation survey; porosity from density-porosity equation (rho_ma=2.65, rho_fl=1.0)"
EVD-01,137010.09,441256.7,1791.0,1785.71,8.94,29.37,2.5024,1788.0,1866.0,1782.75,1859.59,76.84,14.254,ok,"TVD converted from deviation survey; porosity from density-porosity equation (rho_ma=2.65, rho_fl=1.0)"
EVD-01,137010.09,441256.68,1790.9,1785.61,8.98,29.88,2.5018,1788.0,1866.0,1782.75,1859.59,76.84,14.254,ok,"TVD converted from deviation survey; porosity from density-porosity equation (rho_ma=2.65, rho_fl=1.0)"
EVD-01,137010.09,441256.67,1790.8,1785.52,8.48,30.12,2.5101,1788.0,1866.0,1782.75,1859.59,76.84,14.254,ok,"TVD converted from deviation survey; porosity from density-porosity equation (rho_ma=2.65, rho_fl=1.0)"
EVD-01,137010.09,441256.65,1790.7,1785.42,7.68,30.22,2.5233,1788.0,1866.0,1782.75,1859.59,76.84,14.254,ok,"TVD converted from deviation survey; porosity from density-porosity equation (rho_ma=2.65, rho_fl=1.0)"
EVD-01,137010.08,441256.64,1790.6,1785.32,7.06,30.2,2.5335,1788.0,1866.0,1782.75,1859.59,76.84,14.254,ok,"TVD converted from deviation survey; porosity from density-porosity equation (rho_ma=2.65, rho_fl=1.0)"
EVD-01,137010.08,441256.62,1790.5,1785.22,6.89,30.09,2.5364,1788.0,1866.0,1782.75,1859.59,76.84,14.254,ok,"TVD converted from deviation survey; porosity from density-porosity equation (rho_ma=2.65, rho_fl=1.0)"
EVD-01,137010.08,441256.61,1790.4,1785.12,7.04,30.0,2.5338,1788.0,1866.0,1782.75,1859.59,76.84,14.254,ok,"TVD converted from deviation survey; porosity from density-porosity equation (rho_ma=2.65, rho_fl=1.0)"
EVD-01,137010.08,441256.59,1790.3,1785.02,7.25,29.97,2.5304,1788.0,1866.0,1782.75,1859.59,76.84,14.254,ok,"TVD converted from deviation survey; porosity from density-porosity equation (rho_ma=2.65, rho_fl=1.0)"
EVD-01,137010.08,441256.57,1790.2,1784.92,7.38,30.01,2.5283,1788.0,1866.0,1782.75,1859.59,76.84,14.254,ok,"TVD converted from deviation survey; porosity from density-porosity equation (rho_ma=2.65, rho_fl=1.0)"
EVD-01,137010.08,441256.56,1790.1,1784.82,7.51,30.05,2.5262,1788.0,1866.0,1782.75,1859.59,76.84,14.254,ok,"TVD converted from deviation survey; porosity from density-porosity equation (rho_ma=2.65, rho_fl=1.0)"
EVD-01,137010.08,441256.54,1790.0,1784.73,7.54,30.09,2.5256,1788.0,1866.0,1782.75,1859.59,76.84,14.254,ok,"TVD converted from deviation survey; porosity from density-porosity equation (rho_ma=2.65, rho_fl=1.0)"
EVD-01,137010.07,441256.53,1789.9,1784.63,7.36,30.16,2.5285,1788.0,1866.0,1782.75,1859.59,76.84,14.254,ok,"TVD converted from deviation survey; porosity from density-porosity equation (rho_ma=2.65, rho_fl=1.0)"
EVD-01,137010.07,441256.51,1789.8,1784.53,7.05,30.18,2.5337,1788.0,1866.0,1782.75,1859.59,76.84,14.254,ok,"TVD converted from deviation survey; porosity from density-porosity equation (rho_ma=2.65, rho_fl=1.0)"
EVD-01,137010.07,441256.5,1789.7,1784.43,6.81,30.18,2.5377,1788.0,1866.0,1782.75,1859.59,76.84,14.254,ok,"TVD converted from deviation survey; porosity from density-porosity equation (rho_ma=2.65, rho_fl=1.0)"
EVD-01,137010.07,441256.48,1789.6,1784.33,6.84,30.18,2.5371,1788.0,1866.0,1782.75,1859.59,76.84,14.254,ok,"TVD converted from deviation survey; porosity from density-porosity equation (rho_ma=2.65, rho_fl=1.0)"
EVD-01,137010.07,441256.46,1789.5,1784.23,7.19,30.16,2.5314,1788.0,1866.0,1782.75,1859.59,76.84,14.254,ok,"TVD converted from deviation survey; porosity from density-porosity equation (rho_ma=2.65, rho_fl=1.0)"
EVD-01,137010.07,441256.45,1789.4,1784.13,7.65,30.07,2.5238,1788.0,1866.0,1782.75,1859.59,76.84,14.254,ok,"TVD converted from deviation survey; porosity from density-porosity equation (rho_ma=2.65, rho_fl=1.0)"
EVD-01,137010.06,441256.43,1789.3,1784.04,7.99,29.88,2.5182,1788.0,1866.0,1782.75,1859.59,76.84,14.254,ok,"TVD converted from deviation survey; porosity from density-porosity equation (rho_ma=2.65, rho_fl=1.0)"
EVD-01,137010.06,441256.42,1789.2,1783.94,8.19,29.77,2.5149,1788.0,1866.0,1782.75,1859.59,76.84,14.254,ok,"TVD converted from deviation survey; porosity from density-porosity equation (rho_ma=2.65, rho_fl=1.0)"
EVD-01,137010.06,441256.4,1789.1,1783.84,8.46,29.92,2.5104,1788.0,1866.0,1782.75,1859.59,76.84,14.254,ok,"TVD converted from deviation survey; porosity from density-porosity equation (rho_ma=2.65, rho_fl=1.0)"
EVD-01,137010.06,441256.39,1789.0,1783.74,8.95,30.45,2.5023,1788.0,1866.0,1782.75,1859.59,76.84,14.254,ok,"TVD converted from deviation survey; porosity from density-porosity equation (rho_ma=2.65, rho_fl=1.0)"
EVD-01,137010.06,441256.37,1788.9,1783.64,9.48,31.17,2.4936,1788.0,1866.0,1782.75,1859.59,76.84,14.254,ok,"TVD converted from deviation survey; porosity from density-porosity equation (rho_ma=2.65, rho_fl=1.0)"
EVD-01,137010.06,441256.35,1788.8,1783.54,9.99,31.76,2.4852,1788.0,1866.0,1782.75,1859.59,76.84,14.254,ok,"TVD converted from deviation survey; porosity from density-porosity equation (rho_ma=2.65, rho_fl=1.0)"
EVD-01,137010.05,441256.34,1788.7,1783.44,10.41,31.75,2.4783,1788.0,1866.0,1782.75,1859.59,76.84,14.254,ok,"TVD converted from deviation survey; porosity from density-porosity equation (rho_ma=2.65, rho_fl=1.0)"
EVD-01,137010.05,441256.32,1788.6,1783.34,10.46,31.24,2.4774,1788.0,1866.0,1782.75,1859.59,76.84,14.254,ok,"TVD converted from deviation survey; porosity from density-porosity equation (rho_ma=2.65, rho_fl=1.0)"
EVD-01,137010.05,441256.31,1788.5,1783.25,10.08,30.41,2.4836,1788.0,1866.0,1782.75,1859.59,76.84,14.255,ok,"TVD converted from deviation survey; porosity from density-porosity equation (rho_ma=2.65, rho_fl=1.0)"
EVD-01,137010.05,441256.29,1788.4,1783.15,9.52,29.69,2.4929,1788.0,1866.0,1782.75,1859.59,76.84,14.255,ok,"TVD converted from deviation survey; porosity from density-porosity equation (rho_ma=2.65, rho_fl=1.0)"
EVD-01,137010.05,441256.27,1788.3,1783.05,8.99,29.07,2.5016,1788.0,1866.0,1782.75,1859.59,76.84,14.255,ok,"TVD converted from deviation survey; porosity from density-porosity equation (rho_ma=2.65, rho_fl=1.0)"
EVD-01,137010.05,441256.26,1788.2,1782.95,8.59,28.55,2.5082,1788.0,1866.0,1782.75,1859.59,76.84,14.255,ok,"TVD converted from deviation survey; porosity from density-porosity equation (rho_ma=2.65, rho_fl=1.0)"
EVD-01,137010.05,441256.24,1788.1,1782.85,8.14,28.03,2.5157,1788.0,1866.0,1782.75,1859.59,76.84,14.255,ok,"TVD converted from deviation survey; porosity from density-porosity equation (rho_ma=2.65, rho_fl=1.0)"
EVD-01,137010.04,441256.23,1788.0,1782.75,7.4,27.41,2.528,1788.0,1866.0,1782.75,1859.59,76.84,14.255,ok,"TVD converted from deviation survey; porosity from density-porosity equation (rho_ma=2.65, rho_fl=1.0)"
JUT-01,134125.02,451777.2,1659.64,1655.41,0.0,40.15,2.8133,1659.5,1787.0,1655.27,1781.02,125.75,7.703,ok,"TVD converted from deviation survey; porosity from density-porosity equation (rho_ma=2.65, rho_fl=1.0)"
JUT-01,134125.04,451777.22,1659.79,1655.56,0.0,37.59,2.8117,1659.5,1787.0,1655.27,1781.02,125.75,7.703,ok,"TVD converted from deviation survey; porosity from density-porosity equation (rho_ma=2.65, rho_fl=1.0)"
JUT-01,134125.06,451777.25,1659.94,1655.71,0.0,34.39,2.8082,1659.5,1787.0,1655.27,1781.02,125.75,7.703,ok,"TVD converted from deviation survey; porosity from density-porosity equation (rho_ma=2.65, rho_fl=1.0)"
JUT-01,134125.07,451777.27,1660.09,1655.86,0.0,31.18,2.8018,1659.5,1787.0,1655.27,1781.02,125.75,7.703,ok,"TVD converted from deviation survey; porosity from density-porosity equation (rho_ma=2.65, rho_fl=1.0)"
JUT-01,134125.09,451777.29,1660.25,1656.01,0.0,26.73,2.8116,1659.5,1787.0,1655.27,1781.02,125.75,7.703,ok,"TVD converted from deviation survey; porosity from density-porosity equation (rho_ma=2.65, rho_fl=1.0)"
JUT-01,134125.11,451777.31,1660.4,1656.15,0.0,23.98,2.8192,1659.5,1787.0,1655.27,1781.02,125.75,7.703,ok,"TVD converted from deviation survey; porosity from density-porosity equation (rho_ma=2.65, rho_fl=1.0)"
JUT-01,134125.12,451777.34,1660.55,1656.3,0.0,22.87,2.8201,1659.5,1787.0,1655.27,1781.02,125.75,7.703,ok,"TVD converted from deviation survey; porosity from density-porosity equation (rho_ma=2.65, rho_fl=1.0)"
JUT-01,134125.14,451777.36,1660.7,1656.45,0.0,22.19,2.8167,1659.5,1787.0,1655.27,1781.02,125.75,7.703,ok,"TVD converted from deviation survey; porosity from density-porosity equation (rho_ma=2.65, rho_fl=1.0)"
JUT-01,134125.16,451777.38,1660.86,1656.6,0.0,22.49,2.8123,1659.5,1787.0,1655.27,1781.02,125.75,7.703,ok,"TVD converted from deviation survey; porosity from density-porosity equation (rho_ma=2.65, rho_fl=1.0)"
JUT-01,134125.17,451777.41,1661.01,1656.75,0.0,22.31,2.8073,1659.5,1787.0,1655.27,1781.02,125.75,7.703,ok,"TVD converted from deviation survey; porosity from density-porosity equation (rho_ma=2.65, rho_fl=1.0)"
JUT-01,134125.19,451777.43,1661.16,1656.9,0.0,22.01,2.7952,1659.5,1787.0,1655.27,1781.02,125.75,7.703,ok,"TVD converted from deviation survey; porosity from density-porosity equation (rho_ma=2.65, rho_fl=1.0)"
JUT-01,134125.21,451777.45,1661.31,1657.05,0.0,21.71,2.7816,1659.5,1787.0,1655.27,1781.02,125.75,7.703,ok,"TVD converted from deviation survey; porosity from density-porosity equation (rho_ma=2.65, rho_fl=1.0)"
JUT-01,134125.22,451777.48,1661.46,1657.2,0.0,21.16,2.7786,1659.5,1787.0,1655.27,1781.02,125.75,7.703,ok,"TVD converted from deviation survey; porosity from density-porosity equation (rho_ma=2.65, rho_fl=1.0)"
JUT-01,134125.24,451777.5,1661.62,1657.35,0.0,20.39,2.7711,1659.5,1787.0,1655.27,1781.02,125.75,7.703,ok,"TVD converted from deviation survey; porosity from density-porosity equation (rho_ma=2.65, rho_fl=1.0)"
JUT-01,134125.26,451777.52,1661.77,1657.5,0.0,20.28,2.7605,1659.5,1787.0,1655.27,1781.02,125.75,7.703,ok,"TVD converted from deviation survey; porosity from density-porosity equation (rho_ma=2.65, rho_fl=1.0)"
JUT-01,134125.27,451777.54,1661.92,1657.65,0.0,20.32,2.7472,1659.5,1787.0,1655.27,1781.02,125.75,7.703,ok,"TVD converted from deviation survey; porosity from density-porosity equation (rho_ma=2.65, rho_fl=1.0)"
JUT-01,134125.29,451777.57,1662.07,1657.8,0.0,20.81,2.726,1659.5,1787.0,1655.27,1781.02,125.75,7.703,ok,"TVD converted from deviation survey; porosity from density-porosity equation (rho_ma=2.65, rho_fl=1.0)"
JUT-01,134125.31,451777.59,1662.23,1657.95,0.0,22.29,2.7109,1659.5,1787.0,1655.27,1781.02,125.75,7.703,ok,"TVD converted from deviation survey; porosity from density-porosity equation (rho_ma=2.65, rho_fl=1.0)"
JUT-01,134125.32,451777.61,1662.38,1658.1,0.0,23.33,2.6956,1659.5,1787.0,1655.27,1781.02,125.75,7.703,ok,"TVD converted from deviation survey; porosity from density-porosity equation (rho_ma=2.65, rho_fl=1.0)"
JUT-01,134125.34,451777.64,1662.53,1658.25,0.0,23.26,2.6801,1659.5,1787.0,1655.27,1781.02,125.75,7.702,ok,"TVD converted from deviation survey; porosity from density-porosity equation (rho_ma=2.65, rho_fl=1.0)"
JUT-01,134125.36,451777.66,1662.68,1658.4,0.0,22.49,2.6666,1659.5,1787.0,1655.27,1781.02,125.75,7.702,ok,"TVD converted from deviation survey; porosity from density-porosity equation (rho_ma=2.65, rho_fl=1.0)"
JUT-01,134125.37,451777.68,1662.84,1658.55,0.0,21.72,2.6688,1659.5,1787.0,1655.27,1781.02,125.75,7.702,ok,"TVD converted from deviation survey; porosity from density-porosity equation (rho_ma=2.65, rho_fl=1.0)"
JUT-01,134125.39,451777.71,1662.99,1658.7,0.0,20.96,2.6663,1659.5,1787.0,1655.27,1781.02,125.75,7.702,ok,"TVD converted from deviation survey; porosity from density-porosity equation (rho_ma=2.65, rho_fl=1.0)"
JUT-01,134125.41,451777.73,1663.14,1658.85,0.0,20.61,2.661,1659.5,1787.0,1655.27,1781.02,125.75,7.702,ok,"TVD converted from deviation survey; porosity from density-porosity equation (rho_ma=2.65, rho_fl=1.0)"
JUT-01,134125.42,451777.75,1663.29,1659.0,0.05,21.3,2.6492,1659.5,1787.0,1655.27,1781.02,125.75,7.702,ok,"TVD converted from deviation survey; porosity from density-porosity equation (rho_ma=2.65, rho_fl=1.0)"
JUT-01,134125.44,451777.77,1663.45,1659.15,0.91,21.98,2.635,1659.5,1787.0,1655.27,1781.02,125.75,7.702,ok,"TVD converted from deviation survey; porosity from density-porosity equation (rho_ma=2.65, rho_fl=1.0)"
JUT-01,134125.45,451777.8,1663.6,1659.3,1.79,22.27,2.6205,1659.5,1787.0,1655.27,1781.02,125.75,7.702,ok,"TVD converted from deviation survey; porosity from density-porosity equation (rho_ma=2.65, rho_fl=1.0)"
JUT-01,134125.47,451777.82,1663.75,1659.45,2.18,21.47,2.614,1659.5,1787.0,1655.27,1781.02,125.75,7.702,ok,"TVD converted from deviation survey; porosity from density-porosity equation (rho_ma=2.65, rho_fl=1.0)"
JUT-01,134125.49,451777.84,1663.9,1659.6,2.35,20.73,2.6112,1659.5,1787.0,1655.27,1781.02,125.75,7.702,ok,"TVD converted from deviation survey; porosity from density-porosity equation (rho_ma=2.65, rho_fl=1.0)"
JUT-01,134125.5,451777.87,1664.06,1659.75,2.48,19.99,2.6091,1659.5,1787.0,1655.27,1781.02,125.75,7.702,ok,"TVD converted from deviation survey; porosity from density-porosity equation (rho_ma=2.65, rho_fl=1.0)"
JUT-01,134125.52,451777.89,1664.21,1659.9,2.35,19.25,2.6113,1659.5,1787.0,1655.27,1781.02,125.75,7.702,ok,"TVD converted from deviation survey; porosity from density-porosity equation (rho_ma=2.65, rho_fl=1.0)"
JUT-01,134125.54,451777.91,1664.36,1660.05,2.13,18.51,2.6149,1659.5,1787.0,1655.27,1781.02,125.75,7.702,ok,"TVD converted from deviation survey; porosity from density-porosity equation (rho_ma=2.65, rho_fl=1.0)"
JUT-01,134125.55,451777.93,1664.51,1660.2,1.95,18.33,2.6179,1659.5,1787.0,1655.27,1781.02,125.75,7.702,ok,"TVD converted from deviation survey; porosity from density-porosity equation (rho_ma=2.65, rho_fl=1.0)"
JUT-01,134125.57,451777.96,1664.67,1660.35,2.04,18.86,2.6163,1659.5,1787.0,1655.27,1781.02,125.75,7.702,ok,"TVD converted from deviation survey; porosity from density-porosity equation (rho_ma=2.65, rho_fl=1.0)"
JUT-01,134125.59,451777.98,1664.82,1660.5,2.15,19.61,2.6146,1659.5,1787.0,1655.27,1781.02,125.75,7.702,ok,"TVD converted from deviation survey; porosity from density-porosity equation (rho_ma=2.65, rho_fl=1.0)"
JUT-01,134125.6,451778.0,1664.97,1660.65,2.24,20.35,2.613,1659.5,1787.0,1655.27,1781.02,125.75,7.702,ok,"TVD converted from deviation survey; porosity from density-porosity equation (rho_ma=2.65, rho_fl=1.0)"
JUT-01,134125.62,451778.03,1665.12,1660.8,2.08,21.05,2.6156,1659.5,1787.0,1655.27,1781.02,125.75,7.702,ok,"TVD converted from deviation survey; porosity from density-porosity equation (rho_ma=2.65, rho_fl=1.0)"
JUT-01,134125.64,451778.05,1665.27,1660.95,1.71,21.66,2.6218,1659.5,1787.0,1655.27,1781.02,125.75,7.702,ok,"TVD converted from deviation survey; porosity from density-porosity equation (rho_ma=2.65, rho_fl=1.0)"
JUT-01,134125.65,451778.07,1665.43,1661.1,1.79,22.76,2.6205,1659.5,1787.0,1655.27,1781.02,125.75,7.702,ok,"TVD converted from deviation survey; porosity from density-porosity equation (rho_ma=2.65, rho_fl=1.0)"
JUT-01,134125.67,451778.1,1665.58,1661.25,2.33,24.61,2.6115,1659.5,1787.0,1655.27,1781.02,125.75,7.702,ok,"TVD converted from deviation survey; porosity from density-porosity equation (rho_ma=2.65, rho_fl=1.0)"
JUT-01,134125.69,451778.12,1665.73,1661.4,4.4,26.96,2.5774,1659.5,1787.0,1655.27,1781.02,125.75,7.702,ok,"TVD converted from deviation survey; porosity from density-porosity equation (rho_ma=2.65, rho_fl=1.0)"
JUT-01,134125.7,451778.14,1665.88,1661.54,8.19,28.26,2.5148,1659.5,1787.0,1655.27,1781.02,125.75,7.702,ok,"TVD converted from deviation survey; porosity from density-porosity equation (rho_ma=2.65, rho_fl=1.0)"
JUT-01,134125.72,451778.16,1666.04,1661.69,9.02,29.37,2.5012,1659.5,1787.0,1655.27,1781.02,125.75,7.702,ok,"TVD converted from deviation survey; porosity from density-porosity equation (rho_ma=2.65, rho_fl=1.0)"
JUT-01,134125.74,451778.19,1666.19,1661.84,8.65,30.23,2.5072,1659.5,1787.0,1655.27,1781.02,125.75,7.702,ok,"TVD converted from deviation survey; porosity from density-porosity equation (rho_ma=2.65, rho_fl=1.0)"
JUT-01,134125.75,451778.21,1666.34,1661.99,7.43,30.98,2.5274,1659.5,1787.0,1655.27,1781.02,125.75,7.702,ok,"TVD converted from deviation survey; porosity from density-porosity equation (rho_ma=2.65, rho_fl=1.0)"
JUT-01,134125.77,451778.23,1666.49,1662.14,6.45,30.26,2.5436,1659.5,1787.0,1655.27,1781.02,125.75,7.702,ok,"TVD converted from deviation survey; porosity from density-porosity equation (rho_ma=2.65, rho_fl=1.0)"
JUT-01,134125.79,451778.26,1666.65,1662.29,7.25,28.72,2.5303,1659.5,1787.0,1655.27,1781.02,125.75,7.702,ok,"TVD converted from deviation survey; porosity from density-porosity equation (rho_ma=2.65, rho_fl=1.0)"
JUT-01,134125.8,451778.28,1666.8,1662.44,8.11,27.18,2.5162,1659.5,1787.0,1655.27,1781.02,125.75,7.702,ok,"TVD converted from deviation survey; porosity from density-porosity equation (rho_ma=2.65, rho_fl=1.0)"
JUT-01,134125.82,451778.3,1666.95,1662.59,8.6,25.64,2.5081,1659.5,1787.0,1655.27,1781.02,125.75,7.702,ok,"TVD converted from deviation survey; porosity from density-porosity equation (rho_ma=2.65, rho_fl=1.0)"
JUT-01,134125.84,451778.33,1667.1,1662.74,8.95,24.06,2.5024,1659.5,1787.0,1655.27,1781.02,125.75,7.702,ok,"TVD converted from deviation survey; porosity from density-porosity equation (rho_ma=2.65, rho_fl=1.0)"
JUT-01,134125.85,451778.35,1667.26,1662.89,9.72,22.44,2.4896,1659.5,1787.0,1655.27,1781.02,125.75,7.702,ok,"TVD converted from deviation survey; porosity from density-porosity equation (rho_ma=2.65, rho_fl=1.0)"
JUT-01,134125.87,451778.37,1667.41,1663.04,10.47,20.81,2.4773,1659.5,1787.0,1655.27,1781.02,125.75,7.702,ok,"TVD converted from deviation survey; porosity from density-porosity equation (rho_ma=2.65, rho_fl=1.0)"
JUT-01,134125.89,451778.39,1667.56,1663.19,10.35,19.76,2.4792,1659.5,1787.0,1655.27,1781.02,125.75,7.702,ok,"TVD converted from deviation survey; porosity from density-porosity equation (rho_ma=2.65, rho_fl=1.0)"
JUT-01,134125.9,451778.42,1667.71,1663.34,9.99,20.0,2.4852,1659.5,1787.0,1655.27,1781.02,125.75,7.702,ok,"TVD converted from deviation survey; porosity from density-porosity equation (rho_ma=2.65, rho_fl=1.0)"
JUT-01,134125.92,451778.44,1667.87,1663.49,10.15,20.92,2.4825,1659.5,1787.0,1655.27,1781.02,125.75,7.702,ok,"TVD converted from deviation survey; porosity from density-porosity equation (rho_ma=2.65, rho_fl=1.0)"
JUT-01,134125.94,451778.46,1668.02,1663.64,9.93,22.11,2.4862,1659.5,1787.0,1655.27,1781.02,125.75,7.702,ok,"TVD converted from deviation survey; porosity from density-porosity equation (rho_ma=2.65, rho_fl=1.0)"
JUT-01,134125.95,451778.49,1668.17,1663.79,10.56,23.29,2.4757,1659.5,1787.0,1655.27,1781.02,125.75,7.702,ok,"TVD converted from deviation survey; porosity from density-porosity equation (rho_ma=2.65, rho_fl=1.0)"
JUT-01,134125.97,451778.51,1668.32,1663.94,11.1,24.47,2.4668,1659.5,1787.0,1655.27,1781.02,125.75,7.702,ok,"TVD converted from deviation survey; porosity from density-porosity equation (rho_ma=2.65, rho_fl=1.0)"
JUT-01,134125.99,451778.53,1668.48,1664.09,10.25,26.58,2.4809,1659.5,1787.0,1655.27,1781.02,125.75,7.702,ok,"TVD converted from deviation survey; porosity from density-porosity equation (rho_ma=2.65, rho_fl=1.0)"
JUT-01,134126.0,451778.56,1668.63,1664.24,8.85,28.42,2.504,1659.5,1787.0,1655.27,1781.02,125.75,7.701,ok,"TVD converted from deviation survey; porosity from density-porosity equation (rho_ma=2.65, rho_fl=1.0)"
JUT-01,134126.02,451778.58,1668.78,1664.39,8.6,28.78,2.5081,1659.5,1787.0,1655.27,1781.02,125.75,7.701,ok,"TVD converted from deviation survey; porosity from density-porosity equation (rho_ma=2.65, rho_fl=1.0)"
JUT-01,134126.04,451778.6,1668.93,1664.54,8.56,28.19,2.5087,1659.5,1787.0,1655.27,1781.02,125.75,7.701,ok,"TVD converted from deviation survey; porosity from density-porosity equation (rho_ma=2.65, rho_fl=1.0)"
JUT-01,134126.05,451778.62,1669.08,1664.69,8.8,27.47,2.5048,1659.5,1787.0,1655.27,1781.02,125.75,7.701,ok,"TVD converted from deviation survey; porosity from density-porosity equation (rho_ma=2.65, rho_fl=1.0)"
JUT-01,134126.07,451778.65,1669.24,1664.84,9.64,27.34,2.4909,1659.5,1787.0,1655.27,1781.02,125.75,7.701,ok,"TVD converted from deviation survey; porosity from density-porosity equation (rho_ma=2.65, rho_fl=1.0)"
JUT-01,134126.09,451778.67,1669.39,1664.99,8.25,27.53,2.5139,1659.5,1787.0,1655.27,1781.02,125.75,7.701,ok,"TVD converted from deviation survey; porosity from density-porosity equation (rho_ma=2.65, rho_fl=1.0)"
JUT-01,134126.1,451778.69,1669.54,1665.14,7.36,27.21,2.5285,1659.5,1787.0,1655.27,1781.02,125.75,7.701,ok,"TVD converted from deviation survey; porosity from density-porosity equation (rho_ma=2.65, rho_fl=1.0)"
JUT-01,134126.12,451778.72,1669.69,1665.29,6.72,26.96,2.5392,1659.5,1787.0,1655.27,1781.02,125.75,7.701,ok,"TVD converted from deviation survey; porosity from density-porosity equation (rho_ma=2.65, rho_fl=1.0)"
JUT-01,134126.14,451778.74,1669.85,1665.44,6.35,27.29,2.5453,1659.5,1787.0,1655.27,1781.02,125.75,7.701,ok,"TVD converted from deviation survey; porosity from density-porosity equation (rho_ma=2.65, rho_fl=1.0)"
JUT-01,134126.15,451778.76,1670.0,1665.59,6.76,27.57,2.5384,1659.5,1787.0,1655.27,1781.02,125.75,7.701,ok,"TVD converted from deviation survey; porosity from density-porosity equation (rho_ma=2.65, rho_fl=1.0)"
JUT-01,134126.17,451778.79,1670.15,1665.74,7.29,27.42,2.5297,1659.5,1787.0,1655.27,1781.02,125.75,7.701,ok,"TVD converted from deviation survey; porosity from density-porosity equation (rho_ma=2.65, rho_fl=1.0)"
JUT-01,134126.19,451778.81,1670.3,1665.89,7.84,27.27,2.5207,1659.5,1787.0,1655.27,1781.02,125.75,7.701,ok,"TVD converted from deviation survey; porosity from density-porosity equation (rho_ma=2.65, rho_fl=1.0)"
JUT-01,134126.2,451778.83,1670.46,1666.04,7.3,27.39,2.5295,1659.5,1787.0,1655.27,1781.02,125.75,7.701,ok,"TVD converted from deviation survey; porosity from density-porosity equation (rho_ma=2.65, rho_fl=1.0)"
JUT-01,134126.22,451778.85,1670.61,1666.19,8.49,27.66,2.5099,1659.5,1787.0,1655.27,1781.02,125.75,7.701,ok,"TVD converted from deviation survey; porosity from density-porosity equation (rho_ma=2.65, rho_fl=1.0)"
JUT-01,134126.24,451778.88,1670.76,1666.34,9.04,27.94,2.5008,1659.5,1787.0,1655.27,1781.02,125.75,7.701,ok,"TVD converted from deviation survey; porosity from density-porosity equation (rho_ma=2.65, rho_fl=1.0)"
JUT-01,134126.25,451778.9,1670.91,1666.49,8.81,28.13,2.5047,1659.5,1787.0,1655.27,1781.02,125.75,7.701,ok,"TVD converted from deviation survey; porosity from density-porosity equation (rho_ma=2.65, rho_fl=1.0)"
JUT-01,134126.27,451778.92,1671.07,1666.64,8.78,28.0,2.5051,1659.5,1787.0,1655.27,1781.02,125.75,7.701,ok,"TVD converted from deviation survey; porosity from density-porosity equation (rho_ma=2.65, rho_fl=1.0)"
JUT-01,134126.29,451778.95,1671.22,1666.78,8.84,27.47,2.5041,1659.5,1787.0,1655.27,1781.02,125.75,7.701,ok,"TVD converted from deviation survey; porosity from density-porosity equation (rho_ma=2.65, rho_fl=1.0)"
JUT-01,134126.3,451778.97,1671.37,1666.93,9.39,26.83,2.495,1659.5,1787.0,1655.27,1781.02,125.75,7.701,ok,"TVD converted from deviation survey; porosity from density-porosity equation (rho_ma=2.65, rho_fl=1.0)"
JUT-01,134126.32,451778.99,1671.52,1667.08,8.16,26.44,2.5153,1659.5,1787.0,1655.27,1781.02,125.75,7.701,ok,"TVD converted from deviation survey; porosity from density-porosity equation (rho_ma=2.65, rho_fl=1.0)"
JUT-01,134126.34,451779.02,1671.68,1667.23,6.9,26.39,2.5362,1659.5,1787.0,1655.27,1781.02,125.75,7.701,ok,"TVD converted from deviation survey; porosity from density-porosity equation (rho_ma=2.65, rho_fl=1.0)"
JUT-01,134126.35,451779.04,1671.83,1667.38,5.82,26.34,2.5539,1659.5,1787.0,1655.27,1781.02,125.75,7.701,ok,"TVD converted from deviation survey; porosity from density-porosity equation (rho_ma=2.65, rho_fl=1.0)"
JUT-01,134126.37,451779.06,1671.98,1667.53,5.18,26.3,2.5646,1659.5,1787.0,1655.27,1781.02,125.75,7.701,ok,"TVD converted from deviation survey; porosity from density-porosity equation (rho_ma=2.65, rho_fl=1.0)"
JUT-01,134126.39,451779.08,1672.13,1667.68,4.73,26.1,2.5719,1659.5,1787.0,1655.27,1781.02,125.75,7.701,ok,"TVD converted from deviation survey; porosity from density-porosity equation (rho_ma=2.65, rho_fl=1.0)"
JUT-01,134126.4,451779.11,1672.29,1667.83,4.57,25.47,2.5746,1659.5,1787.0,1655.27,1781.02,125.75,7.701,ok,"TVD converted from deviation survey; porosity from density-porosity equation (rho_ma=2.65, rho_fl=1.0)"
JUT-01,134126.42,451779.13,1672.44,1667.98,5.88,24.15,2.5529,1659.5,1787.0,1655.27,1781.02,125.75,7.701,ok,"TVD converted from deviation survey; porosity from density-porosity equation (rho_ma=2.65, rho_fl=1.0)"
JUT-01,134126.44,451779.15,1672.59,1668.13,8.49,23.23,2.5099,1659.5,1787.0,1655.27,1781.02,125.75,7.701,ok,"TVD converted from deviation survey; porosity from density-porosity equation (rho_ma=2.65, rho_fl=1.0)"
JUT-01,134126.45,451779.18,1672.74,1668.28,8.34,23.4,2.5124,1659.5,1787.0,1655.27,1781.02,125.75,7.701,ok,"TVD converted from deviation survey; porosity from density-porosity equation (rho_ma=2.65, rho_fl=1.0)"
JUT-01,134126.47,451779.2,1672.89,1668.43,7.3,24.63,2.5296,1659.5,1787.0,1655.27,1781.02,125.75,7.701,ok,"TVD converted from deviation survey; porosity from density-porosity equation (rho_ma=2.65, rho_fl=1.0)"
JUT-01,134126.49,451779.22,1673.05,1668.58,6.25,25.3,2.5469,1659.5,1787.0,1655.27,1781.02,125.75,7.701,ok,"TVD converted from deviation survey; porosity from density-porosity equation (rho_ma=2.65, rho_fl=1.0)"
JUT-01,134126.5,451779.25,1673.2,1668.73,8.61,26.03,2.508,1659.5,1787.0,1655.27,1781.02,125.75,7.701,ok,"TVD converted from deviation survey; porosity from density-porosity equation (rho_ma=2.65, rho_fl=1.0)"
JUT-01,134126.52,451779.27,1673.35,1668.88,8.63,27.18,2.5076,1659.5,1787.0,1655.27,1781.02,125.75,7.701,ok,"TVD converted from deviation survey; porosity from density-porosity equation (rho_ma=2.65, rho_fl=1.0)"
JUT-01,134126.54,451779.29,1673.5,1669.03,7.82,28.14,2.5209,1659.5,1787.0,1655.27,1781.02,125.75,7.701,ok,"TVD converted from deviation survey; porosity from density-porosity equation (rho_ma=2.65, rho_fl=1.0)"
JUT-01,134126.55,451779.31,1673.66,1669.18,6.5,27.99,2.5428,1659.5,1787.0,1655.27,1781.02,125.75,7.701,ok,"TVD converted from deviation survey; porosity from density-porosity equation (rho_ma=2.65, rho_fl=1.0)"
JUT-01,134126.57,451779.34,1673.81,1669.33,4.85,27.23,2.5699,1659.5,1787.0,1655.27,1781.02,125.75,7.701,ok,"TVD converted from deviation survey; porosity from density-porosity equation (rho_ma=2.65, rho_fl=1.0)"
JUT-01,134126.59,451779.36,1673.96,1669.48,3.46,26.36,2.5929,1659.5,1787.0,1655.27,1781.02,125.75,7.701,ok,"TVD converted from deviation survey; porosity from density-porosity equation (rho_ma=2.65, rho_fl=1.0)"
JUT-01,134126.6,451779.38,1674.11,1669.63,2.28,25.48,2.6124,1659.5,1787.0,1655.27,1781.02,125.75,7.701,ok,"TVD converted from deviation survey; porosity from density-porosity equation (rho_ma=2.65, rho_fl=1.0)"
JUT-01,134126.62,451779.41,1674.27,1669.78,3.33,23.78,2.5951,1659.5,1787.0,1655.27,1781.02,125.75,7.701,ok,"TVD converted from deviation survey; porosity from density-porosity equation (rho_ma=2.65, rho_fl=1.0)"
JUT-01,134126.64,451779.43,1674.42,1669.93,5.2,21.97,2.5642,1659.5,1787.0,1655.27,1781.02,125.75,7.701,ok,"TVD converted from deviation survey; porosity from density-porosity equation (rho_ma=2.65, rho_fl=1.0)"
JUT-01,134126.65,451779.45,1674.57,1670.08,7.06,20.69,2.5335,1659.5,1787.0,1655.27,1781.02,125.75,7.701,ok,"TVD converted from deviation survey; porosity from density-porosity equation (rho_ma=2.65, rho_fl=1.0)"
JUT-01,134126.67,451779.48,1674.72,1670.23,7.02,20.12,2.5341,1659.5,1787.0,1655.27,1781.02,125.75,7.701,ok,"TVD converted from deviation survey; porosity from density-porosity equation (rho_ma=2.65, rho_fl=1.0)"
JUT-01,134126.69,451779.5,1674.88,1670.38,6.96,20.76,2.5351,1659.5,1787.0,1655.27,1781.02,125.75,7.7,ok,"TVD converted from deviation survey; porosity from density-porosity equation (rho_ma=2.65, rho_fl=1.0)"
JUT-01,134126.7,451779.52,1675.03,1670.53,8.03,22.86,2.5175,1659.5,1787.0,1655.27,1781.02,125.75,7.7,ok,"TVD converted from deviation survey; porosity from density-porosity equation (rho_ma=2.65, rho_fl=1.0)"
JUT-01,134126.72,451779.54,1675.18,1670.68,9.41,25.3,2.4947,1659.5,1787.0,1655.27,1781.02,125.75,7.7,ok,"TVD converted from deviation survey; porosity from density-porosity equation (rho_ma=2.65, rho_fl=1.0)"
JUT-01,134126.74,451779.57,1675.33,1670.83,10.44,27.89,2.4778,1659.5,1787.0,1655.27,1781.02,125.75,7.7,ok,"TVD converted from deviation survey; porosity from density-porosity equation (rho_ma=2.65, rho_fl=1.0)"
JUT-01,134126.75,451779.59,1675.49,1670.98,9.02,30.21,2.5012,1659.5,1787.0,1655.27,1781.02,125.75,7.7,ok,"TVD converted from deviation survey; porosity from density-porosity equation (rho_ma=2.65, rho_fl=1.0)"
JUT-01,134126.77,451779.61,1675.64,1671.13,8.69,29.05,2.5066,1659.5,1787.0,1655.27,1781.02,125.75,7.7,ok,"TVD converted from deviation survey; porosity from density-porosity equation (rho_ma=2.65, rho_fl=1.0)"
JUT-01,134126.79,451779.64,1675.79,1671.28,9.35,26.96,2.4957,1659.5,1787.0,1655.27,1781.02,125.75,7.7,ok,"TVD converted from deviation survey; porosity from density-porosity equation (rho_ma=2.65, rho_fl=1.0)"
JUT-01,134126.8,451779.66,1675.94,1671.43,8.61,24.38,2.5079,1659.5,1787.0,1655.27,1781.02,125.75,7.7,ok,"TVD converted from deviation survey; porosity from density-porosity equation (rho_ma=2.65, rho_fl=1.0)"
JUT-01,134126.82,451779.68,1676.1,1671.58,7.06,23.81,2.5335,1659.5,1787.0,1655.27,1781.02,125.75,7.7,ok,"TVD converted from deviation survey; porosity from density-porosity equation (rho_ma=2.65, rho_fl=1.0)"
JUT-01,134126.84,451779.71,1676.25,1671.73,6.39,25.43,2.5446,1659.5,1787.0,1655.27,1781.02,125.75,7.7,ok,"TVD converted from deviation survey; porosity from density-porosity equation (rho_ma=2.65, rho_fl=1.0)"
JUT-01,134126.85,451779.73,1676.4,1671.88,4.95,27.78,2.5684,1659.5,1787.0,1655.27,1781.02,125.75,7.7,ok,"TVD converted from deviation survey; porosity from density-porosity equation (rho_ma=2.65, rho_fl=1.0)"
JUT-01,134126.87,451779.75,1676.55,1672.03,3.24,29.95,2.5966,1659.5,1787.0,1655.27,1781.02,125.75,7.7,ok,"TVD converted from deviation survey; porosity from density-porosity equation (rho_ma=2.65, rho_fl=1.0)"
JUT-01,134126.89,451779.77,1676.7,1672.17,3.12,31.51,2.5985,1659.5,1787.0,1655.27,1781.02,125.75,7.7,ok,"TVD converted from deviation survey; porosity from density-porosity equation (rho_ma=2.65, rho_fl=1.0)"
JUT-01,134126.9,451779.8,1676.86,1672.32,4.44,33.81,2.5767,1659.5,1787.0,1655.27,1781.02,125.75,7.7,ok,"TVD converted from deviation survey; porosity from density-porosity equation (rho_ma=2.65, rho_fl=1.0)"
JUT-01,134126.92,451779.82,1677.01,1672.47,5.5,32.88,2.5592,1659.5,1787.0,1655.27,1781.02,125.75,7.7,ok,"TVD converted from deviation survey; porosity from density-porosity equation (rho_ma=2.65, rho_fl=1.0)"
JUT-01,134126.94,451779.84,1677.16,1672.62,6.25,30.42,2.5469,1659.5,1787.0,1655.27,1781.02,125.75,7.7,ok,"TVD converted from deviation survey; porosity from density-porosity equation (rho_ma=2.65, rho_fl=1.0)"
JUT-01,134126.95,451779.87,1677.31,1672.77,3.94,28.31,2.585,1659.5,1787.0,1655.27,1781.02,125.75,7.7,ok,"TVD converted from deviation survey; porosity from density-porosity equation (rho_ma=2.65, rho_fl=1.0)"
JUT-01,134126.97,451779.89,1677.47,1672.92,3.26,26.98,2.5962,1659.5,1787.0,1655.27,1781.02,125.75,7.7,ok,"TVD converted from deviation survey; porosity from density-porosity equation (rho_ma=2.65, rho_fl=1.0)"
JUT-01,134126.99,451779.91,1677.62,1673.07,4.83,26.56,2.5703,1659.5,1787.0,1655.27,1781.02,125.75,7.7,ok,"TVD converted from deviation survey; porosity from density-porosity equation (rho_ma=2.65, rho_fl=1.0)"
JUT-01,134127.0,451779.94,1677.77,1673.22,5.98,27.88,2.5513,1659.5,1787.0,1655.27,1781.02,125.75,7.7,ok,"TVD converted from deviation survey; porosity from density-porosity equation (rho_ma=2.65, rho_fl=1.0)"
JUT-01,134127.02,451779.96,1677.92,1673.37,5.75,30.68,2.5551,1659.5,1787.0,1655.27,1781.02,125.75,7.7,ok,"TVD converted from deviation survey; porosity from density-porosity equation (rho_ma=2.65, rho_fl=1.0)"
JUT-01,134127.04,451779.98,1678.08,1673.52,5.72,35.13,2.5557,1659.5,1787.0,1655.27,1781.02,125.75,7.7,ok,"TVD converted from deviation survey; porosity from density-porosity equation (rho_ma=2.65, rho_fl=1.0)"
JUT-01,134127.05,451780.0,1678.23,1673.67,5.58,39.57,2.5579,1659.5,1787.0,1655.27,1781.02,125.75,7.7,ok,"TVD converted from deviation survey; porosity from density-porosity equation (rho_ma=2.65, rho_fl=1.0)"
JUT-01,134127.07,451780.03,1678.38,1673.82,6.45,43.14,2.5435,1659.5,1787.0,1655.27,1781.02,125.75,7.7,ok,"TVD converted from deviation survey; porosity from density-porosity equation (rho_ma=2.65, rho_fl=1.0)"
JUT-01,134127.09,451780.05,1678.53,1673.97,7.76,40.84,2.522,1659.5,1787.0,1655.27,1781.02,125.75,7.7,ok,"TVD converted from deviation survey; porosity from density-porosity equation (rho_ma=2.65, rho_fl=1.0)"
JUT-01,134127.1,451780.07,1678.69,1674.12,8.08,36.37,2.5166,1659.5,1787.0,1655.27,1781.02,125.75,7.7,ok,"TVD converted from deviation survey; porosity from density-porosity equation (rho_ma=2.65, rho_fl=1.0)"
JUT-01,134127.12,451780.1,1678.84,1674.27,8.06,31.9,2.517,1659.5,1787.0,1655.27,1781.02,125.75,7.7,ok,"TVD converted from deviation survey; porosity from density-porosity equation (rho_ma=2.65, rho_fl=1.0)"
JUT-01,134127.14,451780.12,1678.99,1674.42,8.66,28.69,2.5071,1659.5,1787.0,1655.27,1781.02,125.75,7.7,ok,"TVD converted from deviation survey; porosity from density-porosity equation (rho_ma=2.65, rho_fl=1.0)"
JUT-01,134127.15,451780.14,1679.14,1674.57,9.02,27.08,2.5011,1659.5,1787.0,1655.27,1781.02,125.75,7.7,ok,"TVD converted from deviation survey; porosity from density-porosity equation (rho_ma=2.65, rho_fl=1.0)"
JUT-01,134127.17,451780.17,1679.3,1674.72,9.26,27.74,2.4972,1659.5,1787.0,1655.27,1781.02,125.75,7.7,ok,"TVD converted from deviation survey; porosity from density-porosity equation (rho_ma=2.65, rho_fl=1.0)"
JUT-01,134127.19,451780.19,1679.45,1674.87,9.42,28.74,2.4945,1659.5,1787.0,1655.27,1781.02,125.75,7.7,ok,"TVD converted from deviation survey; porosity from density-porosity equation (rho_ma=2.65, rho_fl=1.0)"
JUT-01,134127.2,451780.21,1679.6,1675.02,9.94,29.41,2.486,1659.5,1787.0,1655.27,1781.02,125.75,7.7,ok,"TVD converted from deviation survey; porosity from density-porosity equation (rho_ma=2.65, rho_fl=1.0)"
JUT-01,134127.22,451780.23,1679.75,1675.17,10.13,29.75,2.4828,1659.5,1787.0,1655.27,1781.02,125.75,7.7,ok,"TVD converted from deviation survey; porosity from density-porosity equation (rho_ma=2.65, rho_fl=1.0)"
JUT-01,134127.24,451780.26,1679.91,1675.32,10.27,29.42,2.4805,1659.5,1787.0,1655.27,1781.02,125.75,7.7,ok,"TVD converted from deviation survey; porosity from density-porosity equation (rho_ma=2.65, rho_fl=1.0)"
JUT-01,134127.25,451780.28,1680.06,1675.47,9.59,28.88,2.4917,1659.5,1787.0,1655.27,1781.02,125.75,7.7,ok,"TVD converted from deviation survey; porosity from density-porosity equation (rho_ma=2.65, rho_fl=1.0)"
JUT-01,134127.27,451780.3,1680.21,1675.62,10.16,28.22,2.4823,1659.5,1787.0,1655.27,1781.02,125.75,7.7,ok,"TVD converted from deviation survey; porosity from density-porosity equation (rho_ma=2.65, rho_fl=1.0)"
JUT-01,134127.29,451780.33,1680.36,1675.77,10.7,27.72,2.4734,1659.5,1787.0,1655.27,1781.02,125.75,7.7,ok,"TVD converted from deviation survey; porosity from density-porosity equation (rho_ma=2.65, rho_fl=1.0)"
JUT-01,134127.3,451780.35,1680.51,1675.92,10.83,27.21,2.4713,1659.5,1787.0,1655.27,1781.02,125.75,7.7,ok,"TVD converted from deviation survey; porosity from density-porosity equation (rho_ma=2.65, rho_fl=1.0)"
JUT-01,134127.32,451780.37,1680.67,1676.07,10.07,27.02,2.4839,1659.5,1787.0,1655.27,1781.02,125.75,7.7,ok,"TVD converted from deviation survey; porosity from density-porosity equation (rho_ma=2.65, rho_fl=1.0)"
JUT-01,134127.34,451780.4,1680.82,1676.22,9.49,27.15,2.4934,1659.5,1787.0,1655.27,1781.02,125.75,7.7,ok,"TVD converted from deviation survey; porosity from density-porosity equation (rho_ma=2.65, rho_fl=1.0)"
JUT-01,134127.35,451780.42,1680.97,1676.37,9.35,27.75,2.4958,1659.5,1787.0,1655.27,1781.02,125.75,7.7,ok,"TVD converted from deviation survey; porosity from density-porosity equation (rho_ma=2.65, rho_fl=1.0)"
JUT-01,134127.37,451780.44,1681.12,1676.52,9.38,28.76,2.4952,1659.5,1787.0,1655.27,1781.02,125.75,7.699,ok,"TVD converted from deviation survey; porosity from density-porosity equation (rho_ma=2.65, rho_fl=1.0)"
JUT-01,134127.39,451780.46,1681.28,1676.67,8.57,29.9,2.5086,1659.5,1787.0,1655.27,1781.02,125.75,7.699,ok,"TVD converted from deviation survey; porosity from density-porosity equation (rho_ma=2.65, rho_fl=1.0)"
JUT-01,134127.4,451780.49,1681.43,1676.82,7.83,29.93,2.5208,1659.5,1787.0,1655.27,1781.02,125.75,7.699,ok,"TVD converted from deviation survey; porosity from density-porosity equation (rho_ma=2.65, rho_fl=1.0)"
JUT-01,134127.42,451780.51,1681.58,1676.97,7.58,29.76,2.525,1659.5,1787.0,1655.27,1781.02,125.75,7.699,ok,"TVD converted from deviation survey; porosity from density-porosity equation (rho_ma=2.65, rho_fl=1.0)"
JUT-01,134127.44,451780.53,1681.73,1677.12,6.41,29.39,2.5442,1659.5,1787.0,1655.27,1781.02,125.75,7.699,ok,"TVD converted from deviation survey; porosity from density-porosity equation (rho_ma=2.65, rho_fl=1.0)"
JUT-01,134127.45,451780.56,1681.89,1677.27,6.32,28.79,2.5458,1659.5,1787.0,1655.27,1781.02,125.75,7.699,ok,"TVD converted from deviation survey; porosity from density-porosity equation (rho_ma=2.65, rho_fl=1.0)"
JUT-01,134127.47,451780.58,1682.04,1677.41,6.65,28.18,2.5403,1659.5,1787.0,1655.27,1781.02,125.75,7.699,ok,"TVD converted from deviation survey; porosity from density-porosity equation (rho_ma=2.65, rho_fl=1.0)"
JUT-01,134127.49,451780.6,1682.19,1677.56,7.02,27.14,2.5341,1659.5,1787.0,1655.27,1781.02,125.75,7.699,ok,"TVD converted from deviation survey; porosity from density-porosity equation (rho_ma=2.65, rho_fl=1.0)"
JUT-01,134127.5,451780.63,1682.34,1677.71,7.54,26.46,2.5256,1659.5,1787.0,1655.27,1781.02,125.75,7.699,ok,"TVD converted from deviation survey; porosity from density-porosity equation (rho_ma=2.65, rho_fl=1.0)"
JUT-01,134127.52,451780.65,1682.5,1677.86,7.81,27.27,2.5211,1659.5,1787.0,1655.27,1781.02,125.75,7.699,ok,"TVD converted from deviation survey; porosity from density-porosity equation (rho_ma=2.65, rho_fl=1.0)"
JUT-01,134127.54,451780.67,1682.65,1678.01,7.36,29.02,2.5285,1659.5,1787.0,1655.27,1781.02,125.75,7.699,ok,"TVD converted from deviation survey; porosity from density-porosity equation (rho_ma=2.65, rho_fl=1.0)"
JUT-01,134127.55,451780.69,1682.8,1678.16,6.1,31.2,2.5493,1659.5,1787.0,1655.27,1781.02,125.75,7.699,ok,"TVD converted from deviation survey; porosity from density-porosity equation (rho_ma=2.65, rho_fl=1.0)"
JUT-01,134127.57,451780.72,1682.95,1678.31,4.9,33.22,2.5692,1659.5,1787.0,1655.27,1781.02,125.75,7.699,ok,"TVD converted from deviation survey; porosity from density-porosity equation (rho_ma=2.65, rho_fl=1.0)"
JUT-01,134127.59,451780.74,1683.11,1678.46,4.28,33.45,2.5794,1659.5,1787.0,1655.27,1781.02,125.75,7.699,ok,"TVD converted from deviation survey; porosity from density-porosity equation (rho_ma=2.65, rho_fl=1.0)"
JUT-01,134127.6,451780.76,1683.26,1678.61,5.59,31.62,2.5577,1659.5,1787.0,1655.27,1781.02,125.75,7.699,ok,"TVD converted from deviation survey; porosity from density-porosity equation (rho_ma=2.65, rho_fl=1.0)"
JUT-01,134127.62,451780.79,1683.41,1678.76,6.01,30.46,2.5509,1659.5,1787.0,1655.27,1781.02,125.75,7.699,ok,"TVD converted from deviation survey; porosity from density-porosity equation (rho_ma=2.65, rho_fl=1.0)"
JUT-01,134127.64,451780.81,1683.56,1678.91,5.5,30.13,2.5593,1659.5,1787.0,1655.27,1781.02,125.75,7.699,ok,"TVD converted from deviation survey; porosity from density-porosity equation (rho_ma=2.65, rho_fl=1.0)"
JUT-01,134127.65,451780.83,1683.72,1679.06,4.72,29.64,2.5721,1659.5,1787.0,1655.27,1781.02,125.75,7.699,ok,"TVD converted from deviation survey; porosity from density-porosity equation (rho_ma=2.65, rho_fl=1.0)"
JUT-01,134127.67,451780.86,1683.87,1679.21,4.88,28.58,2.5695,1659.5,1787.0,1655.27,1781.02,125.75,7.699,ok,"TVD converted from deviation survey; porosity from density-porosity equation (rho_ma=2.65, rho_fl=1.0)"
JUT-01,134127.68,451780.88,1684.02,1679.36,4.84,27.3,2.5701,1659.5,1787.0,1655.27,1781.02,125.75,7.699,ok,"TVD converted from deviation survey; porosity from density-porosity equation (rho_ma=2.65, rho_fl=1.0)"
JUT-01,134127.7,451780.9,1684.17,1679.51,5.34,25.99,2.5619,1659.5,1787.0,1655.27,1781.02,125.75,7.699,ok,"TVD converted from deviation survey; porosity from density-porosity equation (rho_ma=2.65, rho_fl=1.0)"
JUT-01,134127.72,451780.92,1684.32,1679.66,6.16,24.76,2.5484,1659.5,1787.0,1655.27,1781.02,125.75,7.699,ok,"TVD converted from deviation survey; porosity from density-porosity equation (rho_ma=2.65, rho_fl=1.0)"
JUT-01,134127.73,451780.95,1684.48,1679.81,7.16,24.92,2.5319,1659.5,1787.0,1655.27,1781.02,125.75,7.699,ok,"TVD converted from deviation survey; porosity from density-porosity equation (rho_ma=2.65, rho_fl=1.0)"
JUT-01,134127.75,451780.97,1684.63,1679.96,7.95,25.57,2.5188,1659.5,1787.0,1655.27,1781.02,125.75,7.699,ok,"TVD converted from deviation survey; porosity from density-porosity equation (rho_ma=2.65, rho_fl=1.0)"
JUT-01,134127.77,451780.99,1684.78,1680.11,9.66,26.62,2.4906,1659.5,1787.0,1655.27,1781.02,125.75,7.699,ok,"TVD converted from deviation survey; porosity from density-porosity equation (rho_ma=2.65, rho_fl=1.0)"
JUT-01,134127.78,451781.02,1684.93,1680.26,10.72,26.64,2.4732,1659.5,1787.0,1655.27,1781.02,125.75,7.699,ok,"TVD converted from deviation survey; porosity from density-porosity equation (rho_ma=2.65, rho_fl=1.0)"
JUT-01,134127.8,451781.04,1685.09,1680.41,11.31,26.33,2.4634,1659.5,1787.0,1655.27,1781.02,125.75,7.699,ok,"TVD converted from deviation survey; porosity from density-porosity equation (rho_ma=2.65, rho_fl=1.0)"
JUT-01,134127.82,451781.06,1685.24,1680.56,11.7,25.14,2.457,1659.5,1787.0,1655.27,1781.02,125.75,7.699,ok,"TVD converted from deviation survey; porosity from density-porosity equation (rho_ma=2.65, rho_fl=1.0)"
JUT-01,134127.83,451781.09,1685.39,1680.71,12.28,23.92,2.4473,1659.5,1787.0,1655.27,1781.02,125.75,7.699,ok,"TVD converted from deviation survey; porosity from density-porosity equation (rho_ma=2.65, rho_fl=1.0)"
JUT-01,134127.85,451781.11,1685.54,1680.86,12.62,21.77,2.4417,1659.5,1787.0,1655.27,1781.02,125.75,7.699,ok,"TVD converted from deviation survey; porosity from density-porosity equation (rho_ma=2.65, rho_fl=1.0)"
JUT-01,134127.87,451781.13,1685.7,1681.01,11.62,21.36,2.4582,1659.5,1787.0,1655.27,1781.02,125.75,7.699,ok,"TVD converted from deviation survey; porosity from density-porosity equation (rho_ma=2.65, rho_fl=1.0)"
JUT-01,134127.88,451781.15,1685.85,1681.16,11.85,22.41,2.4545,1659.5,1787.0,1655.27,1781.02,125.75,7.699,ok,"TVD converted from deviation survey; porosity from density-porosity equation (rho_ma=2.65, rho_fl=1.0)"
JUT-01,134127.9,451781.18,1686.0,1681.31,12.13,24.23,2.4499,1659.5,1787.0,1655.27,1781.02,125.75,7.699,ok,"TVD converted from deviation survey; porosity from density-porosity equation (rho_ma=2.65, rho_fl=1.0)"
JUT-01,134127.92,451781.2,1686.15,1681.46,11.41,26.44,2.4618,1659.5,1787.0,1655.27,1781.02,125.75,7.699,ok,"TVD converted from deviation survey; porosity from density-porosity equation (rho_ma=2.65, rho_fl=1.0)"
JUT-01,134127.93,451781.22,1686.31,1681.61,10.28,27.77,2.4804,1659.5,1787.0,1655.27,1781.02,125.75,7.699,ok,"TVD converted from deviation survey; porosity from density-porosity equation (rho_ma=2.65, rho_fl=1.0)"
JUT-01,134127.95,451781.25,1686.46,1681.76,9.35,27.18,2.4957,1659.5,1787.0,1655.27,1781.02,125.75,7.699,ok,"TVD converted from deviation survey; porosity from density-porosity equation (rho_ma=2.65, rho_fl=1.0)"
JUT-01,134127.97,451781.27,1686.61,1681.91,8.63,25.85,2.5076,1659.5,1787.0,1655.27,1781.02,125.75,7.699,ok,"TVD converted from deviation survey; porosity from density-porosity equation (rho_ma=2.65, rho_fl=1.0)"
JUT-01,134127.98,451781.29,1686.76,1682.06,7.92,24.41,2.5194,1659.5,1787.0,1655.27,1781.02,125.75,7.699,ok,"TVD converted from deviation survey; porosity from density-porosity equation (rho_ma=2.65, rho_fl=1.0)"
JUT-01,134128.0,451781.32,1686.92,1682.21,6.84,23.62,2.5371,1659.5,1787.0,1655.27,1781.02,125.75,7.699,ok,"TVD converted from deviation survey; porosity from density-porosity equation (rho_ma=2.65, rho_fl=1.0)"
JUT-01,134128.02,451781.34,1687.07,1682.36,5.68,23.76,2.5563,1659.5,1787.0,1655.27,1781.02,125.75,7.699,ok,"TVD converted from deviation survey; porosity from density-porosity equation (rho_ma=2.65, rho_fl=1.0)"
JUT-01,134128.03,451781.36,1687.22,1682.51,4.76,24.61,2.5715,1659.5,1787.0,1655.27,1781.02,125.75,7.699,ok,"TVD converted from deviation survey; porosity from density-porosity equation (rho_ma=2.65, rho_fl=1.0)"
JUT-01,134128.05,451781.38,1687.37,1682.66,5.42,24.82,2.5606,1659.5,1787.0,1655.27,1781.02,125.75,7.698,ok,"TVD converted from deviation survey; porosity from density-porosity equation (rho_ma=2.65, rho_fl=1.0)"
JUT-01,134128.07,451781.41,1687.53,1682.8,6.55,25.02,2.5419,1659.5,1787.0,1655.27,1781.02,125.75,7.698,ok,"TVD converted from deviation survey; porosity from density-porosity equation (rho_ma=2.65, rho_fl=1.0)"
JUT-01,134128.08,451781.43,1687.68,1682.95,8.05,25.67,2.5171,1659.5,1787.0,1655.27,1781.02,125.75,7.698,ok,"TVD converted from deviation survey; porosity from density-porosity equation (rho_ma=2.65, rho_fl=1.0)"
JUT-01,134128.1,451781.45,1687.83,1683.1,9.58,25.89,2.492,1659.5,1787.0,1655.27,1781.02,125.75,7.698,ok,"TVD converted from deviation survey; porosity from density-porosity equation (rho_ma=2.65, rho_fl=1.0)"
JUT-01,134128.12,451781.48,1687.98,1683.25,10.74,25.25,2.4728,1659.5,1787.0,1655.27,1781.02,125.75,7.698,ok,"TVD converted from deviation survey; porosity from density-porosity equation (rho_ma=2.65, rho_fl=1.0)"
JUT-01,134128.13,451781.5,1688.13,1683.4,11.36,24.4,2.4625,1659.5,1787.0,1655.27,1781.02,125.75,7.698,ok,"TVD converted from deviation survey; porosity from density-porosity equation (rho_ma=2.65, rho_fl=1.0)"
JUT-01,134128.15,451781.52,1688.29,1683.55,11.99,23.56,2.4522,1659.5,1787.0,1655.27,1781.02,125.75,7.698,ok,"TVD converted from deviation survey; porosity from density-porosity equation (rho_ma=2.65, rho_fl=1.0)"
JUT-01,134128.17,451781.55,1688.44,1683.7,12.37,22.71,2.4459,1659.5,1787.0,1655.27,1781.02,125.75,7.698,ok,"TVD converted from deviation survey; porosity from density-porosity equation (rho_ma=2.65, rho_fl=1.0)"
JUT-01,134128.18,451781.57,1688.59,1683.85,12.28,22.08,2.4474,1659.5,1787.0,1655.27,1781.02,125.75,7.698,ok,"TVD converted from deviation survey; porosity from density-porosity equation (rho_ma=2.65, rho_fl=1.0)"
JUT-01,134128.2,451781.59,1688.74,1684.0,12.13,21.99,2.4498,1659.5,1787.0,1655.27,1781.02,125.75,7.698,ok,"TVD converted from deviation survey; porosity from density-porosity equation (rho_ma=2.65, rho_fl=1.0)"
JUT-01,134128.22,451781.61,1688.9,1684.15,12.11,22.1,2.4502,1659.5,1787.0,1655.27,1781.02,125.75,7.698,ok,"TVD converted from deviation survey; porosity from density-porosity equation (rho_ma=2.65, rho_fl=1.0)"
JUT-01,134128.23,451781.64,1689.05,1684.3,12.3,22.42,2.447,1659.5,1787.0,1655.27,1781.02,125.75,7.698,ok,"TVD converted from deviation survey; porosity from density-porosity equation (rho_ma=2.65, rho_fl=1.0)"
JUT-01,134128.25,451781.66,1689.2,1684.45,12.56,21.73,2.4427,1659.5,1787.0,1655.27,1781.02,125.75,7.698,ok,"TVD converted from deviation survey; porosity from density-porosity equation (rho_ma=2.65, rho_fl=1.0)"
JUT-01,134128.27,451781.68,1689.35,1684.6,13.24,20.6,2.4315,1659.5,1787.0,1655.27,1781.02,125.75,7.698,ok,"TVD converted from deviation survey; porosity from density-porosity equation (rho_ma=2.65, rho_fl=1.0)"
JUT-01,134128.28,451781.71,1689.51,1684.75,14.12,21.06,2.4171,1659.5,1787.0,1655.27,1781.02,125.75,7.698,ok,"TVD converted from deviation survey; porosity from density-porosity equation (rho_ma=2.65, rho_fl=1.0)"
JUT-01,134128.3,451781.73,1689.66,1684.9,14.53,22.51,2.4103,1659.5,1787.0,1655.27,1781.02,125.75,7.698,ok,"TVD converted from deviation survey; porosity from density-porosity equation (rho_ma=2.65, rho_fl=1.0)"
JUT-01,134128.32,451781.75,1689.81,1685.05,14.81,23.24,2.4056,1659.5,1787.0,1655.27,1781.02,125.75,7.698,ok,"TVD converted from deviation survey; porosity from density-porosity equation (rho_ma=2.65, rho_fl=1.0)"
JUT-01,134128.33,451781.78,1689.96,1685.2,14.79,22.33,2.406,1659.5,1787.0,1655.27,1781.02,125.75,7.698,ok,"TVD converted from deviation survey; porosity from density-porosity equation (rho_ma=2.65, rho_fl=1.0)"
JUT-01,134128.35,451781.8,1690.12,1685.35,15.01,20.9,2.4024,1659.5,1787.0,1655.27,1781.02,125.75,7.698,ok,"TVD converted from deviation survey; porosity from density-porosity equation (rho_ma=2.65, rho_fl=1.0)"
JUT-01,134128.37,451781.82,1690.27,1685.5,15.42,20.03,2.3955,1659.5,1787.0,1655.27,1781.02,125.75,7.698,ok,"TVD converted from deviation survey; porosity from density-porosity equation (rho_ma=2.65, rho_fl=1.0)"
JUT-01,134128.38,451781.84,1690.42,1685.65,15.92,20.18,2.3874,1659.5,1787.0,1655.27,1781.02,125.75,7.698,ok,"TVD converted from deviation survey; porosity from density-porosity equation (rho_ma=2.65, rho_fl=1.0)"
JUT-01,134128.4,451781.87,1690.57,1685.8,15.44,20.86,2.3953,1659.5,1787.0,1655.27,1781.02,125.75,7.698,ok,"TVD converted from deviation survey; porosity from density-porosity equation (rho_ma=2.65, rho_fl=1.0)"
JUT-01,134128.42,451781.89,1690.73,1685.95,14.86,22.43,2.4048,1659.5,1787.0,1655.27,1781.02,125.75,7.698,ok,"TVD converted from deviation survey; porosity from density-porosity equation (rho_ma=2.65, rho_fl=1.0)"
JUT-01,134128.43,451781.91,1690.88,1686.1,14.58,24.01,2.4095,1659.5,1787.0,1655.27,1781.02,125.75,7.698,ok,"TVD converted from deviation survey; porosity from density-porosity equation (rho_ma=2.65, rho_fl=1.0)"
JUT-01,134128.45,451781.94,1691.03,1686.25,14.58,24.94,2.4095,1659.5,1787.0,1655.27,1781.02,125.75,7.698,ok,"TVD converted from deviation survey; porosity from density-porosity equation (rho_ma=2.65, rho_fl=1.0)"
JUT-01,134128.47,451781.96,1691.18,1686.4,14.62,24.72,2.4088,1659.5,1787.0,1655.27,1781.02,125.75,7.698,ok,"TVD converted from deviation survey; porosity from density-porosity equation (rho_ma=2.65, rho_fl=1.0)"
JUT-01,134128.48,451781.98,1691.34,1686.55,14.18,23.97,2.416,1659.5,1787.0,1655.27,1781.02,125.75,7.698,ok,"TVD converted from deviation survey; porosity from density-porosity equation (rho_ma=2.65, rho_fl=1.0)"
JUT-01,134128.5,451782.01,1691.49,1686.7,14.64,22.71,2.4084,1659.5,1787.0,1655.27,1781.02,125.75,7.698,ok,"TVD converted from deviation survey; porosity from density-porosity equation (rho_ma=2.65, rho_fl=1.0)"
JUT-01,134128.52,451782.03,1691.64,1686.85,15.13,21.52,2.4004,1659.5,1787.0,1655.27,1781.02,125.75,7.698,ok,"TVD converted from deviation survey; porosity from density-porosity equation (rho_ma=2.65, rho_fl=1.0)"
JUT-01,134128.53,451782.05,1691.79,1687.0,14.77,21.25,2.4063,1659.5,1787.0,1655.27,1781.02,125.75,7.698,ok,"TVD converted from deviation survey; porosity from density-porosity equation (rho_ma=2.65, rho_fl=1.0)"
JUT-01,134128.55,451782.07,1691.94,1687.15,14.33,20.98,2.4136,1659.5,1787.0,1655.27,1781.02,125.75,7.698,ok,"TVD converted from deviation survey; porosity from density-porosity equation (rho_ma=2.65, rho_fl=1.0)"
JUT-01,134128.57,451782.1,1692.1,1687.3,14.4,20.51,2.4124,1659.5,1787.0,1655.27,1781.02,125.75,7.698,ok,"TVD converted from deviation survey; porosity from density-porosity equation (rho_ma=2.65, rho_fl=1.0)"
JUT-01,134128.58,451782.12,1692.25,1687.45,14.47,20.03,2.4112,1659.5,1787.0,1655.27,1781.02,125.75,7.698,ok,"TVD converted from deviation survey; porosity from density-porosity equation (rho_ma=2.65, rho_fl=1.0)"
JUT-01,134128.6,451782.14,1692.4,1687.6,14.24,20.13,2.4151,1659.5,1787.0,1655.27,1781.02,125.75,7.698,ok,"TVD converted from deviation survey; porosity from density-porosity equation (rho_ma=2.65, rho_fl=1.0)"
JUT-01,134128.62,451782.17,1692.55,1687.75,13.62,21.49,2.4252,1659.5,1787.0,1655.27,1781.02,125.75,7.698,ok,"TVD converted from deviation survey; porosity from density-porosity equation (rho_ma=2.65, rho_fl=1.0)"
JUT-01,134128.63,451782.19,1692.71,1687.9,12.29,23.21,2.4472,1659.5,1787.0,1655.27,1781.02,125.75,7.698,ok,"TVD converted from deviation survey; porosity from density-porosity equation (rho_ma=2.65, rho_fl=1.0)"
JUT-01,134128.65,451782.21,1692.86,1688.04,12.67,23.17,2.4409,1659.5,1787.0,1655.27,1781.02,125.75,7.698,ok,"TVD converted from deviation survey; porosity from density-porosity equation (rho_ma=2.65, rho_fl=1.0)"
JUT-01,134128.67,451782.24,1693.01,1688.19,13.55,22.02,2.4264,1659.5,1787.0,1655.27,1781.02,125.75,7.698,ok,"TVD converted from deviation survey; porosity from density-porosity equation (rho_ma=2.65, rho_fl=1.0)"
JUT-01,134128.68,451782.26,1693.16,1688.34,14.22,20.8,2.4153,1659.5,1787.0,1655.27,1781.02,125.75,7.698,ok,"TVD converted from deviation survey; porosity from density-porosity equation (rho_ma=2.65, rho_fl=1.0)"
JUT-01,134128.7,451782.28,1693.32,1688.49,14.36,19.0,2.4131,1659.5,1787.0,1655.27,1781.02,125.75,7.698,ok,"TVD converted from deviation survey; porosity from density-porosity equation (rho_ma=2.65, rho_fl=1.0)"
JUT-01,134128.72,451782.3,1693.47,1688.64,13.23,17.71,2.4317,1659.5,1787.0,1655.27,1781.02,125.75,7.698,ok,"TVD converted from deviation survey; porosity from density-porosity equation (rho_ma=2.65, rho_fl=1.0)"
JUT-01,134128.73,451782.33,1693.62,1688.79,11.71,17.53,2.4568,1659.5,1787.0,1655.27,1781.02,125.75,7.697,ok,"TVD converted from deviation survey; porosity from density-porosity equation (rho_ma=2.65, rho_fl=1.0)"
JUT-01,134128.75,451782.35,1693.77,1688.94,10.19,19.45,2.4819,1659.5,1787.0,1655.27,1781.02,125.75,7.697,ok,"TVD converted from deviation survey; porosity from density-porosity equation (rho_ma=2.65, rho_fl=1.0)"
JUT-01,134128.77,451782.37,1693.93,1689.09,10.08,21.03,2.4836,1659.5,1787.0,1655.27,1781.02,125.75,7.697,ok,"TVD converted from deviation survey; porosity from density-porosity equation (rho_ma=2.65, rho_fl=1.0)"
JUT-01,134128.78,451782.4,1694.08,1689.24,9.89,20.83,2.4868,1659.5,1787.0,1655.27,1781.02,125.75,7.697,ok,"TVD converted from deviation survey; porosity from density-porosity equation (rho_ma=2.65, rho_fl=1.0)"
JUT-01,134128.8,451782.42,1694.23,1689.39,10.47,20.04,2.4773,1659.5,1787.0,1655.27,1781.02,125.75,7.697,ok,"TVD converted from deviation survey; porosity from density-porosity equation (rho_ma=2.65, rho_fl=1.0)"
JUT-01,134128.82,451782.44,1694.38,1689.54,10.79,19.71,2.4719,1659.5,1787.0,1655.27,1781.02,125.75,7.697,ok,"TVD converted from deviation survey; porosity from density-porosity equation (rho_ma=2.65, rho_fl=1.0)"
JUT-01,134128.83,451782.47,1694.54,1689.69,11.38,20.73,2.4623,1659.5,1787.0,1655.27,1781.02,125.75,7.697,ok,"TVD converted from deviation survey; porosity from density-porosity equation (rho_ma=2.65, rho_fl=1.0)"
JUT-01,134128.85,451782.49,1694.69,1689.84,12.36,22.28,2.446,1659.5,1787.0,1655.27,1781.02,125.75,7.697,ok,"TVD converted from deviation survey; porosity from density-porosity equation (rho_ma=2.65, rho_fl=1.0)"
JUT-01,134128.87,451782.51,1694.84,1689.99,12.82,23.83,2.4384,1659.5,1787.0,1655.27,1781.02,125.75,7.697,ok,"TVD converted from deviation survey; porosity from density-porosity equation (rho_ma=2.65, rho_fl=1.0)"
JUT-01,134128.88,451782.53,1694.99,1690.14,13.13,25.31,2.4334,1659.5,1787.0,1655.27,1781.02,125.75,7.697,ok,"TVD converted from deviation survey; porosity from density-porosity equation (rho_ma=2.65, rho_fl=1.0)"
JUT-01,134128.9,451782.56,1695.15,1690.29,13.08,26.62,2.4341,1659.5,1787.0,1655.27,1781.02,125.75,7.697,ok,"TVD converted from deviation survey; porosity from density-porosity equation (rho_ma=2.65, rho_fl=1.0)"
JUT-01,134128.92,451782.58,1695.3,1690.44,13.17,27.39,2.4327,1659.5,1787.0,1655.27,1781.02,125.75,7.697,ok,"TVD converted from deviation survey; porosity from density-porosity equation (rho_ma=2.65, rho_fl=1.0)"
JUT-01,134128.93,451782.6,1695.45,1690.59,14.02,27.15,2.4186,1659.5,1787.0,1655.27,1781.02,125.75,7.697,ok,"TVD converted from deviation survey; porosity from density-porosity equation (rho_ma=2.65, rho_fl=1.0)"
JUT-01,134128.95,451782.63,1695.6,1690.74,14.01,26.59,2.4188,1659.5,1787.0,1655.27,1781.02,125.75,7.697,ok,"TVD converted from deviation survey; porosity from density-porosity equation (rho_ma=2.65, rho_fl=1.0)"
JUT-01,134128.97,451782.65,1695.75,1690.89,13.25,25.66,2.4313,1659.5,1787.0,1655.27,1781.02,125.75,7.697,ok,"TVD converted from deviation survey; porosity from density-porosity equation (rho_ma=2.65, rho_fl=1.0)"
JUT-01,134128.98,451782.67,1695.91,1691.04,13.58,24.39,2.426,1659.5,1787.0,1655.27,1781.02,125.75,7.697,ok,"TVD converted from deviation survey; porosity from density-porosity equation (rho_ma=2.65, rho_fl=1.0)"
JUT-01,134129.0,451782.7,1696.06,1691.19,13.05,23.51,2.4347,1659.5,1787.0,1655.27,1781.02,125.75,7.697,ok,"TVD converted from deviation survey; porosity from density-porosity equation (rho_ma=2.65, rho_fl=1.0)"
JUT-01,134129.02,451782.72,1696.21,1691.34,12.47,23.16,2.4443,1659.5,1787.0,1655.27,1781.02,125.75,7.697,ok,"TVD converted from deviation survey; porosity from density-porosity equation (rho_ma=2.65, rho_fl=1.0)"
JUT-01,134129.03,451782.74,1696.36,1691.49,12.12,22.87,2.4501,1659.5,1787.0,1655.27,1781.02,125.75,7.697,ok,"TVD converted from deviation survey; porosity from density-porosity equation (rho_ma=2.65, rho_fl=1.0)"
JUT-01,134129.05,451782.76,1696.52,1691.64,12.88,21.95,2.4375,1659.5,1787.0,1655.27,1781.02,125.75,7.697,ok,"TVD converted from deviation survey; porosity from density-porosity equation (rho_ma=2.65, rho_fl=1.0)"
JUT-01,134129.07,451782.79,1696.67,1691.79,12.84,20.8,2.4382,1659.5,1787.0,1655.27,1781.02,125.75,7.697,ok,"TVD converted from deviation survey; porosity from density-porosity equation (rho_ma=2.65, rho_fl=1.0)"
JUT-01,134129.08,451782.81,1696.82,1691.94,13.02,20.17,2.4351,1659.5,1787.0,1655.27,1781.02,125.75,7.697,ok,"TVD converted from deviation survey; porosity from density-porosity equation (rho_ma=2.65, rho_fl=1.0)"
JUT-01,134129.1,451782.83,1696.97,1692.09,13.58,21.01,2.4259,1659.5,1787.0,1655.27,1781.02,125.75,7.697,ok,"TVD converted from deviation survey; porosity from density-porosity equation (rho_ma=2.65, rho_fl=1.0)"
JUT-01,134129.12,451782.86,1697.13,1692.24,14.01,22.44,2.4188,1659.5,1787.0,1655.27,1781.02,125.75,7.697,ok,"TVD converted from deviation survey; porosity from density-porosity equation (rho_ma=2.65, rho_fl=1.0)"
JUT-01,134129.13,451782.88,1697.28,1692.39,14.19,23.33,2.4158,1659.5,1787.0,1655.27,1781.02,125.75,7.697,ok,"TVD converted from deviation survey; porosity from density-porosity equation (rho_ma=2.65, rho_fl=1.0)"
JUT-01,134129.15,451782.9,1697.43,1692.54,13.62,23.05,2.4252,1659.5,1787.0,1655.27,1781.02,125.75,7.697,ok,"TVD converted from deviation survey; porosity from density-porosity equation (rho_ma=2.65, rho_fl=1.0)"
JUT-01,134129.17,451782.93,1697.58,1692.69,12.48,22.34,2.444,1659.5,1787.0,1655.27,1781.02,125.75,7.697,ok,"TVD converted from deviation survey; porosity from density-porosity equation (rho_ma=2.65, rho_fl=1.0)"
JUT-01,134129.18,451782.95,1697.74,1692.84,11.5,22.04,2.4602,1659.5,1787.0,1655.27,1781.02,125.75,7.697,ok,"TVD converted from deviation survey; porosity from density-porosity equation (rho_ma=2.65, rho_fl=1.0)"
JUT-01,134129.2,451782.97,1697.89,1692.99,11.35,23.11,2.4628,1659.5,1787.0,1655.27,1781.02,125.75,7.697,ok,"TVD converted from deviation survey; porosity from density-porosity equation (rho_ma=2.65, rho_fl=1.0)"
JUT-01,134129.22,451782.99,1698.04,1693.14,11.41,24.07,2.4617,1659.5,1787.0,1655.27,1781.02,125.75,7.697,ok,"TVD converted from deviation survey; porosity from density-porosity equation (rho_ma=2.65, rho_fl=1.0)"
JUT-01,134129.23,451783.02,1698.19,1693.28,11.47,24.63,2.4607,1659.5,1787.0,1655.27,1781.02,125.75,7.697,ok,"TVD converted from deviation survey; porosity from density-porosity equation (rho_ma=2.65, rho_fl=1.0)"
JUT-01,134129.25,451783.04,1698.35,1693.43,12.08,25.19,2.4507,1659.5,1787.0,1655.27,1781.02,125.75,7.697,ok,"TVD converted from deviation survey; porosity from density-porosity equation (rho_ma=2.65, rho_fl=1.0)"
JUT-01,134129.27,451783.06,1698.5,1693.58,13.13,25.39,2.4333,1659.5,1787.0,1655.27,1781.02,125.75,7.697,ok,"TVD converted from deviation survey; porosity from density-porosity equation (rho_ma=2.65, rho_fl=1.0)"
JUT-01,134129.28,451783.09,1698.65,1693.73,12.8,25.03,2.4388,1659.5,1787.0,1655.27,1781.02,125.75,7.697,ok,"TVD converted from deviation survey; porosity from density-porosity equation (rho_ma=2.65, rho_fl=1.0)"
JUT-01,134129.3,451783.11,1698.8,1693.88,12.82,24.24,2.4384,1659.5,1787.0,1655.27,1781.02,125.75,7.697,ok,"TVD converted from deviation survey; porosity from density-porosity equation (rho_ma=2.65, rho_fl=1.0)"
JUT-01,134129.32,451783.13,1698.96,1694.03,12.85,23.44,2.438,1659.5,1787.0,1655.27,1781.02,125.75,7.697,ok,"TVD converted from deviation survey; porosity from density-porosity equation (rho_ma=2.65, rho_fl=1.0)"
JUT-01,134129.33,451783.16,1699.11,1694.18,14.37,22.64,2.4129,1659.5,1787.0,1655.27,1781.02,125.75,7.697,ok,"TVD converted from deviation survey; porosity from density-porosity equation (rho_ma=2.65, rho_fl=1.0)"
JUT-01,134129.35,451783.18,1699.26,1694.33,15.57,21.84,2.3931,1659.5,1787.0,1655.27,1781.02,125.75,7.697,ok,"TVD converted from deviation survey; porosity from density-porosity equation (rho_ma=2.65, rho_fl=1.0)"
JUT-01,134129.37,451783.2,1699.41,1694.48,15.9,21.26,2.3877,1659.5,1787.0,1655.27,1781.02,125.75,7.697,ok,"TVD converted from deviation survey; porosity from density-porosity equation (rho_ma=2.65, rho_fl=1.0)"
JUT-01,134129.38,451783.22,1699.56,1694.63,16.3,21.83,2.381,1659.5,1787.0,1655.27,1781.02,125.75,7.697,ok,"TVD converted from deviation survey; porosity from density-porosity equation (rho_ma=2.65, rho_fl=1.0)"
JUT-01,134129.4,451783.25,1699.72,1694.78,16.66,23.42,2.3751,1659.5,1787.0,1655.27,1781.02,125.75,7.696,ok,"TVD converted from deviation survey; porosity from density-porosity equation (rho_ma=2.65, rho_fl=1.0)"
JUT-01,134129.42,451783.27,1699.87,1694.93,16.22,23.54,2.3823,1659.5,1787.0,1655.27,1781.02,125.75,7.696,ok,"TVD converted from deviation survey; porosity from density-porosity equation (rho_ma=2.65, rho_fl=1.0)"
JUT-01,134129.43,451783.29,1700.02,1695.08,16.39,22.78,2.3795,1659.5,1787.0,1655.27,1781.02,125.75,7.696,ok,"TVD converted from deviation survey; porosity from density-porosity equation (rho_ma=2.65, rho_fl=1.0)"
JUT-01,134129.45,451783.31,1700.17,1695.23,16.62,22.03,2.3758,1659.5,1787.0,1655.27,1781.02,125.75,7.696,ok,"TVD converted from deviation survey; porosity from density-porosity equation (rho_ma=2.65, rho_fl=1.0)"
JUT-01,134129.46,451783.33,1700.33,1695.38,16.46,21.27,2.3784,1659.5,1787.0,1655.27,1781.02,125.75,7.696,ok,"TVD converted from deviation survey; porosity from density-porosity equation (rho_ma=2.65, rho_fl=1.0)"
JUT-01,134129.48,451783.35,1700.48,1695.53,17.4,20.43,2.3629,1659.5,1787.0,1655.27,1781.02,125.75,7.696,ok,"TVD converted from deviation survey; porosity from density-porosity equation (rho_ma=2.65, rho_fl=1.0)"
JUT-01,134129.49,451783.37,1700.63,1695.68,17.27,19.58,2.365,1659.5,1787.0,1655.27,1781.02,125.75,7.696,ok,"TVD converted from deviation survey; porosity from density-porosity equation (rho_ma=2.65, rho_fl=1.0)"
JUT-01,134129.5,451783.39,1700.78,1695.83,17.81,19.92,2.3561,1659.5,1787.0,1655.27,1781.02,125.75,7.696,ok,"TVD converted from deviation survey; porosity from density-porosity equation (rho_ma=2.65, rho_fl=1.0)"
JUT-01,134129.52,451783.4,1700.94,1695.99,17.68,21.01,2.3582,1659.5,1787.0,1655.27,1781.02,125.75,7.696,ok,"TVD converted from deviation survey; porosity from density-porosity equation (rho_ma=2.65, rho_fl=1.0)"
JUT-01,134129.53,451783.42,1701.09,1696.14,17.43,22.45,2.3624,1659.5,1787.0,1655.27,1781.02,125.75,7.696,ok,"TVD converted from deviation survey; porosity from density-porosity equation (rho_ma=2.65, rho_fl=1.0)"
JUT-01,134129.55,451783.44,1701.24,1696.29,17.55,23.21,2.3605,1659.5,1787.0,1655.27,1781.02,125.75,7.696,ok,"TVD converted from deviation survey; porosity from density-porosity equation (rho_ma=2.65, rho_fl=1.0)"
JUT-01,134129.56,451783.46,1701.39,1696.44,17.18,22.91,2.3666,1659.5,1787.0,1655.27,1781.02,125.75,7.696,ok,"TVD converted from deviation survey; porosity from density-porosity equation (rho_ma=2.65, rho_fl=1.0)"
JUT-01,134129.58,451783.48,1701.55,1696.59,16.83,21.47,2.3723,1659.5,1787.0,1655.27,1781.02,125.75,7.696,ok,"TVD converted from deviation survey; porosity from density-porosity equation (rho_ma=2.65, rho_fl=1.0)"
JUT-01,134129.59,451783.5,1701.7,1696.74,16.67,19.88,2.3749,1659.5,1787.0,1655.27,1781.02,125.75,7.696,ok,"TVD converted from deviation survey; porosity from density-porosity equation (rho_ma=2.65, rho_fl=1.0)"
JUT-01,134129.6,451783.51,1701.85,1696.89,16.71,18.74,2.3743,1659.5,1787.0,1655.27,1781.02,125.75,7.696,ok,"TVD converted from deviation survey; porosity from density-porosity equation (rho_ma=2.65, rho_fl=1.0)"
JUT-01,134129.62,451783.53,1702.0,1697.04,16.87,18.65,2.3717,1659.5,1787.0,1655.27,1781.02,125.75,7.696,ok,"TVD converted from deviation survey; porosity from density-porosity equation (rho_ma=2.65, rho_fl=1.0)"
JUT-01,134129.63,451783.55,1702.16,1697.19,16.43,18.92,2.3789,1659.5,1787.0,1655.27,1781.02,125.75,7.696,ok,"TVD converted from deviation survey; porosity from density-porosity equation (rho_ma=2.65, rho_fl=1.0)"
JUT-01,134129.65,451783.57,1702.31,1697.34,16.18,19.2,2.383,1659.5,1787.0,1655.27,1781.02,125.75,7.696,ok,"TVD converted from deviation survey; porosity from density-porosity equation (rho_ma=2.65, rho_fl=1.0)"
JUT-01,134129.66,451783.59,1702.46,1697.49,16.51,19.46,2.3776,1659.5,1787.0,1655.27,1781.02,125.75,7.696,ok,"TVD converted from deviation survey; porosity from density-porosity equation (rho_ma=2.65, rho_fl=1.0)"
JUT-01,134129.68,451783.61,1702.61,1697.64,16.46,19.35,2.3784,1659.5,1787.0,1655.27,1781.02,125.75,7.696,ok,"TVD converted from deviation survey; porosity from density-porosity equation (rho_ma=2.65, rho_fl=1.0)"
JUT-01,134129.69,451783.63,1702.77,1697.79,16.53,19.52,2.3772,1659.5,1787.0,1655.27,1781.02,125.75,7.696,ok,"TVD converted from deviation survey; porosity from density-porosity equation (rho_ma=2.65, rho_fl=1.0)"
JUT-01,134129.7,451783.64,1702.92,1697.94,15.99,20.24,2.3861,1659.5,1787.0,1655.27,1781.02,125.75,7.696,ok,"TVD converted from deviation survey; porosity from density-porosity equation (rho_ma=2.65, rho_fl=1.0)"
JUT-01,134129.72,451783.66,1703.07,1698.09,15.96,20.96,2.3866,1659.5,1787.0,1655.27,1781.02,125.75,7.696,ok,"TVD converted from deviation survey; porosity from density-porosity equation (rho_ma=2.65, rho_fl=1.0)"
JUT-01,134129.73,451783.68,1703.22,1698.24,14.84,21.62,2.4052,1659.5,1787.0,1655.27,1781.02,125.75,7.696,ok,"TVD converted from deviation survey; porosity from density-porosity equation (rho_ma=2.65, rho_fl=1.0)"
JUT-01,134129.75,451783.7,1703.37,1698.39,13.82,22.19,2.422,1659.5,1787.0,1655.27,1781.02,125.75,7.696,ok,"TVD converted from deviation survey; porosity from density-porosity equation (rho_ma=2.65, rho_fl=1.0)"
JUT-01,134129.76,451783.72,1703.53,1698.55,13.28,22.23,2.4308,1659.5,1787.0,1655.27,1781.02,125.75,7.696,ok,"TVD converted from deviation survey; porosity from density-porosity equation (rho_ma=2.65, rho_fl=1.0)"
JUT-01,134129.78,451783.74,1703.68,1698.7,12.87,21.72,2.4376,1659.5,1787.0,1655.27,1781.02,125.75,7.696,ok,"TVD converted from deviation survey; porosity from density-porosity equation (rho_ma=2.65, rho_fl=1.0)"
JUT-01,134129.79,451783.76,1703.83,1698.85,12.32,21.29,2.4468,1659.5,1787.0,1655.27,1781.02,125.75,7.696,ok,"TVD converted from deviation survey; porosity from density-porosity equation (rho_ma=2.65, rho_fl=1.0)"
JUT-01,134129.81,451783.77,1703.98,1699.0,12.12,20.87,2.45,1659.5,1787.0,1655.27,1781.02,125.75,7.696,ok,"TVD converted from deviation survey; porosity from density-porosity equation (rho_ma=2.65, rho_fl=1.0)"
JUT-01,134129.82,451783.79,1704.14,1699.15,12.31,21.15,2.4469,1659.5,1787.0,1655.27,1781.02,125.75,7.696,ok,"TVD converted from deviation survey; porosity from density-porosity equation (rho_ma=2.65, rho_fl=1.0)"
JUT-01,134129.83,451783.81,1704.29,1699.3,12.19,21.61,2.4489,1659.5,1787.0,1655.27,1781.02,125.75,7.696,ok,"TVD converted from deviation survey; porosity from density-porosity equation (rho_ma=2.65, rho_fl=1.0)"
JUT-01,134129.85,451783.83,1704.44,1699.45,11.94,21.86,2.453,1659.5,1787.0,1655.27,1781.02,125.75,7.696,ok,"TVD converted from deviation survey; porosity from density-porosity equation (rho_ma=2.65, rho_fl=1.0)"
JUT-01,134129.86,451783.85,1704.59,1699.6,11.47,21.52,2.4608,1659.5,1787.0,1655.27,1781.02,125.75,7.696,ok,"TVD converted from deviation survey; porosity from density-porosity equation (rho_ma=2.65, rho_fl=1.0)"
JUT-01,134129.88,451783.87,1704.75,1699.75,11.05,21.18,2.4677,1659.5,1787.0,1655.27,1781.02,125.75,7.696,ok,"TVD converted from deviation survey; porosity from density-porosity equation (rho_ma=2.65, rho_fl=1.0)"
JUT-01,134129.89,451783.89,1704.9,1699.9,10.2,21.22,2.4817,1659.5,1787.0,1655.27,1781.02,125.75,7.696,ok,"TVD converted from deviation survey; porosity from density-porosity equation (rho_ma=2.65, rho_fl=1.0)"
JUT-01,134129.91,451783.9,1705.05,1700.05,9.67,21.26,2.4904,1659.5,1787.0,1655.27,1781.02,125.75,7.696,ok,"TVD converted from deviation survey; porosity from density-porosity equation (rho_ma=2.65, rho_fl=1.0)"
JUT-01,134129.92,451783.92,1705.2,1700.2,9.61,21.3,2.4914,1659.5,1787.0,1655.27,1781.02,125.75,7.696,ok,"TVD converted from deviation survey; porosity from density-porosity equation (rho_ma=2.65, rho_fl=1.0)"
JUT-01,134129.93,451783.94,1705.36,1700.35,10.64,21.34,2.4744,1659.5,1787.0,1655.27,1781.02,125.75,7.696,ok,"TVD converted from deviation survey; porosity from density-porosity equation (rho_ma=2.65, rho_fl=1.0)"
JUT-01,134129.95,451783.96,1705.51,1700.5,10.98,21.11,2.4688,1659.5,1787.0,1655.27,1781.02,125.75,7.696,ok,"TVD converted from deviation survey; porosity from density-porosity equation (rho_ma=2.65, rho_fl=1.0)"
JUT-01,134129.96,451783.98,1705.66,1700.65,10.84,20.8,2.4711,1659.5,1787.0,1655.27,1781.02,125.75,7.696,ok,"TVD converted from deviation survey; porosity from density-porosity equation (rho_ma=2.65, rho_fl=1.0)"
JUT-01,134129.98,451784.0,1705.81,1700.8,10.73,20.92,2.4729,1659.5,1787.0,1655.27,1781.02,125.75,7.696,ok,"TVD converted from deviation survey; porosity from density-porosity equation (rho_ma=2.65, rho_fl=1.0)"
JUT-01,134129.99,451784.01,1705.97,1700.95,9.72,21.74,2.4897,1659.5,1787.0,1655.27,1781.02,125.75,7.696,ok,"TVD converted from deviation survey; porosity from density-porosity equation (rho_ma=2.65, rho_fl=1.0)"
JUT-01,134130.01,451784.03,1706.12,1701.11,8.22,24.11,2.5143,1659.5,1787.0,1655.27,1781.02,125.75,7.696,ok,"TVD converted from deviation survey; porosity from density-porosity equation (rho_ma=2.65, rho_fl=1.0)"
JUT-01,134130.02,451784.05,1706.27,1701.26,8.3,27.76,2.5131,1659.5,1787.0,1655.27,1781.02,125.75,7.696,ok,"TVD converted from deviation survey; porosity from density-porosity equation (rho_ma=2.65, rho_fl=1.0)"
JUT-01,134130.04,451784.07,1706.42,1701.41,8.92,30.77,2.5029,1659.5,1787.0,1655.27,1781.02,125.75,7.696,ok,"TVD converted from deviation survey; porosity from density-porosity equation (rho_ma=2.65, rho_fl=1.0)"
JUT-01,134130.05,451784.09,1706.58,1701.56,8.64,32.33,2.5074,1659.5,1787.0,1655.27,1781.02,125.75,7.696,ok,"TVD converted from deviation survey; porosity from density-porosity equation (rho_ma=2.65, rho_fl=1.0)"
JUT-01,134130.06,451784.11,1706.73,1701.71,8.24,33.45,2.514,1659.5,1787.0,1655.27,1781.02,125.75,7.696,ok,"TVD converted from deviation survey; porosity from density-porosity equation (rho_ma=2.65, rho_fl=1.0)"
JUT-01,134130.08,451784.13,1706.88,1701.86,8.99,33.41,2.5017,1659.5,1787.0,1655.27,1781.02,125.75,7.696,ok,"TVD converted from deviation survey; porosity from density-porosity equation (rho_ma=2.65, rho_fl=1.0)"
JUT-01,134130.09,451784.14,1707.03,1702.01,10.41,32.41,2.4782,1659.5,1787.0,1655.27,1781.02,125.75,7.696,ok,"TVD converted from deviation survey; porosity from density-porosity equation (rho_ma=2.65, rho_fl=1.0)"
JUT-01,134130.11,451784.16,1707.18,1702.16,11.78,29.58,2.4557,1659.5,1787.0,1655.27,1781.02,125.75,7.695,ok,"TVD converted from deviation survey; porosity from density-porosity equation (rho_ma=2.65, rho_fl=1.0)"
JUT-01,134130.12,451784.18,1707.34,1702.31,11.84,26.63,2.4546,1659.5,1787.0,1655.27,1781.02,125.75,7.695,ok,"TVD converted from deviation survey; porosity from density-porosity equation (rho_ma=2.65, rho_fl=1.0)"
JUT-01,134130.14,451784.2,1707.49,1702.46,11.5,25.71,2.4603,1659.5,1787.0,1655.27,1781.02,125.75,7.695,ok,"TVD converted from deviation survey; porosity from density-porosity equation (rho_ma=2.65, rho_fl=1.0)"
JUT-01,134130.15,451784.22,1707.64,1702.61,11.12,25.12,2.4665,1659.5,1787.0,1655.27,1781.02,125.75,7.695,ok,"TVD converted from deviation survey; porosity from density-porosity equation (rho_ma=2.65, rho_fl=1.0)"
JUT-01,134130.16,451784.24,1707.79,1702.76,10.89,24.41,2.4703,1659.5,1787.0,1655.27,1781.02,125.75,7.695,ok,"TVD converted from deviation survey; porosity from density-porosity equation (rho_ma=2.65, rho_fl=1.0)"
JUT-01,134130.18,451784.26,1707.95,1702.91,10.49,23.67,2.4769,1659.5,1787.0,1655.27,1781.02,125.75,7.695,ok,"TVD converted from deviation survey; porosity from density-porosity equation (rho_ma=2.65, rho_fl=1.0)"
JUT-01,134130.19,451784.27,1708.1,1703.06,10.36,23.5,2.479,1659.5,1787.0,1655.27,1781.02,125.75,7.695,ok,"TVD converted from deviation survey; porosity from density-porosity equation (rho_ma=2.65, rho_fl=1.0)"
JUT-01,134130.21,451784.29,1708.25,1703.21,10.93,24.05,2.4696,1659.5,1787.0,1655.27,1781.02,125.75,7.695,ok,"TVD converted from deviation survey; porosity from density-porosity equation (rho_ma=2.65, rho_fl=1.0)"
JUT-01,134130.22,451784.31,1708.4,1703.36,11.51,24.9,2.4601,1659.5,1787.0,1655.27,1781.02,125.75,7.695,ok,"TVD converted from deviation survey; porosity from density-porosity equation (rho_ma=2.65, rho_fl=1.0)"
JUT-01,134130.24,451784.33,1708.56,1703.51,12.08,24.05,2.4507,1659.5,1787.0,1655.27,1781.02,125.75,7.695,ok,"TVD converted from deviation survey; porosity from density-porosity equation (rho_ma=2.65, rho_fl=1.0)"
JUT-01,134130.25,451784.35,1708.71,1703.67,12.65,23.2,2.4412,1659.5,1787.0,1655.27,1781.02,125.75,7.695,ok,"TVD converted from deviation survey; porosity from density-porosity equation (rho_ma=2.65, rho_fl=1.0)"
JUT-01,134130.26,451784.37,1708.86,1703.82,12.32,22.66,2.4468,1659.5,1787.0,1655.27,1781.02,125.75,7.695,ok,"TVD converted from deviation survey; porosity from density-porosity equation (rho_ma=2.65, rho_fl=1.0)"
JUT-01,134130.28,451784.39,1709.01,1703.97,11.78,22.82,2.4557,1659.5,1787.0,1655.27,1781.02,125.75,7.695,ok,"TVD converted from deviation survey; porosity from density-porosity equation (rho_ma=2.65, rho_fl=1.0)"
JUT-01,134130.29,451784.4,1709.17,1704.12,11.39,23.39,2.4621,1659.5,1787.0,1655.27,1781.02,125.75,7.695,ok,"TVD converted from deviation survey; porosity from density-porosity equation (rho_ma=2.65, rho_fl=1.0)"
JUT-01,134130.31,451784.42,1709.32,1704.27,11.75,24.11,2.4562,1659.5,1787.0,1655.27,1781.02,125.75,7.695,ok,"TVD converted from deviation survey; porosity from density-porosity equation (rho_ma=2.65, rho_fl=1.0)"
JUT-01,134130.32,451784.44,1709.47,1704.42,12.59,24.83,2.4423,1659.5,1787.0,1655.27,1781.02,125.75,7.695,ok,"TVD converted from deviation survey; porosity from density-porosity equation (rho_ma=2.65, rho_fl=1.0)"
JUT-01,134130.34,451784.46,1709.62,1704.57,12.57,25.32,2.4426,1659.5,1787.0,1655.27,1781.02,125.75,7.695,ok,"TVD converted from deviation survey; porosity from density-porosity equation (rho_ma=2.65, rho_fl=1.0)"
JUT-01,134130.35,451784.48,1709.78,1704.72,12.68,24.9,2.4407,1659.5,1787.0,1655.27,1781.02,125.75,7.695,ok,"TVD converted from deviation survey; porosity from density-porosity equation (rho_ma=2.65, rho_fl=1.0)"
JUT-01,134130.37,451784.5,1709.93,1704.87,12.96,23.8,2.4362,1659.5,1787.0,1655.27,1781.02,125.75,7.695,ok,"TVD converted from deviation survey; porosity from density-porosity equation (rho_ma=2.65, rho_fl=1.0)"
JUT-01,134130.38,451784.51,1710.08,1705.02,12.46,22.71,2.4444,1659.5,1787.0,1655.27,1781.02,125.75,7.695,ok,"TVD converted from deviation survey; porosity from density-porosity equation (rho_ma=2.65, rho_fl=1.0)"
JUT-01,134130.39,451784.53,1710.23,1705.17,11.31,21.81,2.4634,1659.5,1787.0,1655.27,1781.02,125.75,7.695,ok,"TVD converted from deviation survey; porosity from density-porosity equation (rho_ma=2.65, rho_fl=1.0)"
JUT-01,134130.41,451784.55,1710.39,1705.32,11.19,22.69,2.4653,1659.5,1787.0,1655.27,1781.02,125.75,7.695,ok,"TVD converted from deviation survey; porosity from density-porosity equation (rho_ma=2.65, rho_fl=1.0)"
JUT-01,134130.42,451784.57,1710.54,1705.47,10.36,25.29,2.4791,1659.5,1787.0,1655.27,1781.02,125.75,7.695,ok,"TVD converted from deviation survey; porosity from density-porosity equation (rho_ma=2.65, rho_fl=1.0)"
JUT-01,134130.44,451784.59,1710.69,1705.62,10.73,27.51,2.4729,1659.5,1787.0,1655.27,1781.02,125.75,7.695,ok,"TVD converted from deviation survey; porosity from density-porosity equation (rho_ma=2.65, rho_fl=1.0)"
JUT-01,134130.45,451784.61,1710.84,1705.77,10.84,29.1,2.4711,1659.5,1787.0,1655.27,1781.02,125.75,7.695,ok,"TVD converted from deviation survey; porosity from density-porosity equation (rho_ma=2.65, rho_fl=1.0)"
JUT-01,134130.47,451784.63,1710.99,1705.92,11.76,28.94,2.456,1659.5,1787.0,1655.27,1781.02,125.75,7.695,ok,"TVD converted from deviation survey; porosity from density-porosity equation (rho_ma=2.65, rho_fl=1.0)"
JUT-01,134130.48,451784.64,1711.15,1706.07,13.2,27.97,2.4322,1659.5,1787.0,1655.27,1781.02,125.75,7.695,ok,"TVD converted from deviation survey; porosity from density-porosity equation (rho_ma=2.65, rho_fl=1.0)"
JUT-01,134130.49,451784.66,1711.3,1706.23,14.19,26.88,2.4159,1659.5,1787.0,1655.27,1781.02,125.75,7.695,ok,"TVD converted from deviation survey; porosity from density-porosity equation (rho_ma=2.65, rho_fl=1.0)"
JUT-01,134130.51,451784.68,1711.45,1706.38,14.84,25.79,2.4052,1659.5,1787.0,1655.27,1781.02,125.75,7.695,ok,"TVD converted from deviation survey; porosity from density-porosity equation (rho_ma=2.65, rho_fl=1.0)"
JUT-01,134130.52,451784.7,1711.6,1706.53,15.5,24.92,2.3942,1659.5,1787.0,1655.27,1781.02,125.75,7.695,ok,"TVD converted from deviation survey; porosity from density-porosity equation (rho_ma=2.65, rho_fl=1.0)"
JUT-01,134130.54,451784.72,1711.76,1706.68,16.46,24.23,2.3784,1659.5,1787.0,1655.27,1781.02,125.75,7.695,ok,"TVD converted from deviation survey; porosity from density-porosity equation (rho_ma=2.65, rho_fl=1.0)"
JUT-01,134130.55,451784.74,1711.91,1706.83,16.6,23.54,2.3761,1659.5,1787.0,1655.27,1781.02,125.75,7.695,ok,"TVD converted from deviation survey; porosity from density-porosity equation (rho_ma=2.65, rho_fl=1.0)"
JUT-01,134130.57,451784.76,1712.06,1706.98,15.85,22.89,2.3885,1659.5,1787.0,1655.27,1781.02,125.75,7.695,ok,"TVD converted from deviation survey; porosity from density-porosity equation (rho_ma=2.65, rho_fl=1.0)"
JUT-01,134130.58,451784.77,1712.21,1707.13,15.1,23.56,2.4009,1659.5,1787.0,1655.27,1781.02,125.75,7.695,ok,"TVD converted from deviation survey; porosity from density-porosity equation (rho_ma=2.65, rho_fl=1.0)"
JUT-01,134130.59,451784.79,1712.37,1707.28,14.65,24.36,2.4083,1659.5,1787.0,1655.27,1781.02,125.75,7.695,ok,"TVD converted from deviation survey; porosity from density-porosity equation (rho_ma=2.65, rho_fl=1.0)"
JUT-01,134130.61,451784.81,1712.52,1707.43,14.74,24.74,2.4068,1659.5,1787.0,1655.27,1781.02,125.75,7.695,ok,"TVD converted from deviation survey; porosity from density-porosity equation (rho_ma=2.65, rho_fl=1.0)"
JUT-01,134130.62,451784.83,1712.67,1707.58,15.01,25.12,2.4024,1659.5,1787.0,1655.27,1781.02,125.75,7.695,ok,"TVD converted from deviation survey; porosity from density-porosity equation (rho_ma=2.65, rho_fl=1.0)"
JUT-01,134130.64,451784.85,1712.82,1707.73,15.15,25.06,2.4001,1659.5,1787.0,1655.27,1781.02,125.75,7.695,ok,"TVD converted from deviation survey; porosity from density-porosity equation (rho_ma=2.65, rho_fl=1.0)"
JUT-01,134130.65,451784.87,1712.98,1707.88,15.09,24.99,2.401,1659.5,1787.0,1655.27,1781.02,125.75,7.695,ok,"TVD converted from deviation survey; porosity from density-porosity equation (rho_ma=2.65, rho_fl=1.0)"
JUT-01,134130.67,451784.89,1713.13,1708.03,14.92,24.65,2.4038,1659.5,1787.0,1655.27,1781.02,125.75,7.695,ok,"TVD converted from deviation survey; porosity from density-porosity equation (rho_ma=2.65, rho_fl=1.0)"
JUT-01,134130.68,451784.9,1713.28,1708.18,15.36,23.33,2.3966,1659.5,1787.0,1655.27,1781.02,125.75,7.695,ok,"TVD converted from deviation survey; porosity from density-porosity equation (rho_ma=2.65, rho_fl=1.0)"
JUT-01,134130.7,451784.92,1713.43,1708.33,15.73,20.3,2.3904,1659.5,1787.0,1655.27,1781.02,125.75,7.695,ok,"TVD converted from deviation survey; porosity from density-porosity equation (rho_ma=2.65, rho_fl=1.0)"
JUT-01,134130.71,451784.94,1713.59,1708.48,15.33,18.06,2.397,1659.5,1787.0,1655.27,1781.02,125.75,7.695,ok,"TVD converted from deviation survey; porosity from density-porosity equation (rho_ma=2.65, rho_fl=1.0)"
JUT-01,134130.72,451784.96,1713.74,1708.63,15.09,17.01,2.401,1659.5,1787.0,1655.27,1781.02,125.75,7.695,ok,"TVD converted from deviation survey; porosity from density-porosity equation (rho_ma=2.65, rho_fl=1.0)"
JUT-01,134130.74,451784.98,1713.89,1708.79,15.12,18.04,2.4006,1659.5,1787.0,1655.27,1781.02,125.75,7.695,ok,"TVD converted from deviation survey; porosity from density-porosity equation (rho_ma=2.65, rho_fl=1.0)"
JUT-01,134130.75,451785.0,1714.04,1708.94,14.15,20.05,2.4165,1659.5,1787.0,1655.27,1781.02,125.75,7.695,ok,"TVD converted from deviation survey; porosity from density-porosity equation (rho_ma=2.65, rho_fl=1.0)"
JUT-01,134130.77,451785.01,1714.2,1709.09,12.79,23.56,2.439,1659.5,1787.0,1655.27,1781.02,125.75,7.695,ok,"TVD converted from deviation survey; porosity from density-porosity equation (rho_ma=2.65, rho_fl=1.0)"
JUT-01,134130.78,451785.03,1714.35,1709.24,12.49,24.57,2.4439,1659.5,1787.0,1655.27,1781.02,125.75,7.695,ok,"TVD converted from deviation survey; porosity from density-porosity equation (rho_ma=2.65, rho_fl=1.0)"
JUT-01,134130.8,451785.05,1714.5,1709.39,14.21,24.6,2.4156,1659.5,1787.0,1655.27,1781.02,125.75,7.694,ok,"TVD converted from deviation survey; porosity from density-porosity equation (rho_ma=2.65, rho_fl=1.0)"
JUT-01,134130.81,451785.07,1714.65,1709.54,14.93,24.2,2.4037,1659.5,1787.0,1655.27,1781.02,125.75,7.694,ok,"TVD converted from deviation survey; porosity from density-porosity equation (rho_ma=2.65, rho_fl=1.0)"
JUT-01,134130.82,451785.09,1714.8,1709.69,15.24,23.42,2.3986,1659.5,1787.0,1655.27,1781.02,125.75,7.694,ok,"TVD converted from deviation survey; porosity from density-porosity equation (rho_ma=2.65, rho_fl=1.0)"
JUT-01,134130.84,451785.11,1714.96,1709.84,14.36,23.49,2.4131,1659.5,1787.0,1655.27,1781.02,125.75,7.694,ok,"TVD converted from deviation survey; porosity from density-porosity equation (rho_ma=2.65, rho_fl=1.0)"
JUT-01,134130.85,451785.13,1715.11,1709.99,14.04,24.34,2.4183,1659.5,1787.0,1655.27,1781.02,125.75,7.694,ok,"TVD converted from deviation survey; porosity from density-porosity equation (rho_ma=2.65, rho_fl=1.0)"
JUT-01,134130.87,451785.14,1715.26,1710.14,14.47,25.53,2.4113,1659.5,1787.0,1655.27,1781.02,125.75,7.694,ok,"TVD converted from deviation survey; porosity from density-porosity equation (rho_ma=2.65, rho_fl=1.0)"
JUT-01,134130.88,451785.16,1715.41,1710.29,14.66,26.06,2.4081,1659.5,1787.0,1655.27,1781.02,125.75,7.694,ok,"TVD converted from deviation survey; porosity from density-porosity equation (rho_ma=2.65, rho_fl=1.0)"
JUT-01,134130.9,451785.18,1715.57,1710.44,14.28,25.65,2.4143,1659.5,1787.0,1655.27,1781.02,125.75,7.694,ok,"TVD converted from deviation survey; porosity from density-porosity equation (rho_ma=2.65, rho_fl=1.0)"
JUT-01,134130.91,451785.2,1715.72,1710.59,15.01,24.38,2.4024,1659.5,1787.0,1655.27,1781.02,125.75,7.694,ok,"TVD converted from deviation survey; porosity from density-porosity equation (rho_ma=2.65, rho_fl=1.0)"
JUT-01,134130.93,451785.22,1715.87,1710.74,15.28,23.11,2.3979,1659.5,1787.0,1655.27,1781.02,125.75,7.694,ok,"TVD converted from deviation survey; porosity from density-porosity equation (rho_ma=2.65, rho_fl=1.0)"
JUT-01,134130.94,451785.24,1716.02,1710.89,15.7,22.92,2.3909,1659.5,1787.0,1655.27,1781.02,125.75,7.694,ok,"TVD converted from deviation survey; porosity from density-porosity equation (rho_ma=2.65, rho_fl=1.0)"
JUT-01,134130.95,451785.26,1716.18,1711.04,16.24,22.29,2.382,1659.5,1787.0,1655.27,1781.02,125.75,7.694,ok,"TVD converted from deviation survey; porosity from density-porosity equation (rho_ma=2.65, rho_fl=1.0)"
JUT-01,134130.97,451785.27,1716.33,1711.19,16.14,21.07,2.3837,1659.5,1787.0,1655.27,1781.02,125.75,7.694,ok,"TVD converted from deviation survey; porosity from density-porosity equation (rho_ma=2.65, rho_fl=1.0)"
JUT-01,134130.98,451785.29,1716.48,1711.35,15.64,20.25,2.3919,1659.5,1787.0,1655.27,1781.02,125.75,7.694,ok,"TVD converted from deviation survey; porosity from density-porosity equation (rho_ma=2.65, rho_fl=1.0)"
JUT-01,134131.0,451785.31,1716.63,1711.5,15.05,20.77,2.4016,1659.5,1787.0,1655.27,1781.02,125.75,7.694,ok,"TVD converted from deviation survey; porosity from density-porosity equation (rho_ma=2.65, rho_fl=1.0)"
JUT-01,134131.01,451785.33,1716.79,1711.65,13.82,22.35,2.422,1659.5,1787.0,1655.27,1781.02,125.75,7.694,ok,"TVD converted from deviation survey; porosity from density-porosity equation (rho_ma=2.65, rho_fl=1.0)"
JUT-01,134131.03,451785.35,1716.94,1711.8,12.59,22.8,2.4422,1659.5,1787.0,1655.27,1781.02,125.75,7.694,ok,"TVD converted from deviation survey; porosity from density-porosity equation (rho_ma=2.65, rho_fl=1.0)"
JUT-01,134131.04,451785.37,1717.09,1711.95,12.41,22.56,2.4452,1659.5,1787.0,1655.27,1781.02,125.75,7.694,ok,"TVD converted from deviation survey; porosity from density-porosity equation (rho_ma=2.65, rho_fl=1.0)"
JUT-01,134131.05,451785.39,1717.24,1712.1,13.1,22.73,2.4339,1659.5,1787.0,1655.27,1781.02,125.75,7.694,ok,"TVD converted from deviation survey; porosity from density-porosity equation (rho_ma=2.65, rho_fl=1.0)"
JUT-01,134131.07,451785.4,1717.4,1712.25,14.9,22.87,2.4042,1659.5,1787.0,1655.27,1781.02,125.75,7.694,ok,"TVD converted from deviation survey; porosity from density-porosity equation (rho_ma=2.65, rho_fl=1.0)"
JUT-01,134131.08,451785.42,1717.55,1712.4,15.4,22.64,2.3959,1659.5,1787.0,1655.27,1781.02,125.75,7.694,ok,"TVD converted from deviation survey; porosity from density-porosity equation (rho_ma=2.65, rho_fl=1.0)"
JUT-01,134131.1,451785.44,1717.7,1712.55,15.55,22.26,2.3934,1659.5,1787.0,1655.27,1781.02,125.75,7.694,ok,"TVD converted from deviation survey; porosity from density-porosity equation (rho_ma=2.65, rho_fl=1.0)"
JUT-01,134131.11,451785.46,1717.85,1712.7,15.55,21.5,2.3934,1659.5,1787.0,1655.27,1781.02,125.75,7.694,ok,"TVD converted from deviation survey; porosity from density-porosity equation (rho_ma=2.65, rho_fl=1.0)"
JUT-01,134131.13,451785.48,1718.01,1712.85,16.44,20.51,2.3787,1659.5,1787.0,1655.27,1781.02,125.75,7.694,ok,"TVD converted from deviation survey; porosity from density-porosity equation (rho_ma=2.65, rho_fl=1.0)"
JUT-01,134131.14,451785.5,1718.16,1713.0,17.3,19.66,2.3646,1659.5,1787.0,1655.27,1781.02,125.75,7.694,ok,"TVD converted from deviation survey; porosity from density-porosity equation (rho_ma=2.65, rho_fl=1.0)"
JUT-01,134131.15,451785.51,1718.31,1713.15,16.93,18.94,2.3707,1659.5,1787.0,1655.27,1781.02,125.75,7.694,ok,"TVD converted from deviation survey; porosity from density-porosity equation (rho_ma=2.65, rho_fl=1.0)"
JUT-01,134131.17,451785.53,1718.46,1713.3,15.72,18.6,2.3907,1659.5,1787.0,1655.27,1781.02,125.75,7.694,ok,"TVD converted from deviation survey; porosity from density-porosity equation (rho_ma=2.65, rho_fl=1.0)"
JUT-01,134131.18,451785.55,1718.61,1713.45,14.15,18.64,2.4165,1659.5,1787.0,1655.27,1781.02,125.75,7.694,ok,"TVD converted from deviation survey; porosity from density-porosity equation (rho_ma=2.65, rho_fl=1.0)"
JUT-01,134131.2,451785.57,1718.77,1713.6,12.59,19.06,2.4423,1659.5,1787.0,1655.27,1781.02,125.75,7.694,ok,"TVD converted from deviation survey; porosity from density-porosity equation (rho_ma=2.65, rho_fl=1.0)"
JUT-01,134131.21,451785.59,1718.92,1713.75,11.12,20.11,2.4665,1659.5,1787.0,1655.27,1781.02,125.75,7.694,ok,"TVD converted from deviation survey; porosity from density-porosity equation (rho_ma=2.65, rho_fl=1.0)"
JUT-01,134131.23,451785.61,1719.07,1713.91,12.42,20.87,2.445,1659.5,1787.0,1655.27,1781.02,125.75,7.694,ok,"TVD converted from deviation survey; porosity from density-porosity equation (rho_ma=2.65, rho_fl=1.0)"
JUT-01,134131.24,451785.63,1719.22,1714.06,13.61,22.36,2.4255,1659.5,1787.0,1655.27,1781.02,125.75,7.694,ok,"TVD converted from deviation survey; porosity from density-porosity equation (rho_ma=2.65, rho_fl=1.0)"
JUT-01,134131.26,451785.64,1719.38,1714.21,13.8,25.08,2.4223,1659.5,1787.0,1655.27,1781.02,125.75,7.694,ok,"TVD converted from deviation survey; porosity from density-porosity equation (rho_ma=2.65, rho_fl=1.0)"
JUT-01,134131.27,451785.66,1719.53,1714.36,13.92,25.29,2.4204,1659.5,1787.0,1655.27,1781.02,125.75,7.694,ok,"TVD converted from deviation survey; porosity from density-porosity equation (rho_ma=2.65, rho_fl=1.0)"
JUT-01,134131.28,451785.68,1719.68,1714.51,13.91,24.53,2.4205,1659.5,1787.0,1655.27,1781.02,125.75,7.694,ok,"TVD converted from deviation survey; porosity from density-porosity equation (rho_ma=2.65, rho_fl=1.0)"
JUT-01,134131.3,451785.7,1719.83,1714.66,13.22,23.62,2.4319,1659.5,1787.0,1655.27,1781.02,125.75,7.694,ok,"TVD converted from deviation survey; porosity from density-porosity equation (rho_ma=2.65, rho_fl=1.0)"
JUT-01,134131.31,451785.72,1719.99,1714.81,12.79,23.02,2.439,1659.5,1787.0,1655.27,1781.02,125.75,7.694,ok,"TVD converted from deviation survey; porosity from density-porosity equation (rho_ma=2.65, rho_fl=1.0)"
JUT-01,134131.33,451785.74,1720.14,1714.96,12.41,23.92,2.4452,1659.5,1787.0,1655.27,1781.02,125.75,7.694,ok,"TVD converted from deviation survey; porosity from density-porosity equation (rho_ma=2.65, rho_fl=1.0)"
JUT-01,134131.34,451785.76,1720.29,1715.11,12.1,24.69,2.4504,1659.5,1787.0,1655.27,1781.02,125.75,7.694,ok,"TVD converted from deviation survey; porosity from density-porosity equation (rho_ma=2.65, rho_fl=1.0)"
JUT-01,134131.36,451785.77,1720.44,1715.26,11.92,23.8,2.4533,1659.5,1787.0,1655.27,1781.02,125.75,7.694,ok,"TVD converted from deviation survey; porosity from density-porosity equation (rho_ma=2.65, rho_fl=1.0)"
JUT-01,134131.37,451785.79,1720.6,1715.41,10.7,23.37,2.4735,1659.5,1787.0,1655.27,1781.02,125.75,7.694,ok,"TVD converted from deviation survey; porosity from density-porosity equation (rho_ma=2.65, rho_fl=1.0)"
JUT-01,134131.38,451785.81,1720.75,1715.56,9.73,23.29,2.4895,1659.5,1787.0,1655.27,1781.02,125.75,7.694,ok,"TVD converted from deviation survey; porosity from density-porosity equation (rho_ma=2.65, rho_fl=1.0)"
JUT-01,134131.4,451785.83,1720.9,1715.71,9.87,23.36,2.4871,1659.5,1787.0,1655.27,1781.02,125.75,7.694,ok,"TVD converted from deviation survey; porosity from density-porosity equation (rho_ma=2.65, rho_fl=1.0)"
JUT-01,134131.41,451785.85,1721.05,1715.86,10.74,23.42,2.4728,1659.5,1787.0,1655.27,1781.02,125.75,7.694,ok,"TVD converted from deviation survey; porosity from density-porosity equation (rho_ma=2.65, rho_fl=1.0)"
JUT-01,134131.43,451785.87,1721.21,1716.01,12.28,23.85,2.4473,1659.5,1787.0,1655.27,1781.02,125.75,7.694,ok,"TVD converted from deviation survey; porosity from density-porosity equation (rho_ma=2.65, rho_fl=1.0)"
JUT-01,134131.44,451785.88,1721.36,1716.16,13.82,24.36,2.4219,1659.5,1787.0,1655.27,1781.02,125.75,7.694,ok,"TVD converted from deviation survey; porosity from density-porosity equation (rho_ma=2.65, rho_fl=1.0)"
JUT-01,134131.46,451785.9,1721.51,1716.31,14.62,25.58,2.4087,1659.5,1787.0,1655.27,1781.02,125.75,7.694,ok,"TVD converted from deviation survey; porosity from density-porosity equation (rho_ma=2.65, rho_fl=1.0)"
JUT-01,134131.47,451785.92,1721.66,1716.47,14.99,26.82,2.4026,1659.5,1787.0,1655.27,1781.02,125.75,7.694,ok,"TVD converted from deviation survey; porosity from density-porosity equation (rho_ma=2.65, rho_fl=1.0)"
JUT-01,134131.48,451785.94,1721.82,1716.62,15.3,27.53,2.3975,1659.5,1787.0,1655.27,1781.02,125.75,7.694,ok,"TVD converted from deviation survey; porosity from density-porosity equation (rho_ma=2.65, rho_fl=1.0)"
JUT-01,134131.5,451785.96,1721.97,1716.77,15.4,27.35,2.3959,1659.5,1787.0,1655.27,1781.02,125.75,7.693,ok,"TVD converted from deviation survey; porosity from density-porosity equation (rho_ma=2.65, rho_fl=1.0)"
JUT-01,134131.51,451785.98,1722.12,1716.92,15.62,26.77,2.3922,1659.5,1787.0,1655.27,1781.02,125.75,7.693,ok,"TVD converted from deviation survey; porosity from density-porosity equation (rho_ma=2.65, rho_fl=1.0)"
JUT-01,134131.53,451786.0,1722.27,1717.07,15.76,25.06,2.3899,1659.5,1787.0,1655.27,1781.02,125.75,7.693,ok,"TVD converted from deviation survey; porosity from density-porosity equation (rho_ma=2.65, rho_fl=1.0)"
JUT-01,134131.54,451786.01,1722.42,1717.22,15.14,23.35,2.4002,1659.5,1787.0,1655.27,1781.02,125.75,7.693,ok,"TVD converted from deviation survey; porosity from density-porosity equation (rho_ma=2.65, rho_fl=1.0)"
JUT-01,134131.56,451786.03,1722.58,1717.37,15.01,22.61,2.4024,1659.5,1787.0,1655.27,1781.02,125.75,7.693,ok,"TVD converted from deviation survey; porosity from density-porosity equation (rho_ma=2.65, rho_fl=1.0)"
JUT-01,134131.57,451786.05,1722.73,1717.52,15.83,23.44,2.3888,1659.5,1787.0,1655.27,1781.02,125.75,7.693,ok,"TVD converted from deviation survey; porosity from density-porosity equation (rho_ma=2.65, rho_fl=1.0)"
JUT-01,134131.59,451786.07,1722.88,1717.67,16.65,23.58,2.3752,1659.5,1787.0,1655.27,1781.02,125.75,7.693,ok,"TVD converted from deviation survey; porosity from density-porosity equation (rho_ma=2.65, rho_fl=1.0)"
JUT-01,134131.6,451786.09,1723.03,1717.82,17.39,23.7,2.3631,1659.5,1787.0,1655.27,1781.02,125.75,7.693,ok,"TVD converted from deviation survey; porosity from density-porosity equation (rho_ma=2.65, rho_fl=1.0)"
JUT-01,134131.61,451786.11,1723.19,1717.97,17.65,23.85,2.3588,1659.5,1787.0,1655.27,1781.02,125.75,7.693,ok,"TVD converted from deviation survey; porosity from density-porosity equation (rho_ma=2.65, rho_fl=1.0)"
JUT-01,134131.63,451786.13,1723.34,1718.12,17.92,24.8,2.3544,1659.5,1787.0,1655.27,1781.02,125.75,7.693,ok,"TVD converted from deviation survey; porosity from density-porosity equation (rho_ma=2.65, rho_fl=1.0)"
JUT-01,134131.64,451786.14,1723.49,1718.27,18.05,24.94,2.3522,1659.5,1787.0,1655.27,1781.02,125.75,7.693,ok,"TVD converted from deviation survey; porosity from density-porosity equation (rho_ma=2.65, rho_fl=1.0)"
JUT-01,134131.66,451786.16,1723.64,1718.42,18.13,24.56,2.3509,1659.5,1787.0,1655.27,1781.02,125.75,7.693,ok,"TVD converted from deviation survey; porosity from density-porosity equation (rho_ma=2.65, rho_fl=1.0)"
JUT-01,134131.67,451786.18,1723.8,1718.57,18.73,24.08,2.341,1659.5,1787.0,1655.27,1781.02,125.75,7.693,ok,"TVD converted from deviation survey; porosity from density-porosity equation (rho_ma=2.65, rho_fl=1.0)"
JUT-01,134131.69,451786.2,1723.95,1718.72,19.12,24.12,2.3346,1659.5,1787.0,1655.27,1781.02,125.75,7.693,ok,"TVD converted from deviation survey; porosity from density-porosity equation (rho_ma=2.65, rho_fl=1.0)"
JUT-01,134131.7,451786.22,1724.1,1718.87,19.24,23.89,2.3326,1659.5,1787.0,1655.27,1781.02,125.75,7.693,ok,"TVD converted from deviation survey; porosity from density-porosity equation (rho_ma=2.65, rho_fl=1.0)"
JUT-01,134131.71,451786.24,1724.25,1719.02,18.9,23.26,2.3382,1659.5,1787.0,1655.27,1781.02,125.75,7.693,ok,"TVD converted from deviation survey; porosity from density-porosity equation (rho_ma=2.65, rho_fl=1.0)"
JUT-01,134131.73,451786.26,1724.41,1719.18,18.41,22.41,2.3462,1659.5,1787.0,1655.27,1781.02,125.75,7.693,ok,"TVD converted from deviation survey; porosity from density-porosity equation (rho_ma=2.65, rho_fl=1.0)"
JUT-01,134131.74,451786.27,1724.56,1719.33,17.23,21.56,2.3657,1659.5,1787.0,1655.27,1781.02,125.75,7.693,ok,"TVD converted from deviation survey; porosity from density-porosity equation (rho_ma=2.65, rho_fl=1.0)"
JUT-01,134131.76,451786.29,1724.71,1719.48,16.05,21.63,2.3852,1659.5,1787.0,1655.27,1781.02,125.75,7.693,ok,"TVD converted from deviation survey; porosity from density-porosity equation (rho_ma=2.65, rho_fl=1.0)"
JUT-01,134131.77,451786.31,1724.86,1719.63,15.0,21.71,2.4025,1659.5,1787.0,1655.27,1781.02,125.75,7.693,ok,"TVD converted from deviation survey; porosity from density-porosity equation (rho_ma=2.65, rho_fl=1.0)"
JUT-01,134131.79,451786.33,1725.02,1719.78,14.45,22.58,2.4116,1659.5,1787.0,1655.27,1781.02,125.75,7.693,ok,"TVD converted from deviation survey; porosity from density-porosity equation (rho_ma=2.65, rho_fl=1.0)"
JUT-01,134131.8,451786.35,1725.17,1719.93,15.14,23.72,2.4002,1659.5,1787.0,1655.27,1781.02,125.75,7.693,ok,"TVD converted from deviation survey; porosity from density-porosity equation (rho_ma=2.65, rho_fl=1.0)"
JUT-01,134131.82,451786.37,1725.32,1720.08,16.19,24.67,2.3828,1659.5,1787.0,1655.27,1781.02,125.75,7.693,ok,"TVD converted from deviation survey; porosity from density-porosity equation (rho_ma=2.65, rho_fl=1.0)"
JUT-01,134131.83,451786.38,1725.47,1720.23,17.25,24.89,2.3654,1659.5,1787.0,1655.27,1781.02,125.75,7.693,ok,"TVD converted from deviation survey; porosity from density-porosity equation (rho_ma=2.65, rho_fl=1.0)"
JUT-01,134131.84,451786.4,1725.63,1720.38,17.84,24.82,2.3557,1659.5,1787.0,1655.27,1781.02,125.75,7.693,ok,"TVD converted from deviation survey; porosity from density-porosity equation (rho_ma=2.65, rho_fl=1.0)"
JUT-01,134131.86,451786.42,1725.78,1720.53,16.9,25.25,2.3712,1659.5,1787.0,1655.27,1781.02,125.75,7.693,ok,"TVD converted from deviation survey; porosity from density-porosity equation (rho_ma=2.65, rho_fl=1.0)"
JUT-01,134131.87,451786.44,1725.93,1720.68,16.19,25.51,2.3829,1659.5,1787.0,1655.27,1781.02,125.75,7.693,ok,"TVD converted from deviation survey; porosity from density-porosity equation (rho_ma=2.65, rho_fl=1.0)"
JUT-01,134131.89,451786.46,1726.08,1720.83,16.13,25.19,2.3838,1659.5,1787.0,1655.27,1781.02,125.75,7.693,ok,"TVD converted from deviation survey; porosity from density-porosity equation (rho_ma=2.65, rho_fl=1.0)"
JUT-01,134131.9,451786.48,1726.23,1720.98,16.32,24.14,2.3807,1659.5,1787.0,1655.27,1781.02,125.75,7.693,ok,"TVD converted from deviation survey; porosity from density-porosity equation (rho_ma=2.65, rho_fl=1.0)"
JUT-01,134131.92,451786.5,1726.39,1721.13,16.85,22.81,2.372,1659.5,1787.0,1655.27,1781.02,125.75,7.693,ok,"TVD converted from deviation survey; porosity from density-porosity equation (rho_ma=2.65, rho_fl=1.0)"
JUT-01,134131.93,451786.51,1726.54,1721.28,18.05,22.7,2.3521,1659.5,1787.0,1655.27,1781.02,125.75,7.693,ok,"TVD converted from deviation survey; porosity from density-porosity equation (rho_ma=2.65, rho_fl=1.0)"
JUT-01,134131.94,451786.53,1726.69,1721.43,18.12,22.72,2.3511,1659.5,1787.0,1655.27,1781.02,125.75,7.693,ok,"TVD converted from deviation survey; porosity from density-porosity equation (rho_ma=2.65, rho_fl=1.0)"
JUT-01,134131.96,451786.55,1726.84,1721.58,17.56,22.74,2.3603,1659.5,1787.0,1655.27,1781.02,125.75,7.693,ok,"TVD converted from deviation survey; porosity from density-porosity equation (rho_ma=2.65, rho_fl=1.0)"
JUT-01,134131.97,451786.57,1727.0,1721.74,17.84,22.76,2.3557,1659.5,1787.0,1655.27,1781.02,125.75,7.693,ok,"TVD converted from deviation survey; porosity from density-porosity equation (rho_ma=2.65, rho_fl=1.0)"
JUT-01,134131.99,451786.59,1727.15,1721.89,18.34,22.78,2.3474,1659.5,1787.0,1655.27,1781.02,125.75,7.693,ok,"TVD converted from deviation survey; porosity from density-porosity equation (rho_ma=2.65, rho_fl=1.0)"
JUT-01,134132.0,451786.61,1727.3,1722.04,18.14,22.81,2.3507,1659.5,1787.0,1655.27,1781.02,125.75,7.693,ok,"TVD converted from deviation survey; porosity from density-porosity equation (rho_ma=2.65, rho_fl=1.0)"
JUT-01,134132.02,451786.63,1727.45,1722.19,17.73,22.83,2.3574,1659.5,1787.0,1655.27,1781.02,125.75,7.693,ok,"TVD converted from deviation survey; porosity from density-porosity equation (rho_ma=2.65, rho_fl=1.0)"
JUT-01,134132.03,451786.64,1727.61,1722.34,17.69,22.85,2.3581,1659.5,1787.0,1655.27,1781.02,125.75,7.693,ok,"TVD converted from deviation survey; porosity from density-porosity equation (rho_ma=2.65, rho_fl=1.0)"
JUT-01,134132.04,451786.66,1727.76,1722.49,18.08,22.98,2.3517,1659.5,1787.0,1655.27,1781.02,125.75,7.693,ok,"TVD converted from deviation survey; porosity from density-porosity equation (rho_ma=2.65, rho_fl=1.0)"
JUT-01,134132.06,451786.68,1727.91,1722.64,17.68,23.46,2.3582,1659.5,1787.0,1655.27,1781.02,125.75,7.693,ok,"TVD converted from deviation survey; porosity from density-porosity equation (rho_ma=2.65, rho_fl=1.0)"
JUT-01,134132.07,451786.7,1728.06,1722.79,17.81,24.28,2.3561,1659.5,1787.0,1655.27,1781.02,125.75,7.693,ok,"TVD converted from deviation survey; porosity from density-porosity equation (rho_ma=2.65, rho_fl=1.0)"
JUT-01,134132.09,451786.72,1728.22,1722.94,18.05,25.27,2.3521,1659.5,1787.0,1655.27,1781.02,125.75,7.693,ok,"TVD converted from deviation survey; porosity from density-porosity equation (rho_ma=2.65, rho_fl=1.0)"
JUT-01,134132.1,451786.74,1728.37,1723.09,18.11,25.25,2.3512,1659.5,1787.0,1655.27,1781.02,125.75,7.693,ok,"TVD converted from deviation survey; porosity from density-porosity equation (rho_ma=2.65, rho_fl=1.0)"
JUT-01,134132.12,451786.76,1728.52,1723.24,18.44,25.17,2.3458,1659.5,1787.0,1655.27,1781.02,125.75,7.693,ok,"TVD converted from deviation survey; porosity from density-porosity equation (rho_ma=2.65, rho_fl=1.0)"
JUT-01,134132.13,451786.77,1728.67,1723.39,18.45,24.72,2.3456,1659.5,1787.0,1655.27,1781.02,125.75,7.693,ok,"TVD converted from deviation survey; porosity from density-porosity equation (rho_ma=2.65, rho_fl=1.0)"
JUT-01,134132.15,451786.79,1728.83,1723.54,19.0,23.82,2.3365,1659.5,1787.0,1655.27,1781.02,125.75,7.693,ok,"TVD converted from deviation survey; porosity from density-porosity equation (rho_ma=2.65, rho_fl=1.0)"
JUT-01,134132.16,451786.81,1728.98,1723.69,19.59,22.92,2.3267,1659.5,1787.0,1655.27,1781.02,125.75,7.693,ok,"TVD converted from deviation survey; porosity from density-porosity equation (rho_ma=2.65, rho_fl=1.0)"
JUT-01,134132.17,451786.83,1729.13,1723.84,20.08,22.02,2.3187,1659.5,1787.0,1655.27,1781.02,125.75,7.693,ok,"TVD converted from deviation survey; porosity from density-porosity equation (rho_ma=2.65, rho_fl=1.0)"
JUT-01,134132.19,451786.85,1729.28,1723.99,20.56,21.03,2.3107,1659.5,1787.0,1655.27,1781.02,125.75,7.692,ok,"TVD converted from deviation survey; porosity from density-porosity equation (rho_ma=2.65, rho_fl=1.0)"
JUT-01,134132.2,451786.87,1729.44,1724.14,21.09,19.88,2.302,1659.5,1787.0,1655.27,1781.02,125.75,7.692,ok,"TVD converted from deviation survey; porosity from density-porosity equation (rho_ma=2.65, rho_fl=1.0)"
JUT-01,134132.22,451786.88,1729.59,1724.3,20.52,19.62,2.3115,1659.5,1787.0,1655.27,1781.02,125.75,7.692,ok,"TVD converted from deviation survey; porosity from density-porosity equation (rho_ma=2.65, rho_fl=1.0)"
JUT-01,134132.23,451786.9,1729.74,1724.45,19.65,20.24,2.3258,1659.5,1787.0,1655.27,1781.02,125.75,7.692,ok,"TVD converted from deviation survey; porosity from density-porosity equation (rho_ma=2.65, rho_fl=1.0)"
JUT-01,134132.25,451786.92,1729.89,1724.6,19.1,21.32,2.3348,1659.5,1787.0,1655.27,1781.02,125.75,7.692,ok,"TVD converted from deviation survey; porosity from density-porosity equation (rho_ma=2.65, rho_fl=1.0)"
JUT-01,134132.26,451786.94,1730.04,1724.75,18.13,23.02,2.3508,1659.5,1787.0,1655.27,1781.02,125.75,7.692,ok,"TVD converted from deviation survey; porosity from density-porosity equation (rho_ma=2.65, rho_fl=1.0)"
JUT-01,134132.27,451786.96,1730.2,1724.9,16.76,24.55,2.3734,1659.5,1787.0,1655.27,1781.02,125.75,7.692,ok,"TVD converted from deviation survey; porosity from density-porosity equation (rho_ma=2.65, rho_fl=1.0)"
JUT-01,134132.29,451786.98,1730.35,1725.05,15.28,24.42,2.3978,1659.5,1787.0,1655.27,1781.02,125.75,7.692,ok,"TVD converted from deviation survey; porosity from density-porosity equation (rho_ma=2.65, rho_fl=1.0)"
JUT-01,134132.3,451787.0,1730.5,1725.2,13.81,22.96,2.4221,1659.5,1787.0,1655.27,1781.02,125.75,7.692,ok,"TVD converted from deviation survey; porosity from density-porosity equation (rho_ma=2.65, rho_fl=1.0)"
JUT-01,134132.32,451787.01,1730.65,1725.35,13.3,21.39,2.4305,1659.5,1787.0,1655.27,1781.02,125.75,7.692,ok,"TVD converted from deviation survey; porosity from density-porosity equation (rho_ma=2.65, rho_fl=1.0)"
JUT-01,134132.33,451787.03,1730.81,1725.5,13.56,19.84,2.4263,1659.5,1787.0,1655.27,1781.02,125.75,7.692,ok,"TVD converted from deviation survey; porosity from density-porosity equation (rho_ma=2.65, rho_fl=1.0)"
JUT-01,134132.35,451787.05,1730.96,1725.65,14.02,19.84,2.4186,1659.5,1787.0,1655.27,1781.02,125.75,7.692,ok,"TVD converted from deviation survey; porosity from density-porosity equation (rho_ma=2.65, rho_fl=1.0)"
JUT-01,134132.36,451787.07,1731.11,1725.8,14.24,20.45,2.4151,1659.5,1787.0,1655.27,1781.02,125.75,7.692,ok,"TVD converted from deviation survey; porosity from density-porosity equation (rho_ma=2.65, rho_fl=1.0)"
JUT-01,134132.38,451787.09,1731.26,1725.95,12.21,21.75,2.4485,1659.5,1787.0,1655.27,1781.02,125.75,7.692,ok,"TVD converted from deviation survey; porosity from density-porosity equation (rho_ma=2.65, rho_fl=1.0)"
JUT-01,134132.39,451787.11,1731.42,1726.1,9.64,24.7,2.4909,1659.5,1787.0,1655.27,1781.02,125.75,7.692,ok,"TVD converted from deviation survey; porosity from density-porosity equation (rho_ma=2.65, rho_fl=1.0)"
JUT-01,134132.4,451787.13,1731.57,1726.25,7.51,27.91,2.5261,1659.5,1787.0,1655.27,1781.02,125.75,7.692,ok,"TVD converted from deviation survey; porosity from density-porosity equation (rho_ma=2.65, rho_fl=1.0)"
JUT-01,134132.42,451787.14,1731.72,1726.4,5.6,31.12,2.5576,1659.5,1787.0,1655.27,1781.02,125.75,7.692,ok,"TVD converted from deviation survey; porosity from density-porosity equation (rho_ma=2.65, rho_fl=1.0)"
JUT-01,134132.43,451787.16,1731.87,1726.55,6.64,33.27,2.5405,1659.5,1787.0,1655.27,1781.02,125.75,7.692,ok,"TVD converted from deviation survey; porosity from density-porosity equation (rho_ma=2.65, rho_fl=1.0)"
JUT-01,134132.45,451787.18,1732.03,1726.7,8.35,32.14,2.5122,1659.5,1787.0,1655.27,1781.02,125.75,7.692,ok,"TVD converted from deviation survey; porosity from density-porosity equation (rho_ma=2.65, rho_fl=1.0)"
JUT-01,134132.46,451787.2,1732.18,1726.86,10.07,30.5,2.4838,1659.5,1787.0,1655.27,1781.02,125.75,7.692,ok,"TVD converted from deviation survey; porosity from density-porosity equation (rho_ma=2.65, rho_fl=1.0)"
JUT-01,134132.48,451787.22,1732.33,1727.01,11.79,28.82,2.4554,1659.5,1787.0,1655.27,1781.02,125.75,7.692,ok,"TVD converted from deviation survey; porosity from density-porosity equation (rho_ma=2.65, rho_fl=1.0)"
JUT-01,134132.49,451787.24,1732.48,1727.16,13.66,26.38,2.4246,1659.5,1787.0,1655.27,1781.02,125.75,7.692,ok,"TVD converted from deviation survey; porosity from density-porosity equation (rho_ma=2.65, rho_fl=1.0)"
JUT-01,134132.5,451787.26,1732.64,1727.31,16.76,23.95,2.3735,1659.5,1787.0,1655.27,1781.02,125.75,7.692,ok,"TVD converted from deviation survey; porosity from density-porosity equation (rho_ma=2.65, rho_fl=1.0)"
JUT-01,134132.52,451787.27,1732.79,1727.46,17.91,21.52,2.3545,1659.5,1787.0,1655.27,1781.02,125.75,7.692,ok,"TVD converted from deviation survey; porosity from density-porosity equation (rho_ma=2.65, rho_fl=1.0)"
JUT-01,134132.53,451787.29,1732.94,1727.61,17.52,20.6,2.361,1659.5,1787.0,1655.27,1781.02,125.75,7.692,ok,"TVD converted from deviation survey; porosity from density-porosity equation (rho_ma=2.65, rho_fl=1.0)"
JUT-01,134132.55,451787.31,1733.09,1727.76,16.71,20.74,2.3743,1659.5,1787.0,1655.27,1781.02,125.75,7.692,ok,"TVD converted from deviation survey; porosity from density-porosity equation (rho_ma=2.65, rho_fl=1.0)"
JUT-01,134132.56,451787.33,1733.25,1727.91,15.9,21.2,2.3876,1659.5,1787.0,1655.27,1781.02,125.75,7.692,ok,"TVD converted from deviation survey; porosity from density-porosity equation (rho_ma=2.65, rho_fl=1.0)"
JUT-01,134132.58,451787.35,1733.4,1728.06,15.27,21.66,2.3981,1659.5,1787.0,1655.27,1781.02,125.75,7.692,ok,"TVD converted from deviation survey; porosity from density-porosity equation (rho_ma=2.65, rho_fl=1.0)"
JUT-01,134132.59,451787.37,1733.55,1728.21,14.61,21.79,2.409,1659.5,1787.0,1655.27,1781.02,125.75,7.692,ok,"TVD converted from deviation survey; porosity from density-porosity equation (rho_ma=2.65, rho_fl=1.0)"
JUT-01,134132.6,451787.38,1733.7,1728.36,13.02,21.11,2.4351,1659.5,1787.0,1655.27,1781.02,125.75,7.692,ok,"TVD converted from deviation survey; porosity from density-porosity equation (rho_ma=2.65, rho_fl=1.0)"
JUT-01,134132.62,451787.4,1733.85,1728.51,11.44,19.5,2.4613,1659.5,1787.0,1655.27,1781.02,125.75,7.692,ok,"TVD converted from deviation survey; porosity from density-porosity equation (rho_ma=2.65, rho_fl=1.0)"
JUT-01,134132.63,451787.42,1734.01,1728.66,9.86,18.8,2.4873,1659.5,1787.0,1655.27,1781.02,125.75,7.692,ok,"TVD converted from deviation survey; porosity from density-porosity equation (rho_ma=2.65, rho_fl=1.0)"
JUT-01,134132.65,451787.44,1734.16,1728.81,8.56,18.75,2.5088,1659.5,1787.0,1655.27,1781.02,125.75,7.692,ok,"TVD converted from deviation survey; porosity from density-porosity equation (rho_ma=2.65, rho_fl=1.0)"
JUT-01,134132.66,451787.46,1734.31,1728.96,7.77,20.06,2.5218,1659.5,1787.0,1655.27,1781.02,125.75,7.692,ok,"TVD converted from deviation survey; porosity from density-porosity equation (rho_ma=2.65, rho_fl=1.0)"
JUT-01,134132.68,451787.48,1734.46,1729.11,8.06,21.73,2.517,1659.5,1787.0,1655.27,1781.02,125.75,7.692,ok,"TVD converted from deviation survey; porosity from density-porosity equation (rho_ma=2.65, rho_fl=1.0)"
JUT-01,134132.69,451787.5,1734.62,1729.26,7.84,22.45,2.5206,1659.5,1787.0,1655.27,1781.02,125.75,7.692,ok,"TVD converted from deviation survey; porosity from density-porosity equation (rho_ma=2.65, rho_fl=1.0)"
JUT-01,134132.71,451787.51,1734.77,1729.42,8.6,23.1,2.5081,1659.5,1787.0,1655.27,1781.02,125.75,7.692,ok,"TVD converted from deviation survey; porosity from density-porosity equation (rho_ma=2.65, rho_fl=1.0)"
JUT-01,134132.72,451787.53,1734.92,1729.57,8.6,23.39,2.5081,1659.5,1787.0,1655.27,1781.02,125.75,7.692,ok,"TVD converted from deviation survey; porosity from density-porosity equation (rho_ma=2.65, rho_fl=1.0)"
JUT-01,134132.73,451787.55,1735.07,1729.72,8.08,23.67,2.5166,1659.5,1787.0,1655.27,1781.02,125.75,7.692,ok,"TVD converted from deviation survey; porosity from density-porosity equation (rho_ma=2.65, rho_fl=1.0)"
JUT-01,134132.75,451787.57,1735.23,1729.87,8.09,23.96,2.5165,1659.5,1787.0,1655.27,1781.02,125.75,7.692,ok,"TVD converted from deviation survey; porosity from density-porosity equation (rho_ma=2.65, rho_fl=1.0)"
JUT-01,134132.76,451787.59,1735.38,1730.02,8.28,24.19,2.5133,1659.5,1787.0,1655.27,1781.02,125.75,7.692,ok,"TVD converted from deviation survey; porosity from density-porosity equation (rho_ma=2.65, rho_fl=1.0)"
JUT-01,134132.78,451787.61,1735.53,1730.17,8.56,24.57,2.5087,1659.5,1787.0,1655.27,1781.02,125.75,7.692,ok,"TVD converted from deviation survey; porosity from density-porosity equation (rho_ma=2.65, rho_fl=1.0)"
JUT-01,134132.79,451787.63,1735.68,1730.32,9.47,25.72,2.4937,1659.5,1787.0,1655.27,1781.02,125.75,7.692,ok,"TVD converted from deviation survey; porosity from density-porosity equation (rho_ma=2.65, rho_fl=1.0)"
JUT-01,134132.81,451787.64,1735.84,1730.47,11.03,26.41,2.468,1659.5,1787.0,1655.27,1781.02,125.75,7.692,ok,"TVD converted from deviation survey; porosity from density-porosity equation (rho_ma=2.65, rho_fl=1.0)"
JUT-01,134132.82,451787.66,1735.99,1730.62,12.78,26.01,2.4391,1659.5,1787.0,1655.27,1781.02,125.75,7.692,ok,"TVD converted from deviation survey; porosity from density-porosity equation (rho_ma=2.65, rho_fl=1.0)"
JUT-01,134132.83,451787.68,1736.14,1730.77,15.04,25.2,2.4018,1659.5,1787.0,1655.27,1781.02,125.75,7.692,ok,"TVD converted from deviation survey; porosity from density-porosity equation (rho_ma=2.65, rho_fl=1.0)"
JUT-01,134132.85,451787.7,1736.29,1730.92,16.38,24.28,2.3798,1659.5,1787.0,1655.27,1781.02,125.75,7.692,ok,"TVD converted from deviation survey; porosity from density-porosity equation (rho_ma=2.65, rho_fl=1.0)"
JUT-01,134132.86,451787.72,1736.45,1731.07,17.13,23.36,2.3673,1659.5,1787.0,1655.27,1781.02,125.75,7.692,ok,"TVD converted from deviation survey; porosity from density-porosity equation (rho_ma=2.65, rho_fl=1.0)"
JUT-01,134132.88,451787.74,1736.6,1731.22,17.28,22.71,2.3648,1659.5,1787.0,1655.27,1781.02,125.75,7.691,ok,"TVD converted from deviation survey; porosity from density-porosity equation (rho_ma=2.65, rho_fl=1.0)"
JUT-01,134132.89,451787.76,1736.75,1731.37,17.24,22.37,2.3656,1659.5,1787.0,1655.27,1781.02,125.75,7.691,ok,"TVD converted from deviation survey; porosity from density-porosity equation (rho_ma=2.65, rho_fl=1.0)"
JUT-01,134132.91,451787.77,1736.9,1731.52,17.81,22.03,2.3561,1659.5,1787.0,1655.27,1781.02,125.75,7.691,ok,"TVD converted from deviation survey; porosity from density-porosity equation (rho_ma=2.65, rho_fl=1.0)"
JUT-01,134132.92,451787.79,1737.06,1731.67,17.35,21.69,2.3638,1659.5,1787.0,1655.27,1781.02,125.75,7.691,ok,"TVD converted from deviation survey; porosity from density-porosity equation (rho_ma=2.65, rho_fl=1.0)"
JUT-01,134132.93,451787.81,1737.21,1731.82,17.55,21.35,2.3604,1659.5,1787.0,1655.27,1781.02,125.75,7.691,ok,"TVD converted from deviation survey; porosity from density-porosity equation (rho_ma=2.65, rho_fl=1.0)"
JUT-01,134132.95,451787.83,1737.36,1731.98,17.26,20.34,2.3652,1659.5,1787.0,1655.27,1781.02,125.75,7.691,ok,"TVD converted from deviation survey; porosity from density-porosity equation (rho_ma=2.65, rho_fl=1.0)"
JUT-01,134132.96,451787.85,1737.51,1732.13,15.44,20.12,2.3953,1659.5,1787.0,1655.27,1781.02,125.75,7.691,ok,"TVD converted from deviation survey; porosity from density-porosity equation (rho_ma=2.65, rho_fl=1.0)"
JUT-01,134132.98,451787.87,1737.66,1732.28,13.62,20.35,2.4253,1659.5,1787.0,1655.27,1781.02,125.75,7.691,ok,"TVD converted from deviation survey; porosity from density-porosity equation (rho_ma=2.65, rho_fl=1.0)"
JUT-01,134132.99,451787.88,1737.82,1732.43,11.92,21.21,2.4534,1659.5,1787.0,1655.27,1781.02,125.75,7.691,ok,"TVD converted from deviation survey; porosity from density-porosity equation (rho_ma=2.65, rho_fl=1.0)"
JUT-01,134133.01,451787.9,1737.97,1732.58,10.72,23.16,2.4732,1659.5,1787.0,1655.27,1781.02,125.75,7.691,ok,"TVD converted from deviation survey; porosity from density-porosity equation (rho_ma=2.65, rho_fl=1.0)"
JUT-01,134133.02,451787.92,1738.12,1732.73,10.73,23.88,2.4729,1659.5,1787.0,1655.27,1781.02,125.75,7.691,ok,"TVD converted from deviation survey; porosity from density-porosity equation (rho_ma=2.65, rho_fl=1.0)"
JUT-01,134133.04,451787.94,1738.27,1732.88,10.78,24.9,2.4721,1659.5,1787.0,1655.27,1781.02,125.75,7.691,ok,"TVD converted from deviation survey; porosity from density-porosity equation (rho_ma=2.65, rho_fl=1.0)"
JUT-01,134133.05,451787.96,1738.43,1733.03,10.88,24.94,2.4704,1659.5,1787.0,1655.27,1781.02,125.75,7.691,ok,"TVD converted from deviation survey; porosity from density-porosity equation (rho_ma=2.65, rho_fl=1.0)"
JUT-01,134133.06,451787.98,1738.58,1733.18,11.13,23.96,2.4664,1659.5,1787.0,1655.27,1781.02,125.75,7.691,ok,"TVD converted from deviation survey; porosity from density-porosity equation (rho_ma=2.65, rho_fl=1.0)"
JUT-01,134133.08,451788.0,1738.73,1733.33,11.61,22.98,2.4584,1659.5,1787.0,1655.27,1781.02,125.75,7.691,ok,"TVD converted from deviation survey; porosity from density-porosity equation (rho_ma=2.65, rho_fl=1.0)"
JUT-01,134133.09,451788.01,1738.88,1733.48,12.71,22.43,2.4403,1659.5,1787.0,1655.27,1781.02,125.75,7.691,ok,"TVD converted from deviation survey; porosity from density-porosity equation (rho_ma=2.65, rho_fl=1.0)"
JUT-01,134133.11,451788.03,1739.04,1733.63,14.09,22.32,2.4175,1659.5,1787.0,1655.27,1781.02,125.75,7.691,ok,"TVD converted from deviation survey; porosity from density-porosity equation (rho_ma=2.65, rho_fl=1.0)"
JUT-01,134133.12,451788.05,1739.19,1733.78,15.85,22.2,2.3884,1659.5,1787.0,1655.27,1781.02,125.75,7.691,ok,"TVD converted from deviation survey; porosity from density-porosity equation (rho_ma=2.65, rho_fl=1.0)"
JUT-01,134133.14,451788.07,1739.34,1733.93,17.92,22.09,2.3543,1659.5,1787.0,1655.27,1781.02,125.75,7.691,ok,"TVD converted from deviation survey; porosity from density-porosity equation (rho_ma=2.65, rho_fl=1.0)"
JUT-01,134133.15,451788.09,1739.49,1734.08,17.95,21.98,2.3539,1659.5,1787.0,1655.27,1781.02,125.75,7.691,ok,"TVD converted from deviation survey; porosity from density-porosity equation (rho_ma=2.65, rho_fl=1.0)"
JUT-01,134133.16,451788.11,1739.65,1734.23,17.59,21.51,2.3597,1659.5,1787.0,1655.27,1781.02,125.75,7.691,ok,"TVD converted from deviation survey; porosity from density-porosity equation (rho_ma=2.65, rho_fl=1.0)"
JUT-01,134133.18,451788.13,1739.8,1734.38,16.67,20.5,2.375,1659.5,1787.0,1655.27,1781.02,125.75,7.691,ok,"TVD converted from deviation survey; porosity from density-porosity equation (rho_ma=2.65, rho_fl=1.0)"
JUT-01,134133.19,451788.14,1739.95,1734.54,15.94,19.87,2.387,1659.5,1787.0,1655.27,1781.02,125.75,7.691,ok,"TVD converted from deviation survey; porosity from density-porosity equation (rho_ma=2.65, rho_fl=1.0)"
JUT-01,134133.21,451788.16,1740.1,1734.69,15.65,19.68,2.3918,1659.5,1787.0,1655.27,1781.02,125.75,7.691,ok,"TVD converted from deviation survey; porosity from density-porosity equation (rho_ma=2.65, rho_fl=1.0)"
JUT-01,134133.22,451788.18,1740.26,1734.84,15.28,19.79,2.3979,1659.5,1787.0,1655.27,1781.02,125.75,7.691,ok,"TVD converted from deviation survey; porosity from density-porosity equation (rho_ma=2.65, rho_fl=1.0)"
JUT-01,134133.24,451788.2,1740.41,1734.99,16.25,19.67,2.3818,1659.5,1787.0,1655.27,1781.02,125.75,7.691,ok,"TVD converted from deviation survey; porosity from density-porosity equation (rho_ma=2.65, rho_fl=1.0)"
JUT-01,134133.25,451788.22,1740.56,1735.14,16.61,18.87,2.3759,1659.5,1787.0,1655.27,1781.02,125.75,7.691,ok,"TVD converted from deviation survey; porosity from density-porosity equation (rho_ma=2.65, rho_fl=1.0)"
JUT-01,134133.27,451788.24,1740.71,1735.29,16.64,17.98,2.3755,1659.5,1787.0,1655.27,1781.02,125.75,7.691,ok,"TVD converted from deviation survey; porosity from density-porosity equation (rho_ma=2.65, rho_fl=1.0)"
JUT-01,134133.28,451788.26,1740.87,1735.44,16.67,18.13,2.3749,1659.5,1787.0,1655.27,1781.02,125.75,7.691,ok,"TVD converted from deviation survey; porosity from density-porosity equation (rho_ma=2.65, rho_fl=1.0)"
JUT-01,134133.29,451788.27,1741.02,1735.59,16.97,19.71,2.37,1659.5,1787.0,1655.27,1781.02,125.75,7.691,ok,"TVD converted from deviation survey; porosity from density-porosity equation (rho_ma=2.65, rho_fl=1.0)"
JUT-01,134133.31,451788.29,1741.17,1735.74,16.92,20.41,2.3708,1659.5,1787.0,1655.27,1781.02,125.75,7.691,ok,"TVD converted from deviation survey; porosity from density-porosity equation (rho_ma=2.65, rho_fl=1.0)"
JUT-01,134133.32,451788.31,1741.32,1735.89,16.64,20.24,2.3755,1659.5,1787.0,1655.27,1781.02,125.75,7.691,ok,"TVD converted from deviation survey; porosity from density-porosity equation (rho_ma=2.65, rho_fl=1.0)"
JUT-01,134133.34,451788.33,1741.47,1736.04,16.86,19.87,2.3718,1659.5,1787.0,1655.27,1781.02,125.75,7.691,ok,"TVD converted from deviation survey; porosity from density-porosity equation (rho_ma=2.65, rho_fl=1.0)"
JUT-01,134133.35,451788.35,1741.63,1736.19,16.78,19.94,2.3731,1659.5,1787.0,1655.27,1781.02,125.75,7.691,ok,"TVD converted from deviation survey; porosity from density-porosity equation (rho_ma=2.65, rho_fl=1.0)"
JUT-01,134133.37,451788.37,1741.78,1736.34,17.13,20.02,2.3674,1659.5,1787.0,1655.27,1781.02,125.75,7.691,ok,"TVD converted from deviation survey; porosity from density-porosity equation (rho_ma=2.65, rho_fl=1.0)"
JUT-01,134133.38,451788.38,1741.93,1736.49,17.58,19.37,2.3599,1659.5,1787.0,1655.27,1781.02,125.75,7.691,ok,"TVD converted from deviation survey; porosity from density-porosity equation (rho_ma=2.65, rho_fl=1.0)"
JUT-01,134133.39,451788.4,1742.08,1736.64,17.86,18.56,2.3553,1659.5,1787.0,1655.27,1781.02,125.75,7.691,ok,"TVD converted from deviation survey; porosity from density-porosity equation (rho_ma=2.65, rho_fl=1.0)"
JUT-01,134133.41,451788.42,1742.24,1736.79,17.02,17.75,2.3692,1659.5,1787.0,1655.27,1781.02,125.75,7.691,ok,"TVD converted from deviation survey; porosity from density-porosity equation (rho_ma=2.65, rho_fl=1.0)"
JUT-01,134133.42,451788.44,1742.39,1736.94,16.99,17.77,2.3697,1659.5,1787.0,1655.27,1781.02,125.75,7.691,ok,"TVD converted from deviation survey; porosity from density-porosity equation (rho_ma=2.65, rho_fl=1.0)"
JUT-01,134133.44,451788.46,1742.54,1737.1,17.68,18.57,2.3582,1659.5,1787.0,1655.27,1781.02,125.75,7.691,ok,"TVD converted from deviation survey; porosity from density-porosity equation (rho_ma=2.65, rho_fl=1.0)"
JUT-01,134133.45,451788.48,1742.69,1737.25,18.9,19.38,2.3381,1659.5,1787.0,1655.27,1781.02,125.75,7.691,ok,"TVD converted from deviation survey; porosity from density-porosity equation (rho_ma=2.65, rho_fl=1.0)"
JUT-01,134133.47,451788.5,1742.85,1737.4,18.6,20.04,2.3431,1659.5,1787.0,1655.27,1781.02,125.75,7.691,ok,"TVD converted from deviation survey; porosity from density-porosity equation (rho_ma=2.65, rho_fl=1.0)"
JUT-01,134133.48,451788.51,1743.0,1737.55,17.52,20.68,2.361,1659.5,1787.0,1655.27,1781.02,125.75,7.691,ok,"TVD converted from deviation survey; porosity from density-porosity equation (rho_ma=2.65, rho_fl=1.0)"
JUT-01,134133.49,451788.53,1743.15,1737.7,16.72,20.98,2.3742,1659.5,1787.0,1655.27,1781.02,125.75,7.691,ok,"TVD converted from deviation survey; porosity from density-porosity equation (rho_ma=2.65, rho_fl=1.0)"
JUT-01,134133.51,451788.55,1743.3,1737.85,16.51,20.98,2.3776,1659.5,1787.0,1655.27,1781.02,125.75,7.691,ok,"TVD converted from deviation survey; porosity from density-porosity equation (rho_ma=2.65, rho_fl=1.0)"
JUT-01,134133.52,451788.57,1743.46,1738.0,16.16,20.98,2.3833,1659.5,1787.0,1655.27,1781.02,125.75,7.691,ok,"TVD converted from deviation survey; porosity from density-porosity equation (rho_ma=2.65, rho_fl=1.0)"
JUT-01,134133.54,451788.59,1743.61,1738.15,15.53,20.98,2.3938,1659.5,1787.0,1655.27,1781.02,125.75,7.691,ok,"TVD converted from deviation survey; porosity from density-porosity equation (rho_ma=2.65, rho_fl=1.0)"
JUT-01,134133.55,451788.61,1743.76,1738.3,14.72,21.49,2.4072,1659.5,1787.0,1655.27,1781.02,125.75,7.691,ok,"TVD converted from deviation survey; porosity from density-porosity equation (rho_ma=2.65, rho_fl=1.0)"
JUT-01,134133.57,451788.63,1743.91,1738.45,13.83,22.57,2.4218,1659.5,1787.0,1655.27,1781.02,125.75,7.691,ok,"TVD converted from deviation survey; porosity from density-porosity equation (rho_ma=2.65, rho_fl=1.0)"
JUT-01,134133.58,451788.64,1744.07,1738.6,12.22,24.17,2.4484,1659.5,1787.0,1655.27,1781.02,125.75,7.69,ok,"TVD converted from deviation survey; porosity from density-porosity equation (rho_ma=2.65, rho_fl=1.0)"
JUT-01,134133.6,451788.66,1744.22,1738.75,10.1,25.78,2.4834,1659.5,1787.0,1655.27,1781.02,125.75,7.69,ok,"TVD converted from deviation survey; porosity from density-porosity equation (rho_ma=2.65, rho_fl=1.0)"
JUT-01,134133.61,451788.68,1744.37,1738.9,8.12,27.38,2.516,1659.5,1787.0,1655.27,1781.02,125.75,7.69,ok,"TVD converted from deviation survey; porosity from density-porosity equation (rho_ma=2.65, rho_fl=1.0)"
JUT-01,134133.62,451788.7,1744.52,1739.05,7.18,28.98,2.5316,1659.5,1787.0,1655.27,1781.02,125.75,7.69,ok,"TVD converted from deviation survey; porosity from density-porosity equation (rho_ma=2.65, rho_fl=1.0)"
JUT-01,134133.64,451788.72,1744.68,1739.2,7.92,29.64,2.5193,1659.5,1787.0,1655.27,1781.02,125.75,7.69,ok,"TVD converted from deviation survey; porosity from density-porosity equation (rho_ma=2.65, rho_fl=1.0)"
JUT-01,134133.65,451788.74,1744.83,1739.35,8.83,28.53,2.5043,1659.5,1787.0,1655.27,1781.02,125.75,7.69,ok,"TVD converted from deviation survey; porosity from density-porosity equation (rho_ma=2.65, rho_fl=1.0)"
JUT-01,134133.67,451788.76,1744.98,1739.5,9.74,27.27,2.4893,1659.5,1787.0,1655.27,1781.02,125.75,7.69,ok,"TVD converted from deviation survey; porosity from density-porosity equation (rho_ma=2.65, rho_fl=1.0)"
JUT-01,134133.68,451788.77,1745.13,1739.66,9.83,26.01,2.4878,1659.5,1787.0,1655.27,1781.02,125.75,7.69,ok,"TVD converted from deviation survey; porosity from density-porosity equation (rho_ma=2.65, rho_fl=1.0)"
JUT-01,134133.7,451788.79,1745.28,1739.81,10.62,24.08,2.4748,1659.5,1787.0,1655.27,1781.02,125.75,7.69,ok,"TVD converted from deviation survey; porosity from density-porosity equation (rho_ma=2.65, rho_fl=1.0)"
JUT-01,134133.71,451788.81,1745.44,1739.96,11.41,22.81,2.4617,1659.5,1787.0,1655.27,1781.02,125.75,7.69,ok,"TVD converted from deviation survey; porosity from density-porosity equation (rho_ma=2.65, rho_fl=1.0)"
JUT-01,134133.72,451788.83,1745.59,1740.11,11.86,22.47,2.4543,1659.5,1787.0,1655.27,1781.02,125.75,7.69,ok,"TVD converted from deviation survey; porosity from density-porosity equation (rho_ma=2.65, rho_fl=1.0)"
JUT-01,134133.74,451788.85,1745.74,1740.26,11.46,22.13,2.4609,1659.5,1787.0,1655.27,1781.02,125.75,7.69,ok,"TVD converted from deviation survey; porosity from density-porosity equation (rho_ma=2.65, rho_fl=1.0)"
JUT-01,134133.75,451788.87,1745.89,1740.41,10.48,22.31,2.4771,1659.5,1787.0,1655.27,1781.02,125.75,7.69,ok,"TVD converted from deviation survey; porosity from density-porosity equation (rho_ma=2.65, rho_fl=1.0)"
JUT-01,134133.77,451788.88,1746.05,1740.56,9.44,22.53,2.4942,1659.5,1787.0,1655.27,1781.02,125.75,7.69,ok,"TVD converted from deviation survey; porosity from density-porosity equation (rho_ma=2.65, rho_fl=1.0)"
JUT-01,134133.78,451788.9,1746.2,1740.71,9.47,22.97,2.4938,1659.5,1787.0,1655.27,1781.02,125.75,7.69,ok,"TVD converted from deviation survey; porosity from density-porosity equation (rho_ma=2.65, rho_fl=1.0)"
JUT-01,134133.8,451788.92,1746.35,1740.86,9.22,23.89,2.4979,1659.5,1787.0,1655.27,1781.02,125.75,7.69,ok,"TVD converted from deviation survey; porosity from density-porosity equation (rho_ma=2.65, rho_fl=1.0)"
JUT-01,134133.81,451788.94,1746.5,1741.01,8.97,24.88,2.502,1659.5,1787.0,1655.27,1781.02,125.75,7.69,ok,"TVD converted from deviation survey; porosity from density-porosity equation (rho_ma=2.65, rho_fl=1.0)"
JUT-01,134133.83,451788.96,1746.66,1741.16,8.81,24.04,2.5047,1659.5,1787.0,1655.27,1781.02,125.75,7.69,ok,"TVD converted from deviation survey; porosity from density-porosity equation (rho_ma=2.65, rho_fl=1.0)"
JUT-01,134133.84,451788.98,1746.81,1741.31,8.9,23.05,2.5032,1659.5,1787.0,1655.27,1781.02,125.75,7.69,ok,"TVD converted from deviation survey; porosity from density-porosity equation (rho_ma=2.65, rho_fl=1.0)"
JUT-01,134133.85,451789.0,1746.96,1741.46,9.56,22.53,2.4923,1659.5,1787.0,1655.27,1781.02,125.75,7.69,ok,"TVD converted from deviation survey; porosity from density-porosity equation (rho_ma=2.65, rho_fl=1.0)"
JUT-01,134133.87,451789.01,1747.11,1741.61,10.22,22.27,2.4814,1659.5,1787.0,1655.27,1781.02,125.75,7.69,ok,"TVD converted from deviation survey; porosity from density-porosity equation (rho_ma=2.65, rho_fl=1.0)"
JUT-01,134133.88,451789.03,1747.27,1741.76,10.53,22.23,2.4762,1659.5,1787.0,1655.27,1781.02,125.75,7.69,ok,"TVD converted from deviation survey; porosity from density-porosity equation (rho_ma=2.65, rho_fl=1.0)"
JUT-01,134133.9,451789.05,1747.42,1741.91,9.32,22.18,2.4962,1659.5,1787.0,1655.27,1781.02,125.75,7.69,ok,"TVD converted from deviation survey; porosity from density-porosity equation (rho_ma=2.65, rho_fl=1.0)"
JUT-01,134133.91,451789.07,1747.57,1742.06,9.19,22.14,2.4983,1659.5,1787.0,1655.27,1781.02,125.75,7.69,ok,"TVD converted from deviation survey; porosity from density-porosity equation (rho_ma=2.65, rho_fl=1.0)"
JUT-01,134133.93,451789.09,1747.72,1742.22,10.55,22.24,2.4759,1659.5,1787.0,1655.27,1781.02,125.75,7.69,ok,"TVD converted from deviation survey; porosity from density-porosity equation (rho_ma=2.65, rho_fl=1.0)"
JUT-01,134133.94,451789.11,1747.88,1742.37,11.91,22.64,2.4535,1659.5,1787.0,1655.27,1781.02,125.75,7.69,ok,"TVD converted from deviation survey; porosity from density-porosity equation (rho_ma=2.65, rho_fl=1.0)"
JUT-01,134133.95,451789.13,1748.03,1742.52,12.52,23.49,2.4434,1659.5,1787.0,1655.27,1781.02,125.75,7.69,ok,"TVD converted from deviation survey; porosity from density-porosity equation (rho_ma=2.65, rho_fl=1.0)"
JUT-01,134133.97,451789.14,1748.18,1742.67,13.1,24.4,2.4338,1659.5,1787.0,1655.27,1781.02,125.75,7.69,ok,"TVD converted from deviation survey; porosity from density-porosity equation (rho_ma=2.65, rho_fl=1.0)"
JUT-01,134133.98,451789.16,1748.33,1742.82,12.48,25.11,2.4441,1659.5,1787.0,1655.27,1781.02,125.75,7.69,ok,"TVD converted from deviation survey; porosity from density-porosity equation (rho_ma=2.65, rho_fl=1.0)"
JUT-01,134134.0,451789.18,1748.49,1742.97,11.73,25.22,2.4565,1659.5,1787.0,1655.27,1781.02,125.75,7.69,ok,"TVD converted from deviation survey; porosity from density-porosity equation (rho_ma=2.65, rho_fl=1.0)"
JUT-01,134134.01,451789.2,1748.64,1743.12,11.04,24.44,2.4678,1659.5,1787.0,1655.27,1781.02,125.75,7.69,ok,"TVD converted from deviation survey; porosity from density-porosity equation (rho_ma=2.65, rho_fl=1.0)"
JUT-01,134134.03,451789.22,1748.79,1743.27,10.12,23.2,2.4831,1659.5,1787.0,1655.27,1781.02,125.75,7.69,ok,"TVD converted from deviation survey; porosity from density-porosity equation (rho_ma=2.65, rho_fl=1.0)"
JUT-01,134134.04,451789.24,1748.94,1743.42,8.78,22.35,2.5052,1659.5,1787.0,1655.27,1781.02,125.75,7.69,ok,"TVD converted from deviation survey; porosity from density-porosity equation (rho_ma=2.65, rho_fl=1.0)"
JUT-01,134134.05,451789.26,1749.09,1743.57,8.11,23.44,2.5162,1659.5,1787.0,1655.27,1781.02,125.75,7.69,ok,"TVD converted from deviation survey; porosity from density-porosity equation (rho_ma=2.65, rho_fl=1.0)"
JUT-01,134134.07,451789.27,1749.25,1743.72,7.56,25.29,2.5252,1659.5,1787.0,1655.27,1781.02,125.75,7.69,ok,"TVD converted from deviation survey; porosity from density-porosity equation (rho_ma=2.65, rho_fl=1.0)"
JUT-01,134134.08,451789.29,1749.4,1743.87,7.79,26.91,2.5215,1659.5,1787.0,1655.27,1781.02,125.75,7.69,ok,"TVD converted from deviation survey; porosity from density-porosity equation (rho_ma=2.65, rho_fl=1.0)"
JUT-01,134134.1,451789.31,1749.55,1744.02,8.15,28.35,2.5155,1659.5,1787.0,1655.27,1781.02,125.75,7.69,ok,"TVD converted from deviation survey; porosity from density-porosity equation (rho_ma=2.65, rho_fl=1.0)"
JUT-01,134134.11,451789.33,1749.7,1744.17,7.78,29.2,2.5217,1659.5,1787.0,1655.27,1781.02,125.75,7.69,ok,"TVD converted from deviation survey; porosity from density-porosity equation (rho_ma=2.65, rho_fl=1.0)"
JUT-01,134134.13,451789.35,1749.86,1744.32,7.52,29.44,2.526,1659.5,1787.0,1655.27,1781.02,125.75,7.69,ok,"TVD converted from deviation survey; porosity from density-porosity equation (rho_ma=2.65, rho_fl=1.0)"
JUT-01,134134.14,451789.37,1750.01,1744.47,7.39,29.36,2.5281,1659.5,1787.0,1655.27,1781.02,125.75,7.69,ok,"TVD converted from deviation survey; porosity from density-porosity equation (rho_ma=2.65, rho_fl=1.0)"
JUT-01,134134.16,451789.38,1750.16,1744.62,6.59,29.09,2.5413,1659.5,1787.0,1655.27,1781.02,125.75,7.69,ok,"TVD converted from deviation survey; porosity from density-porosity equation (rho_ma=2.65, rho_fl=1.0)"
JUT-01,134134.17,451789.4,1750.31,1744.78,6.42,29.17,2.5441,1659.5,1787.0,1655.27,1781.02,125.75,7.69,ok,"TVD converted from deviation survey; porosity from density-porosity equation (rho_ma=2.65, rho_fl=1.0)"
JUT-01,134134.18,451789.42,1750.47,1744.93,6.97,29.31,2.535,1659.5,1787.0,1655.27,1781.02,125.75,7.69,ok,"TVD converted from deviation survey; porosity from density-porosity equation (rho_ma=2.65, rho_fl=1.0)"
JUT-01,134134.2,451789.44,1750.62,1745.08,6.86,29.34,2.5368,1659.5,1787.0,1655.27,1781.02,125.75,7.69,ok,"TVD converted from deviation survey; porosity from density-porosity equation (rho_ma=2.65, rho_fl=1.0)"
JUT-01,134134.21,451789.46,1750.77,1745.23,6.72,28.82,2.5391,1659.5,1787.0,1655.27,1781.02,125.75,7.69,ok,"TVD converted from deviation survey; porosity from density-porosity equation (rho_ma=2.65, rho_fl=1.0)"
JUT-01,134134.23,451789.48,1750.92,1745.38,6.64,28.33,2.5405,1659.5,1787.0,1655.27,1781.02,125.75,7.69,ok,"TVD converted from deviation survey; porosity from density-porosity equation (rho_ma=2.65, rho_fl=1.0)"
JUT-01,134134.24,451789.5,1751.08,1745.53,6.47,27.64,2.5433,1659.5,1787.0,1655.27,1781.02,125.75,7.69,ok,"TVD converted from deviation survey; porosity from density-porosity equation (rho_ma=2.65, rho_fl=1.0)"
JUT-01,134134.26,451789.51,1751.23,1745.68,5.71,26.98,2.5558,1659.5,1787.0,1655.27,1781.02,125.75,7.69,ok,"TVD converted from deviation survey; porosity from density-porosity equation (rho_ma=2.65, rho_fl=1.0)"
JUT-01,134134.27,451789.53,1751.38,1745.83,5.9,26.98,2.5527,1659.5,1787.0,1655.27,1781.02,125.75,7.69,ok,"TVD converted from deviation survey; porosity from density-porosity equation (rho_ma=2.65, rho_fl=1.0)"
JUT-01,134134.28,451789.55,1751.53,1745.98,5.52,27.2,2.559,1659.5,1787.0,1655.27,1781.02,125.75,7.689,ok,"TVD converted from deviation survey; porosity from density-porosity equation (rho_ma=2.65, rho_fl=1.0)"
JUT-01,134134.3,451789.57,1751.69,1746.13,5.14,27.72,2.5652,1659.5,1787.0,1655.27,1781.02,125.75,7.689,ok,"TVD converted from deviation survey; porosity from density-porosity equation (rho_ma=2.65, rho_fl=1.0)"
JUT-01,134134.31,451789.59,1751.84,1746.28,5.32,27.74,2.5623,1659.5,1787.0,1655.27,1781.02,125.75,7.689,ok,"TVD converted from deviation survey; porosity from density-porosity equation (rho_ma=2.65, rho_fl=1.0)"
JUT-01,134134.33,451789.61,1751.99,1746.43,5.84,27.35,2.5536,1659.5,1787.0,1655.27,1781.02,125.75,7.689,ok,"TVD converted from deviation survey; porosity from density-porosity equation (rho_ma=2.65, rho_fl=1.0)"
JUT-01,134134.34,451789.63,1752.14,1746.58,5.85,27.5,2.5534,1659.5,1787.0,1655.27,1781.02,125.75,7.689,ok,"TVD converted from deviation survey; porosity from density-porosity equation (rho_ma=2.65, rho_fl=1.0)"
JUT-01,134134.36,451789.64,1752.3,1746.73,5.35,28.54,2.5618,1659.5,1787.0,1655.27,1781.02,125.75,7.689,ok,"TVD converted from deviation survey; porosity from density-porosity equation (rho_ma=2.65, rho_fl=1.0)"
JUT-01,134134.37,451789.66,1752.45,1746.88,5.38,28.79,2.5612,1659.5,1787.0,1655.27,1781.02,125.75,7.689,ok,"TVD converted from deviation survey; porosity from density-porosity equation (rho_ma=2.65, rho_fl=1.0)"
JUT-01,134134.38,451789.68,1752.6,1747.03,5.71,29.57,2.5558,1659.5,1787.0,1655.27,1781.02,125.75,7.689,ok,"TVD converted from deviation survey; porosity from density-porosity equation (rho_ma=2.65, rho_fl=1.0)"
JUT-01,134134.4,451789.7,1752.75,1747.18,5.39,31.21,2.561,1659.5,1787.0,1655.27,1781.02,125.75,7.689,ok,"TVD converted from deviation survey; porosity from density-porosity equation (rho_ma=2.65, rho_fl=1.0)"
JUT-01,134134.41,451789.72,1752.9,1747.34,5.3,32.56,2.5626,1659.5,1787.0,1655.27,1781.02,125.75,7.689,ok,"TVD converted from deviation survey; porosity from density-porosity equation (rho_ma=2.65, rho_fl=1.0)"
JUT-01,134134.43,451789.74,1753.06,1747.49,5.3,32.34,2.5625,1659.5,1787.0,1655.27,1781.02,125.75,7.689,ok,"TVD converted from deviation survey; porosity from density-porosity equation (rho_ma=2.65, rho_fl=1.0)"
JUT-01,134134.44,451789.75,1753.21,1747.64,5.5,31.48,2.5592,1659.5,1787.0,1655.27,1781.02,125.75,7.689,ok,"TVD converted from deviation survey; porosity from density-porosity equation (rho_ma=2.65, rho_fl=1.0)"
JUT-01,134134.46,451789.77,1753.36,1747.79,5.82,30.72,2.554,1659.5,1787.0,1655.27,1781.02,125.75,7.689,ok,"TVD converted from deviation survey; porosity from density-porosity equation (rho_ma=2.65, rho_fl=1.0)"
JUT-01,134134.47,451789.79,1753.51,1747.94,7.98,30.62,2.5184,1659.5,1787.0,1655.27,1781.02,125.75,7.689,ok,"TVD converted from deviation survey; porosity from density-porosity equation (rho_ma=2.65, rho_fl=1.0)"
JUT-01,134134.49,451789.81,1753.67,1748.09,10.98,30.18,2.4688,1659.5,1787.0,1655.27,1781.02,125.75,7.689,ok,"TVD converted from deviation survey; porosity from density-porosity equation (rho_ma=2.65, rho_fl=1.0)"
JUT-01,134134.5,451789.83,1753.82,1748.24,13.64,28.45,2.4249,1659.5,1787.0,1655.27,1781.02,125.75,7.689,ok,"TVD converted from deviation survey; porosity from density-porosity equation (rho_ma=2.65, rho_fl=1.0)"
JUT-01,134134.51,451789.85,1753.97,1748.39,14.64,25.96,2.4085,1659.5,1787.0,1655.27,1781.02,125.75,7.689,ok,"TVD converted from deviation survey; porosity from density-porosity equation (rho_ma=2.65, rho_fl=1.0)"
JUT-01,134134.53,451789.87,1754.12,1748.54,15.76,23.55,2.3899,1659.5,1787.0,1655.27,1781.02,125.75,7.689,ok,"TVD converted from deviation survey; porosity from density-porosity equation (rho_ma=2.65, rho_fl=1.0)"
JUT-01,134134.54,451789.88,1754.28,1748.69,16.65,22.83,2.3753,1659.5,1787.0,1655.27,1781.02,125.75,7.689,ok,"TVD converted from deviation survey; porosity from density-porosity equation (rho_ma=2.65, rho_fl=1.0)"
JUT-01,134134.56,451789.9,1754.43,1748.84,16.87,22.4,2.3716,1659.5,1787.0,1655.27,1781.02,125.75,7.689,ok,"TVD converted from deviation survey; porosity from density-porosity equation (rho_ma=2.65, rho_fl=1.0)"
JUT-01,134134.57,451789.92,1754.58,1748.99,16.48,22.26,2.3781,1659.5,1787.0,1655.27,1781.02,125.75,7.689,ok,"TVD converted from deviation survey; porosity from density-porosity equation (rho_ma=2.65, rho_fl=1.0)"
JUT-01,134134.59,451789.94,1754.73,1749.14,16.5,22.76,2.3777,1659.5,1787.0,1655.27,1781.02,125.75,7.689,ok,"TVD converted from deviation survey; porosity from density-porosity equation (rho_ma=2.65, rho_fl=1.0)"
JUT-01,134134.6,451789.96,1754.89,1749.29,16.99,23.14,2.3697,1659.5,1787.0,1655.27,1781.02,125.75,7.689,ok,"TVD converted from deviation survey; porosity from density-porosity equation (rho_ma=2.65, rho_fl=1.0)"
JUT-01,134134.61,451789.98,1755.04,1749.44,16.82,22.76,2.3725,1659.5,1787.0,1655.27,1781.02,125.75,7.689,ok,"TVD converted from deviation survey; porosity from density-porosity equation (rho_ma=2.65, rho_fl=1.0)"
JUT-01,134134.63,451790.0,1755.19,1749.59,17.1,22.11,2.3679,1659.5,1787.0,1655.27,1781.02,125.75,7.689,ok,"TVD converted from deviation survey; porosity from density-porosity equation (rho_ma=2.65, rho_fl=1.0)"
JUT-01,134134.64,451790.01,1755.34,1749.74,16.75,21.45,2.3737,1659.5,1787.0,1655.27,1781.02,125.75,7.689,ok,"TVD converted from deviation survey; porosity from density-porosity equation (rho_ma=2.65, rho_fl=1.0)"
JUT-01,134134.66,451790.03,1755.5,1749.9,16.96,20.8,2.3701,1659.5,1787.0,1655.27,1781.02,125.75,7.689,ok,"TVD converted from deviation survey; porosity from density-porosity equation (rho_ma=2.65, rho_fl=1.0)"
JUT-01,134134.67,451790.05,1755.65,1750.05,17.28,20.19,2.3649,1659.5,1787.0,1655.27,1781.02,125.75,7.689,ok,"TVD converted from deviation survey; porosity from density-porosity equation (rho_ma=2.65, rho_fl=1.0)"
JUT-01,134134.69,451790.07,1755.8,1750.2,17.47,20.19,2.3618,1659.5,1787.0,1655.27,1781.02,125.75,7.689,ok,"TVD converted from deviation survey; porosity from density-porosity equation (rho_ma=2.65, rho_fl=1.0)"
JUT-01,134134.7,451790.09,1755.95,1750.35,17.44,20.58,2.3622,1659.5,1787.0,1655.27,1781.02,125.75,7.689,ok,"TVD converted from deviation survey; porosity from density-porosity equation (rho_ma=2.65, rho_fl=1.0)"
JUT-01,134134.72,451790.11,1756.11,1750.5,16.53,21.22,2.3773,1659.5,1787.0,1655.27,1781.02,125.75,7.689,ok,"TVD converted from deviation survey; porosity from density-porosity equation (rho_ma=2.65, rho_fl=1.0)"
JUT-01,134134.73,451790.13,1756.26,1750.65,15.74,21.74,2.3903,1659.5,1787.0,1655.27,1781.02,125.75,7.689,ok,"TVD converted from deviation survey; porosity from density-porosity equation (rho_ma=2.65, rho_fl=1.0)"
JUT-01,134134.74,451790.14,1756.41,1750.8,17.07,21.78,2.3684,1659.5,1787.0,1655.27,1781.02,125.75,7.689,ok,"TVD converted from deviation survey; porosity from density-porosity equation (rho_ma=2.65, rho_fl=1.0)"
JUT-01,134134.76,451790.16,1756.56,1750.95,17.72,21.42,2.3577,1659.5,1787.0,1655.27,1781.02,125.75,7.689,ok,"TVD converted from deviation survey; porosity from density-porosity equation (rho_ma=2.65, rho_fl=1.0)"
JUT-01,134134.77,451790.18,1756.71,1751.1,17.11,20.92,2.3677,1659.5,1787.0,1655.27,1781.02,125.75,7.689,ok,"TVD converted from deviation survey; porosity from density-porosity equation (rho_ma=2.65, rho_fl=1.0)"
JUT-01,134134.79,451790.2,1756.87,1751.25,16.6,20.63,2.3761,1659.5,1787.0,1655.27,1781.02,125.75,7.689,ok,"TVD converted from deviation survey; porosity from density-porosity equation (rho_ma=2.65, rho_fl=1.0)"
JUT-01,134134.8,451790.22,1757.02,1751.4,16.12,21.36,2.384,1659.5,1787.0,1655.27,1781.02,125.75,7.689,ok,"TVD converted from deviation survey; porosity from density-porosity equation (rho_ma=2.65, rho_fl=1.0)"
JUT-01,134134.82,451790.24,1757.17,1751.55,15.07,22.9,2.4013,1659.5,1787.0,1655.27,1781.02,125.75,7.689,ok,"TVD converted from deviation survey; porosity from density-porosity equation (rho_ma=2.65, rho_fl=1.0)"
JUT-01,134134.83,451790.25,1757.32,1751.7,14.73,23.88,2.407,1659.5,1787.0,1655.27,1781.02,125.75,7.689,ok,"TVD converted from deviation survey; porosity from density-porosity equation (rho_ma=2.65, rho_fl=1.0)"
JUT-01,134134.84,451790.27,1757.48,1751.85,15.08,23.96,2.4012,1659.5,1787.0,1655.27,1781.02,125.75,7.689,ok,"TVD converted from deviation survey; porosity from density-porosity equation (rho_ma=2.65, rho_fl=1.0)"
JUT-01,134134.86,451790.29,1757.63,1752.0,15.39,23.66,2.3961,1659.5,1787.0,1655.27,1781.02,125.75,7.689,ok,"TVD converted from deviation survey; porosity from density-porosity equation (rho_ma=2.65, rho_fl=1.0)"
JUT-01,134134.87,451790.31,1757.78,1752.15,15.72,23.4,2.3907,1659.5,1787.0,1655.27,1781.02,125.75,7.689,ok,"TVD converted from deviation survey; porosity from density-porosity equation (rho_ma=2.65, rho_fl=1.0)"
JUT-01,134134.89,451790.33,1757.93,1752.3,16.11,23.4,2.3842,1659.5,1787.0,1655.27,1781.02,125.75,7.689,ok,"TVD converted from deviation survey; porosity from density-porosity equation (rho_ma=2.65, rho_fl=1.0)"
JUT-01,134134.9,451790.35,1758.09,1752.46,16.11,22.97,2.3842,1659.5,1787.0,1655.27,1781.02,125.75,7.689,ok,"TVD converted from deviation survey; porosity from density-porosity equation (rho_ma=2.65, rho_fl=1.0)"
JUT-01,134134.92,451790.37,1758.24,1752.61,16.11,21.92,2.3842,1659.5,1787.0,1655.27,1781.02,125.75,7.689,ok,"TVD converted from deviation survey; porosity from density-porosity equation (rho_ma=2.65, rho_fl=1.0)"
JUT-01,134134.93,451790.38,1758.39,1752.76,16.39,20.74,2.3795,1659.5,1787.0,1655.27,1781.02,125.75,7.689,ok,"TVD converted from deviation survey; porosity from density-porosity equation (rho_ma=2.65, rho_fl=1.0)"
JUT-01,134134.94,451790.4,1758.54,1752.91,16.97,19.88,2.37,1659.5,1787.0,1655.27,1781.02,125.75,7.689,ok,"TVD converted from deviation survey; porosity from density-porosity equation (rho_ma=2.65, rho_fl=1.0)"
JUT-01,134134.96,451790.42,1758.7,1753.06,17.3,19.31,2.3646,1659.5,1787.0,1655.27,1781.02,125.75,7.689,ok,"TVD converted from deviation survey; porosity from density-porosity equation (rho_ma=2.65, rho_fl=1.0)"
JUT-01,134134.97,451790.44,1758.85,1753.21,17.42,18.73,2.3626,1659.5,1787.0,1655.27,1781.02,125.75,7.688,ok,"TVD converted from deviation survey; porosity from density-porosity equation (rho_ma=2.65, rho_fl=1.0)"
JUT-01,134134.99,451790.46,1759.0,1753.36,16.82,18.3,2.3725,1659.5,1787.0,1655.27,1781.02,125.75,7.688,ok,"TVD converted from deviation survey; porosity from density-porosity equation (rho_ma=2.65, rho_fl=1.0)"
JUT-01,134135.0,451790.48,1759.15,1753.51,16.02,18.3,2.3856,1659.5,1787.0,1655.27,1781.02,125.75,7.688,ok,"TVD converted from deviation survey; porosity from density-porosity equation (rho_ma=2.65, rho_fl=1.0)"
JUT-01,134135.02,451790.5,1759.31,1753.66,15.39,18.3,2.3961,1659.5,1787.0,1655.27,1781.02,125.75,7.688,ok,"TVD converted from deviation survey; porosity from density-porosity equation (rho_ma=2.65, rho_fl=1.0)"
JUT-01,134135.03,451790.51,1759.46,1753.81,14.65,18.3,2.4083,1659.5,1787.0,1655.27,1781.02,125.75,7.688,ok,"TVD converted from deviation survey; porosity from density-porosity equation (rho_ma=2.65, rho_fl=1.0)"
JUT-01,134135.05,451790.53,1759.61,1753.96,13.87,18.77,2.4212,1659.5,1787.0,1655.27,1781.02,125.75,7.688,ok,"TVD converted from deviation survey; porosity from density-porosity equation (rho_ma=2.65, rho_fl=1.0)"
JUT-01,134135.06,451790.55,1759.76,1754.11,13.17,20.46,2.4327,1659.5,1787.0,1655.27,1781.02,125.75,7.688,ok,"TVD converted from deviation survey; porosity from density-porosity equation (rho_ma=2.65, rho_fl=1.0)"
JUT-01,134135.07,451790.57,1759.92,1754.26,12.46,21.32,2.4444,1659.5,1787.0,1655.27,1781.02,125.75,7.688,ok,"TVD converted from deviation survey; porosity from density-porosity equation (rho_ma=2.65, rho_fl=1.0)"
JUT-01,134135.09,451790.59,1760.07,1754.41,11.91,20.59,2.4535,1659.5,1787.0,1655.27,1781.02,125.75,7.688,ok,"TVD converted from deviation survey; porosity from density-porosity equation (rho_ma=2.65, rho_fl=1.0)"
JUT-01,134135.1,451790.61,1760.22,1754.56,11.53,19.6,2.4597,1659.5,1787.0,1655.27,1781.02,125.75,7.688,ok,"TVD converted from deviation survey; porosity from density-porosity equation (rho_ma=2.65, rho_fl=1.0)"
JUT-01,134135.12,451790.63,1760.37,1754.71,11.12,19.37,2.4665,1659.5,1787.0,1655.27,1781.02,125.75,7.688,ok,"TVD converted from deviation survey; porosity from density-porosity equation (rho_ma=2.65, rho_fl=1.0)"
JUT-01,134135.13,451790.64,1760.52,1754.86,11.87,19.15,2.4541,1659.5,1787.0,1655.27,1781.02,125.75,7.688,ok,"TVD converted from deviation survey; porosity from density-porosity equation (rho_ma=2.65, rho_fl=1.0)"
JUT-01,134135.15,451790.66,1760.68,1755.02,11.56,19.15,2.4592,1659.5,1787.0,1655.27,1781.02,125.75,7.688,ok,"TVD converted from deviation survey; porosity from density-porosity equation (rho_ma=2.65, rho_fl=1.0)"
JUT-01,134135.16,451790.68,1760.83,1755.17,11.0,19.66,2.4685,1659.5,1787.0,1655.27,1781.02,125.75,7.688,ok,"TVD converted from deviation survey; porosity from density-porosity equation (rho_ma=2.65, rho_fl=1.0)"
JUT-01,134135.17,451790.7,1760.98,1755.32,11.5,20.64,2.4603,1659.5,1787.0,1655.27,1781.02,125.75,7.688,ok,"TVD converted from deviation survey; porosity from density-porosity equation (rho_ma=2.65, rho_fl=1.0)"
JUT-01,134135.19,451790.72,1761.13,1755.47,11.73,21.62,2.4565,1659.5,1787.0,1655.27,1781.02,125.75,7.688,ok,"TVD converted from deviation survey; porosity from density-porosity equation (rho_ma=2.65, rho_fl=1.0)"
JUT-01,134135.2,451790.74,1761.29,1755.62,11.73,22.69,2.4565,1659.5,1787.0,1655.27,1781.02,125.75,7.688,ok,"TVD converted from deviation survey; porosity from density-porosity equation (rho_ma=2.65, rho_fl=1.0)"
JUT-01,134135.22,451790.75,1761.44,1755.77,12.15,23.84,2.4496,1659.5,1787.0,1655.27,1781.02,125.75,7.688,ok,"TVD converted from deviation survey; porosity from density-porosity equation (rho_ma=2.65, rho_fl=1.0)"
JUT-01,134135.23,451790.77,1761.59,1755.92,11.98,24.99,2.4524,1659.5,1787.0,1655.27,1781.02,125.75,7.688,ok,"TVD converted from deviation survey; porosity from density-porosity equation (rho_ma=2.65, rho_fl=1.0)"
JUT-01,134135.25,451790.79,1761.74,1756.07,11.56,25.47,2.4593,1659.5,1787.0,1655.27,1781.02,125.75,7.688,ok,"TVD converted from deviation survey; porosity from density-porosity equation (rho_ma=2.65, rho_fl=1.0)"
JUT-01,134135.26,451790.81,1761.9,1756.22,11.92,25.35,2.4533,1659.5,1787.0,1655.27,1781.02,125.75,7.688,ok,"TVD converted from deviation survey; porosity from density-porosity equation (rho_ma=2.65, rho_fl=1.0)"
JUT-01,134135.27,451790.83,1762.05,1756.37,12.32,24.99,2.4468,1659.5,1787.0,1655.27,1781.02,125.75,7.688,ok,"TVD converted from deviation survey; porosity from density-porosity equation (rho_ma=2.65, rho_fl=1.0)"
JUT-01,134135.29,451790.85,1762.2,1756.52,12.47,24.64,2.4443,1659.5,1787.0,1655.27,1781.02,125.75,7.688,ok,"TVD converted from deviation survey; porosity from density-porosity equation (rho_ma=2.65, rho_fl=1.0)"
JUT-01,134135.3,451790.87,1762.35,1756.67,12.55,24.53,2.4429,1659.5,1787.0,1655.27,1781.02,125.75,7.688,ok,"TVD converted from deviation survey; porosity from density-porosity equation (rho_ma=2.65, rho_fl=1.0)"
JUT-01,134135.32,451790.88,1762.51,1756.82,12.44,24.8,2.4447,1659.5,1787.0,1655.27,1781.02,125.75,7.688,ok,"TVD converted from deviation survey; porosity from density-porosity equation (rho_ma=2.65, rho_fl=1.0)"
JUT-01,134135.33,451790.9,1762.66,1756.97,11.81,25.27,2.4551,1659.5,1787.0,1655.27,1781.02,125.75,7.688,ok,"TVD converted from deviation survey; porosity from density-porosity equation (rho_ma=2.65, rho_fl=1.0)"
JUT-01,134135.35,451790.92,1762.81,1757.12,11.36,24.93,2.4626,1659.5,1787.0,1655.27,1781.02,125.75,7.688,ok,"TVD converted from deviation survey; porosity from density-porosity equation (rho_ma=2.65, rho_fl=1.0)"
JUT-01,134135.36,451790.94,1762.96,1757.27,10.85,23.88,2.4709,1659.5,1787.0,1655.27,1781.02,125.75,7.688,ok,"TVD converted from deviation survey; porosity from density-porosity equation (rho_ma=2.65, rho_fl=1.0)"
JUT-01,134135.38,451790.96,1763.12,1757.42,10.45,22.83,2.4775,1659.5,1787.0,1655.27,1781.02,125.75,7.688,ok,"TVD converted from deviation survey; porosity from density-porosity equation (rho_ma=2.65, rho_fl=1.0)"
JUT-01,134135.39,451790.98,1763.27,1757.58,9.96,21.79,2.4856,1659.5,1787.0,1655.27,1781.02,125.75,7.688,ok,"TVD converted from deviation survey; porosity from density-porosity equation (rho_ma=2.65, rho_fl=1.0)"
JUT-01,134135.4,451791.0,1763.42,1757.73,10.36,21.44,2.479,1659.5,1787.0,1655.27,1781.02,125.75,7.688,ok,"TVD converted from deviation survey; porosity from density-porosity equation (rho_ma=2.65, rho_fl=1.0)"
JUT-01,134135.42,451791.01,1763.57,1757.88,10.81,21.34,2.4716,1659.5,1787.0,1655.27,1781.02,125.75,7.688,ok,"TVD converted from deviation survey; porosity from density-porosity equation (rho_ma=2.65, rho_fl=1.0)"
JUT-01,134135.43,451791.03,1763.73,1758.03,11.41,21.24,2.4618,1659.5,1787.0,1655.27,1781.02,125.75,7.688,ok,"TVD converted from deviation survey; porosity from density-porosity equation (rho_ma=2.65, rho_fl=1.0)"
JUT-01,134135.45,451791.05,1763.88,1758.18,12.76,21.14,2.4394,1659.5,1787.0,1655.27,1781.02,125.75,7.688,ok,"TVD converted from deviation survey; porosity from density-porosity equation (rho_ma=2.65, rho_fl=1.0)"
JUT-01,134135.46,451791.07,1764.03,1758.33,13.62,21.03,2.4252,1659.5,1787.0,1655.27,1781.02,125.75,7.688,ok,"TVD converted from deviation survey; porosity from density-porosity equation (rho_ma=2.65, rho_fl=1.0)"
JUT-01,134135.48,451791.09,1764.18,1758.48,13.78,21.0,2.4226,1659.5,1787.0,1655.27,1781.02,125.75,7.688,ok,"TVD converted from deviation survey; porosity from density-porosity equation (rho_ma=2.65, rho_fl=1.0)"
JUT-01,134135.49,451791.11,1764.33,1758.63,13.56,21.61,2.4262,1659.5,1787.0,1655.27,1781.02,125.75,7.688,ok,"TVD converted from deviation survey; porosity from density-porosity equation (rho_ma=2.65, rho_fl=1.0)"
JUT-01,134135.5,451791.13,1764.49,1758.78,13.52,22.15,2.4269,1659.5,1787.0,1655.27,1781.02,125.75,7.688,ok,"TVD converted from deviation survey; porosity from density-porosity equation (rho_ma=2.65, rho_fl=1.0)"
JUT-01,134135.52,451791.14,1764.64,1758.93,11.81,22.45,2.4552,1659.5,1787.0,1655.27,1781.02,125.75,7.688,ok,"TVD converted from deviation survey; porosity from density-porosity equation (rho_ma=2.65, rho_fl=1.0)"
JUT-01,134135.53,451791.16,1764.79,1759.08,11.42,22.75,2.4616,1659.5,1787.0,1655.27,1781.02,125.75,7.688,ok,"TVD converted from deviation survey; porosity from density-porosity equation (rho_ma=2.65, rho_fl=1.0)"
JUT-01,134135.55,451791.18,1764.94,1759.23,12.85,23.02,2.4379,1659.5,1787.0,1655.27,1781.02,125.75,7.688,ok,"TVD converted from deviation survey; porosity from density-porosity equation (rho_ma=2.65, rho_fl=1.0)"
JUT-01,134135.56,451791.2,1765.1,1759.38,14.13,23.02,2.4168,1659.5,1787.0,1655.27,1781.02,125.75,7.688,ok,"TVD converted from deviation survey; porosity from density-porosity equation (rho_ma=2.65, rho_fl=1.0)"
JUT-01,134135.58,451791.22,1765.25,1759.53,15.61,22.77,2.3924,1659.5,1787.0,1655.27,1781.02,125.75,7.688,ok,"TVD converted from deviation survey; porosity from density-porosity equation (rho_ma=2.65, rho_fl=1.0)"
JUT-01,134135.59,451791.24,1765.4,1759.68,16.52,22.29,2.3774,1659.5,1787.0,1655.27,1781.02,125.75,7.688,ok,"TVD converted from deviation survey; porosity from density-porosity equation (rho_ma=2.65, rho_fl=1.0)"
JUT-01,134135.61,451791.25,1765.55,1759.83,16.27,21.81,2.3815,1659.5,1787.0,1655.27,1781.02,125.75,7.688,ok,"TVD converted from deviation survey; porosity from density-porosity equation (rho_ma=2.65, rho_fl=1.0)"
JUT-01,134135.62,451791.27,1765.71,1759.98,16.0,21.34,2.386,1659.5,1787.0,1655.27,1781.02,125.75,7.688,ok,"TVD converted from deviation survey; porosity from density-porosity equation (rho_ma=2.65, rho_fl=1.0)"
JUT-01,134135.63,451791.29,1765.86,1760.14,15.37,21.34,2.3964,1659.5,1787.0,1655.27,1781.02,125.75,7.688,ok,"TVD converted from deviation survey; porosity from density-porosity equation (rho_ma=2.65, rho_fl=1.0)"
JUT-01,134135.65,451791.31,1766.01,1760.29,14.21,21.62,2.4155,1659.5,1787.0,1655.27,1781.02,125.75,7.688,ok,"TVD converted from deviation survey; porosity from density-porosity equation (rho_ma=2.65, rho_fl=1.0)"
JUT-01,134135.66,451791.33,1766.16,1760.44,12.99,21.32,2.4357,1659.5,1787.0,1655.27,1781.02,125.75,7.688,ok,"TVD converted from deviation survey; porosity from density-porosity equation (rho_ma=2.65, rho_fl=1.0)"
JUT-01,134135.68,451791.35,1766.32,1760.59,11.9,21.02,2.4537,1659.5,1787.0,1655.27,1781.02,125.75,7.687,ok,"TVD converted from deviation survey; porosity from density-porosity equation (rho_ma=2.65, rho_fl=1.0)"
JUT-01,134135.69,451791.37,1766.47,1760.74,10.8,21.72,2.4718,1659.5,1787.0,1655.27,1781.02,125.75,7.687,ok,"TVD converted from deviation survey; porosity from density-porosity equation (rho_ma=2.65, rho_fl=1.0)"
JUT-01,134135.71,451791.38,1766.62,1760.89,9.87,22.76,2.4872,1659.5,1787.0,1655.27,1781.02,125.75,7.687,ok,"TVD converted from deviation survey; porosity from density-porosity equation (rho_ma=2.65, rho_fl=1.0)"
JUT-01,134135.72,451791.4,1766.77,1761.04,9.52,23.01,2.4929,1659.5,1787.0,1655.27,1781.02,125.75,7.687,ok,"TVD converted from deviation survey; porosity from density-porosity equation (rho_ma=2.65, rho_fl=1.0)"
JUT-01,134135.73,451791.42,1766.93,1761.19,9.38,23.57,2.4953,1659.5,1787.0,1655.27,1781.02,125.75,7.687,ok,"TVD converted from deviation survey; porosity from density-porosity equation (rho_ma=2.65, rho_fl=1.0)"
JUT-01,134135.75,451791.44,1767.08,1761.34,9.68,25.21,2.4903,1659.5,1787.0,1655.27,1781.02,125.75,7.687,ok,"TVD converted from deviation survey; porosity from density-porosity equation (rho_ma=2.65, rho_fl=1.0)"
JUT-01,134135.76,451791.46,1767.23,1761.49,10.93,26.38,2.4697,1659.5,1787.0,1655.27,1781.02,125.75,7.687,ok,"TVD converted from deviation survey; porosity from density-porosity equation (rho_ma=2.65, rho_fl=1.0)"
JUT-01,134135.78,451791.48,1767.38,1761.64,12.7,26.34,2.4405,1659.5,1787.0,1655.27,1781.02,125.75,7.687,ok,"TVD converted from deviation survey; porosity from density-porosity equation (rho_ma=2.65, rho_fl=1.0)"
JUT-01,134135.79,451791.5,1767.54,1761.79,14.07,25.65,2.4179,1659.5,1787.0,1655.27,1781.02,125.75,7.687,ok,"TVD converted from deviation survey; porosity from density-porosity equation (rho_ma=2.65, rho_fl=1.0)"
JUT-01,134135.81,451791.51,1767.69,1761.94,15.25,24.3,2.3983,1659.5,1787.0,1655.27,1781.02,125.75,7.687,ok,"TVD converted from deviation survey; porosity from density-porosity equation (rho_ma=2.65, rho_fl=1.0)"
JUT-01,134135.82,451791.53,1767.84,1762.09,16.14,22.95,2.3837,1659.5,1787.0,1655.27,1781.02,125.75,7.687,ok,"TVD converted from deviation survey; porosity from density-porosity equation (rho_ma=2.65, rho_fl=1.0)"
JUT-01,134135.83,451791.55,1767.99,1762.24,16.38,20.7,2.3797,1659.5,1787.0,1655.27,1781.02,125.75,7.687,ok,"TVD converted from deviation survey; porosity from density-porosity equation (rho_ma=2.65, rho_fl=1.0)"
JUT-01,134135.85,451791.57,1768.14,1762.39,16.46,18.37,2.3784,1659.5,1787.0,1655.27,1781.02,125.75,7.687,ok,"TVD converted from deviation survey; porosity from density-porosity equation (rho_ma=2.65, rho_fl=1.0)"
JUT-01,134135.86,451791.59,1768.3,1762.54,16.44,18.5,2.3788,1659.5,1787.0,1655.27,1781.02,125.75,7.687,ok,"TVD converted from deviation survey; porosity from density-porosity equation (rho_ma=2.65, rho_fl=1.0)"
JUT-01,134135.88,451791.61,1768.45,1762.7,16.16,19.79,2.3834,1659.5,1787.0,1655.27,1781.02,125.75,7.687,ok,"TVD converted from deviation survey; porosity from density-porosity equation (rho_ma=2.65, rho_fl=1.0)"
JUT-01,134135.89,451791.63,1768.6,1762.85,15.41,21.08,2.3958,1659.5,1787.0,1655.27,1781.02,125.75,7.687,ok,"TVD converted from deviation survey; porosity from density-porosity equation (rho_ma=2.65, rho_fl=1.0)"
JUT-01,134135.91,451791.64,1768.75,1763.0,14.32,21.84,2.4137,1659.5,1787.0,1655.27,1781.02,125.75,7.687,ok,"TVD converted from deviation survey; porosity from density-porosity equation (rho_ma=2.65, rho_fl=1.0)"
JUT-01,134135.92,451791.66,1768.91,1763.15,13.16,22.06,2.4328,1659.5,1787.0,1655.27,1781.02,125.75,7.687,ok,"TVD converted from deviation survey; porosity from density-porosity equation (rho_ma=2.65, rho_fl=1.0)"
JUT-01,134135.94,451791.68,1769.06,1763.3,11.99,21.93,2.4522,1659.5,1787.0,1655.27,1781.02,125.75,7.687,ok,"TVD converted from deviation survey; porosity from density-porosity equation (rho_ma=2.65, rho_fl=1.0)"
JUT-01,134135.95,451791.7,1769.21,1763.45,10.47,21.99,2.4772,1659.5,1787.0,1655.27,1781.02,125.75,7.687,ok,"TVD converted from deviation survey; porosity from density-porosity equation (rho_ma=2.65, rho_fl=1.0)"
JUT-01,134135.96,451791.72,1769.36,1763.6,9.72,22.15,2.4896,1659.5,1787.0,1655.27,1781.02,125.75,7.687,ok,"TVD converted from deviation survey; porosity from density-porosity equation (rho_ma=2.65, rho_fl=1.0)"
JUT-01,134135.98,451791.74,1769.52,1763.75,10.62,22.4,2.4748,1659.5,1787.0,1655.27,1781.02,125.75,7.687,ok,"TVD converted from deviation survey; porosity from density-porosity equation (rho_ma=2.65, rho_fl=1.0)"
JUT-01,134135.99,451791.75,1769.67,1763.9,10.86,22.93,2.4708,1659.5,1787.0,1655.27,1781.02,125.75,7.687,ok,"TVD converted from deviation survey; porosity from density-porosity equation (rho_ma=2.65, rho_fl=1.0)"
JUT-01,134136.01,451791.77,1769.82,1764.05,11.28,24.0,2.4639,1659.5,1787.0,1655.27,1781.02,125.75,7.687,ok,"TVD converted from deviation survey; porosity from density-porosity equation (rho_ma=2.65, rho_fl=1.0)"
JUT-01,134136.02,451791.79,1769.97,1764.2,11.35,25.04,2.4627,1659.5,1787.0,1655.27,1781.02,125.75,7.687,ok,"TVD converted from deviation survey; porosity from density-porosity equation (rho_ma=2.65, rho_fl=1.0)"
JUT-01,134136.04,451791.81,1770.13,1764.35,10.89,25.51,2.4703,1659.5,1787.0,1655.27,1781.02,125.75,7.687,ok,"TVD converted from deviation survey; porosity from density-porosity equation (rho_ma=2.65, rho_fl=1.0)"
JUT-01,134136.05,451791.83,1770.28,1764.5,11.79,25.62,2.4555,1659.5,1787.0,1655.27,1781.02,125.75,7.687,ok,"TVD converted from deviation survey; porosity from density-porosity equation (rho_ma=2.65, rho_fl=1.0)"
JUT-01,134136.06,451791.85,1770.43,1764.65,12.28,25.43,2.4474,1659.5,1787.0,1655.27,1781.02,125.75,7.687,ok,"TVD converted from deviation survey; porosity from density-porosity equation (rho_ma=2.65, rho_fl=1.0)"
JUT-01,134136.08,451791.87,1770.58,1764.8,12.05,24.95,2.4511,1659.5,1787.0,1655.27,1781.02,125.75,7.687,ok,"TVD converted from deviation survey; porosity from density-porosity equation (rho_ma=2.65, rho_fl=1.0)"
JUT-01,134136.09,451791.88,1770.74,1764.95,12.45,24.47,2.4446,1659.5,1787.0,1655.27,1781.02,125.75,7.687,ok,"TVD converted from deviation survey; porosity from density-porosity equation (rho_ma=2.65, rho_fl=1.0)"
JUT-01,134136.11,451791.9,1770.89,1765.1,12.82,23.99,2.4385,1659.5,1787.0,1655.27,1781.02,125.75,7.687,ok,"TVD converted from deviation survey; porosity from density-porosity equation (rho_ma=2.65, rho_fl=1.0)"
JUT-01,134136.12,451791.92,1771.04,1765.26,12.88,23.29,2.4374,1659.5,1787.0,1655.27,1781.02,125.75,7.687,ok,"TVD converted from deviation survey; porosity from density-porosity equation (rho_ma=2.65, rho_fl=1.0)"
JUT-01,134136.14,451791.94,1771.19,1765.41,12.33,22.41,2.4465,1659.5,1787.0,1655.27,1781.02,125.75,7.687,ok,"TVD converted from deviation survey; porosity from density-porosity equation (rho_ma=2.65, rho_fl=1.0)"
JUT-01,134136.15,451791.96,1771.35,1765.56,12.59,21.48,2.4422,1659.5,1787.0,1655.27,1781.02,125.75,7.687,ok,"TVD converted from deviation survey; porosity from density-porosity equation (rho_ma=2.65, rho_fl=1.0)"
JUT-01,134136.17,451791.98,1771.5,1765.71,13.45,21.33,2.428,1659.5,1787.0,1655.27,1781.02,125.75,7.687,ok,"TVD converted from deviation survey; porosity from density-porosity equation (rho_ma=2.65, rho_fl=1.0)"
JUT-01,134136.18,451792.0,1771.65,1765.86,14.21,21.18,2.4155,1659.5,1787.0,1655.27,1781.02,125.75,7.687,ok,"TVD converted from deviation survey; porosity from density-porosity equation (rho_ma=2.65, rho_fl=1.0)"
JUT-01,134136.19,451792.01,1771.8,1766.01,13.41,21.03,2.4288,1659.5,1787.0,1655.27,1781.02,125.75,7.687,ok,"TVD converted from deviation survey; porosity from density-porosity equation (rho_ma=2.65, rho_fl=1.0)"
JUT-01,134136.21,451792.03,1771.95,1766.16,12.61,20.88,2.442,1659.5,1787.0,1655.27,1781.02,125.75,7.687,ok,"TVD converted from deviation survey; porosity from density-porosity equation (rho_ma=2.65, rho_fl=1.0)"
JUT-01,134136.22,451792.05,1772.11,1766.31,12.64,20.96,2.4414,1659.5,1787.0,1655.27,1781.02,125.75,7.687,ok,"TVD converted from deviation survey; porosity from density-porosity equation (rho_ma=2.65, rho_fl=1.0)"
JUT-01,134136.24,451792.07,1772.26,1766.46,13.21,21.32,2.4321,1659.5,1787.0,1655.27,1781.02,125.75,7.687,ok,"TVD converted from deviation survey; porosity from density-porosity equation (rho_ma=2.65, rho_fl=1.0)"
JUT-01,134136.25,451792.09,1772.41,1766.61,14.07,20.38,2.4179,1659.5,1787.0,1655.27,1781.02,125.75,7.687,ok,"TVD converted from deviation survey; porosity from density-porosity equation (rho_ma=2.65, rho_fl=1.0)"
JUT-01,134136.27,451792.11,1772.56,1766.76,13.87,19.83,2.4211,1659.5,1787.0,1655.27,1781.02,125.75,7.687,ok,"TVD converted from deviation survey; porosity from density-porosity equation (rho_ma=2.65, rho_fl=1.0)"
JUT-01,134136.28,451792.13,1772.72,1766.91,14.21,20.27,2.4156,1659.5,1787.0,1655.27,1781.02,125.75,7.687,ok,"TVD converted from deviation survey; porosity from density-porosity equation (rho_ma=2.65, rho_fl=1.0)"
JUT-01,134136.29,451792.14,1772.87,1767.06,13.81,20.71,2.4222,1659.5,1787.0,1655.27,1781.02,125.75,7.687,ok,"TVD converted from deviation survey; porosity from density-porosity equation (rho_ma=2.65, rho_fl=1.0)"
JUT-01,134136.31,451792.16,1773.02,1767.21,14.27,21.15,2.4146,1659.5,1787.0,1655.27,1781.02,125.75,7.687,ok,"TVD converted from deviation survey; porosity from density-porosity equation (rho_ma=2.65, rho_fl=1.0)"
JUT-01,134136.32,451792.18,1773.17,1767.36,14.99,21.21,2.4027,1659.5,1787.0,1655.27,1781.02,125.75,7.687,ok,"TVD converted from deviation survey; porosity from density-porosity equation (rho_ma=2.65, rho_fl=1.0)"
JUT-01,134136.34,451792.2,1773.33,1767.51,14.62,20.76,2.4088,1659.5,1787.0,1655.27,1781.02,125.75,7.687,ok,"TVD converted from deviation survey; porosity from density-porosity equation (rho_ma=2.65, rho_fl=1.0)"
JUT-01,134136.35,451792.22,1773.48,1767.66,14.24,20.1,2.415,1659.5,1787.0,1655.27,1781.02,125.75,7.687,ok,"TVD converted from deviation survey; porosity from density-porosity equation (rho_ma=2.65, rho_fl=1.0)"
JUT-01,134136.37,451792.24,1773.63,1767.81,14.66,19.44,2.4081,1659.5,1787.0,1655.27,1781.02,125.75,7.686,ok,"TVD converted from deviation survey; porosity from density-porosity equation (rho_ma=2.65, rho_fl=1.0)"
JUT-01,134136.38,451792.25,1773.78,1767.97,14.68,19.01,2.4077,1659.5,1787.0,1655.27,1781.02,125.75,7.686,ok,"TVD converted from deviation survey; porosity from density-porosity equation (rho_ma=2.65, rho_fl=1.0)"
JUT-01,134136.39,451792.27,1773.94,1768.12,14.01,18.91,2.4189,1659.5,1787.0,1655.27,1781.02,125.75,7.686,ok,"TVD converted from deviation survey; porosity from density-porosity equation (rho_ma=2.65, rho_fl=1.0)"
JUT-01,134136.41,451792.29,1774.09,1768.27,13.66,19.11,2.4246,1659.5,1787.0,1655.27,1781.02,125.75,7.686,ok,"TVD converted from deviation survey; porosity from density-porosity equation (rho_ma=2.65, rho_fl=1.0)"
JUT-01,134136.42,451792.31,1774.24,1768.42,12.38,20.69,2.4458,1659.5,1787.0,1655.27,1781.02,125.75,7.686,ok,"TVD converted from deviation survey; porosity from density-porosity equation (rho_ma=2.65, rho_fl=1.0)"
JUT-01,134136.44,451792.33,1774.39,1768.57,11.38,22.89,2.4623,1659.5,1787.0,1655.27,1781.02,125.75,7.686,ok,"TVD converted from deviation survey; porosity from density-porosity equation (rho_ma=2.65, rho_fl=1.0)"
JUT-01,134136.45,451792.35,1774.55,1768.72,10.37,24.34,2.4789,1659.5,1787.0,1655.27,1781.02,125.75,7.686,ok,"TVD converted from deviation survey; porosity from density-porosity equation (rho_ma=2.65, rho_fl=1.0)"
JUT-01,134136.47,451792.37,1774.7,1768.87,9.3,24.24,2.4965,1659.5,1787.0,1655.27,1781.02,125.75,7.686,ok,"TVD converted from deviation survey; porosity from density-porosity equation (rho_ma=2.65, rho_fl=1.0)"
JUT-01,134136.48,451792.38,1774.85,1769.02,9.05,23.8,2.5007,1659.5,1787.0,1655.27,1781.02,125.75,7.686,ok,"TVD converted from deviation survey; porosity from density-porosity equation (rho_ma=2.65, rho_fl=1.0)"
JUT-01,134136.5,451792.4,1775.0,1769.17,9.15,23.36,2.4991,1659.5,1787.0,1655.27,1781.02,125.75,7.686,ok,"TVD converted from deviation survey; porosity from density-porosity equation (rho_ma=2.65, rho_fl=1.0)"
JUT-01,134136.51,451792.42,1775.16,1769.32,9.44,22.93,2.4942,1659.5,1787.0,1655.27,1781.02,125.75,7.686,ok,"TVD converted from deviation survey; porosity from density-porosity equation (rho_ma=2.65, rho_fl=1.0)"
JUT-01,134136.52,451792.44,1775.31,1769.47,9.73,22.5,2.4895,1659.5,1787.0,1655.27,1781.02,125.75,7.686,ok,"TVD converted from deviation survey; porosity from density-porosity equation (rho_ma=2.65, rho_fl=1.0)"
JUT-01,134136.54,451792.46,1775.46,1769.62,9.86,22.24,2.4873,1659.5,1787.0,1655.27,1781.02,125.75,7.686,ok,"TVD converted from deviation survey; porosity from density-porosity equation (rho_ma=2.65, rho_fl=1.0)"
JUT-01,134136.55,451792.48,1775.61,1769.77,10.0,21.84,2.485,1659.5,1787.0,1655.27,1781.02,125.75,7.686,ok,"TVD converted from deviation survey; porosity from density-porosity equation (rho_ma=2.65, rho_fl=1.0)"
JUT-01,134136.57,451792.5,1775.76,1769.92,10.27,21.71,2.4806,1659.5,1787.0,1655.27,1781.02,125.75,7.686,ok,"TVD converted from deviation survey; porosity from density-porosity equation (rho_ma=2.65, rho_fl=1.0)"
JUT-01,134136.58,451792.51,1775.92,1770.07,11.07,23.15,2.4674,1659.5,1787.0,1655.27,1781.02,125.75,7.686,ok,"TVD converted from deviation survey; porosity from density-porosity equation (rho_ma=2.65, rho_fl=1.0)"
JUT-01,134136.6,451792.53,1776.07,1770.22,11.21,23.33,2.4651,1659.5,1787.0,1655.27,1781.02,125.75,7.686,ok,"TVD converted from deviation survey; porosity from density-porosity equation (rho_ma=2.65, rho_fl=1.0)"
JUT-01,134136.61,451792.55,1776.22,1770.37,10.51,22.95,2.4766,1659.5,1787.0,1655.27,1781.02,125.75,7.686,ok,"TVD converted from deviation survey; porosity from density-porosity equation (rho_ma=2.65, rho_fl=1.0)"
JUT-01,134136.62,451792.57,1776.37,1770.53,9.81,22.81,2.4882,1659.5,1787.0,1655.27,1781.02,125.75,7.686,ok,"TVD converted from deviation survey; porosity from density-porosity equation (rho_ma=2.65, rho_fl=1.0)"
JUT-01,134136.64,451792.59,1776.53,1770.68,9.52,24.0,2.493,1659.5,1787.0,1655.27,1781.02,125.75,7.686,ok,"TVD converted from deviation survey; porosity from density-porosity equation (rho_ma=2.65, rho_fl=1.0)"
JUT-01,134136.65,451792.61,1776.68,1770.83,8.66,26.16,2.5071,1659.5,1787.0,1655.27,1781.02,125.75,7.686,ok,"TVD converted from deviation survey; porosity from density-porosity equation (rho_ma=2.65, rho_fl=1.0)"
JUT-01,134136.67,451792.63,1776.83,1770.98,8.01,28.31,2.5178,1659.5,1787.0,1655.27,1781.02,125.75,7.686,ok,"TVD converted from deviation survey; porosity from density-porosity equation (rho_ma=2.65, rho_fl=1.0)"
JUT-01,134136.68,451792.64,1776.98,1771.13,7.55,28.4,2.5255,1659.5,1787.0,1655.27,1781.02,125.75,7.686,ok,"TVD converted from deviation survey; porosity from density-porosity equation (rho_ma=2.65, rho_fl=1.0)"
JUT-01,134136.7,451792.66,1777.14,1771.28,8.02,27.68,2.5177,1659.5,1787.0,1655.27,1781.02,125.75,7.686,ok,"TVD converted from deviation survey; porosity from density-porosity equation (rho_ma=2.65, rho_fl=1.0)"
JUT-01,134136.71,451792.68,1777.29,1771.43,8.87,26.97,2.5037,1659.5,1787.0,1655.27,1781.02,125.75,7.686,ok,"TVD converted from deviation survey; porosity from density-porosity equation (rho_ma=2.65, rho_fl=1.0)"
JUT-01,134136.72,451792.7,1777.44,1771.58,9.78,26.69,2.4886,1659.5,1787.0,1655.27,1781.02,125.75,7.686,ok,"TVD converted from deviation survey; porosity from density-porosity equation (rho_ma=2.65, rho_fl=1.0)"
JUT-01,134136.74,451792.72,1777.59,1771.73,10.46,26.4,2.4774,1659.5,1787.0,1655.27,1781.02,125.75,7.686,ok,"TVD converted from deviation survey; porosity from density-porosity equation (rho_ma=2.65, rho_fl=1.0)"
JUT-01,134136.75,451792.74,1777.75,1771.88,10.62,26.42,2.4748,1659.5,1787.0,1655.27,1781.02,125.75,7.686,ok,"TVD converted from deviation survey; porosity from density-porosity equation (rho_ma=2.65, rho_fl=1.0)"
JUT-01,134136.77,451792.75,1777.9,1772.03,10.36,27.04,2.4791,1659.5,1787.0,1655.27,1781.02,125.75,7.686,ok,"TVD converted from deviation survey; porosity from density-porosity equation (rho_ma=2.65, rho_fl=1.0)"
JUT-01,134136.78,451792.77,1778.05,1772.18,9.45,27.73,2.4941,1659.5,1787.0,1655.27,1781.02,125.75,7.686,ok,"TVD converted from deviation survey; porosity from density-porosity equation (rho_ma=2.65, rho_fl=1.0)"
JUT-01,134136.8,451792.79,1778.2,1772.33,8.49,28.06,2.5099,1659.5,1787.0,1655.27,1781.02,125.75,7.686,ok,"TVD converted from deviation survey; porosity from density-porosity equation (rho_ma=2.65, rho_fl=1.0)"
JUT-01,134136.81,451792.81,1778.36,1772.48,8.1,27.77,2.5164,1659.5,1787.0,1655.27,1781.02,125.75,7.686,ok,"TVD converted from deviation survey; porosity from density-porosity equation (rho_ma=2.65, rho_fl=1.0)"
JUT-01,134136.83,451792.83,1778.51,1772.63,7.71,27.37,2.5228,1659.5,1787.0,1655.27,1781.02,125.75,7.686,ok,"TVD converted from deviation survey; porosity from density-porosity equation (rho_ma=2.65, rho_fl=1.0)"
JUT-01,134136.84,451792.85,1778.66,1772.78,6.95,26.98,2.5353,1659.5,1787.0,1655.27,1781.02,125.75,7.686,ok,"TVD converted from deviation survey; porosity from density-porosity equation (rho_ma=2.65, rho_fl=1.0)"
JUT-01,134136.85,451792.87,1778.81,1772.93,5.63,26.58,2.5571,1659.5,1787.0,1655.27,1781.02,125.75,7.686,ok,"TVD converted from deviation survey; porosity from density-porosity equation (rho_ma=2.65, rho_fl=1.0)"
JUT-01,134136.87,451792.88,1778.97,1773.09,6.06,26.32,2.55,1659.5,1787.0,1655.27,1781.02,125.75,7.686,ok,"TVD converted from deviation survey; porosity from density-porosity equation (rho_ma=2.65, rho_fl=1.0)"
JUT-01,134136.88,451792.9,1779.12,1773.24,6.98,27.12,2.5348,1659.5,1787.0,1655.27,1781.02,125.75,7.686,ok,"TVD converted from deviation survey; porosity from density-porosity equation (rho_ma=2.65, rho_fl=1.0)"
JUT-01,134136.9,451792.92,1779.27,1773.39,7.76,28.47,2.522,1659.5,1787.0,1655.27,1781.02,125.75,7.686,ok,"TVD converted from deviation survey; porosity from density-porosity equation (rho_ma=2.65, rho_fl=1.0)"
JUT-01,134136.91,451792.94,1779.42,1773.54,7.76,28.75,2.522,1659.5,1787.0,1655.27,1781.02,125.75,7.686,ok,"TVD converted from deviation survey; porosity from density-porosity equation (rho_ma=2.65, rho_fl=1.0)"
JUT-01,134136.93,451792.96,1779.57,1773.69,6.88,29.25,2.5365,1659.5,1787.0,1655.27,1781.02,125.75,7.686,ok,"TVD converted from deviation survey; porosity from density-porosity equation (rho_ma=2.65, rho_fl=1.0)"
JUT-01,134136.94,451792.98,1779.73,1773.84,6.45,29.41,2.5436,1659.5,1787.0,1655.27,1781.02,125.75,7.686,ok,"TVD converted from deviation survey; porosity from density-porosity equation (rho_ma=2.65, rho_fl=1.0)"
JUT-01,134136.95,451793.0,1779.88,1773.99,6.41,30.46,2.5442,1659.5,1787.0,1655.27,1781.02,125.75,7.686,ok,"TVD converted from deviation survey; porosity from density-porosity equation (rho_ma=2.65, rho_fl=1.0)"
JUT-01,134136.97,451793.01,1780.03,1774.14,6.22,31.89,2.5473,1659.5,1787.0,1655.27,1781.02,125.75,7.686,ok,"TVD converted from deviation survey; porosity from density-porosity equation (rho_ma=2.65, rho_fl=1.0)"
JUT-01,134136.98,451793.03,1780.18,1774.29,5.74,32.37,2.5553,1659.5,1787.0,1655.27,1781.02,125.75,7.686,ok,"TVD converted from deviation survey; porosity from density-porosity equation (rho_ma=2.65, rho_fl=1.0)"
JUT-01,134137.0,451793.05,1780.34,1774.44,4.61,32.52,2.574,1659.5,1787.0,1655.27,1781.02,125.75,7.686,ok,"TVD converted from deviation survey; porosity from density-porosity equation (rho_ma=2.65, rho_fl=1.0)"
JUT-01,134137.01,451793.07,1780.49,1774.59,3.86,32.44,2.5863,1659.5,1787.0,1655.27,1781.02,125.75,7.686,ok,"TVD converted from deviation survey; porosity from density-porosity equation (rho_ma=2.65, rho_fl=1.0)"
JUT-01,134137.03,451793.09,1780.64,1774.74,4.13,31.71,2.5819,1659.5,1787.0,1655.27,1781.02,125.75,7.686,ok,"TVD converted from deviation survey; porosity from density-porosity equation (rho_ma=2.65, rho_fl=1.0)"
JUT-01,134137.04,451793.11,1780.79,1774.89,3.92,30.97,2.5853,1659.5,1787.0,1655.27,1781.02,125.75,7.686,ok,"TVD converted from deviation survey; porosity from density-porosity equation (rho_ma=2.65, rho_fl=1.0)"
JUT-01,134137.06,451793.12,1780.95,1775.04,3.9,30.23,2.5856,1659.5,1787.0,1655.27,1781.02,125.75,7.686,ok,"TVD converted from deviation survey; porosity from density-porosity equation (rho_ma=2.65, rho_fl=1.0)"
JUT-01,134137.07,451793.14,1781.1,1775.19,3.65,29.5,2.5897,1659.5,1787.0,1655.27,1781.02,125.75,7.685,ok,"TVD converted from deviation survey; porosity from density-porosity equation (rho_ma=2.65, rho_fl=1.0)"
JUT-01,134137.08,451793.16,1781.25,1775.34,3.57,29.15,2.5911,1659.5,1787.0,1655.27,1781.02,125.75,7.685,ok,"TVD converted from deviation survey; porosity from density-porosity equation (rho_ma=2.65, rho_fl=1.0)"
JUT-01,134137.1,451793.18,1781.4,1775.49,3.73,29.37,2.5884,1659.5,1787.0,1655.27,1781.02,125.75,7.685,ok,"TVD converted from deviation survey; porosity from density-porosity equation (rho_ma=2.65, rho_fl=1.0)"
JUT-01,134137.11,451793.2,1781.56,1775.65,3.88,29.59,2.586,1659.5,1787.0,1655.27,1781.02,125.75,7.685,ok,"TVD converted from deviation survey; porosity from density-porosity equation (rho_ma=2.65, rho_fl=1.0)"
JUT-01,134137.13,451793.22,1781.71,1775.8,3.88,29.81,2.586,1659.5,1787.0,1655.27,1781.02,125.75,7.685,ok,"TVD converted from deviation survey; porosity from density-porosity equation (rho_ma=2.65, rho_fl=1.0)"
JUT-01,134137.14,451793.24,1781.86,1775.95,3.73,29.81,2.5885,1659.5,1787.0,1655.27,1781.02,125.75,7.685,ok,"TVD converted from deviation survey; porosity from density-porosity equation (rho_ma=2.65, rho_fl=1.0)"
JUT-01,134137.16,451793.25,1782.01,1776.1,3.73,29.81,2.5884,1659.5,1787.0,1655.27,1781.02,125.75,7.685,ok,"TVD converted from deviation survey; porosity from density-porosity equation (rho_ma=2.65, rho_fl=1.0)"
JUT-01,134137.17,451793.27,1782.17,1776.25,4.03,29.66,2.5835,1659.5,1787.0,1655.27,1781.02,125.75,7.685,ok,"TVD converted from deviation survey; porosity from density-porosity equation (rho_ma=2.65, rho_fl=1.0)"
JUT-01,134137.18,451793.29,1782.32,1776.4,3.76,29.45,2.5879,1659.5,1787.0,1655.27,1781.02,125.75,7.685,ok,"TVD converted from deviation survey; porosity from density-porosity equation (rho_ma=2.65, rho_fl=1.0)"
JUT-01,134137.2,451793.31,1782.47,1776.55,3.24,29.85,2.5966,1659.5,1787.0,1655.27,1781.02,125.75,7.685,ok,"TVD converted from deviation survey; porosity from density-porosity equation (rho_ma=2.65, rho_fl=1.0)"
JUT-01,134137.21,451793.33,1782.62,1776.7,3.19,30.25,2.5974,1659.5,1787.0,1655.27,1781.02,125.75,7.685,ok,"TVD converted from deviation survey; porosity from density-porosity equation (rho_ma=2.65, rho_fl=1.0)"
JUT-01,134137.23,451793.35,1782.78,1776.85,3.55,31.06,2.5915,1659.5,1787.0,1655.27,1781.02,125.75,7.685,ok,"TVD converted from deviation survey; porosity from density-porosity equation (rho_ma=2.65, rho_fl=1.0)"
JUT-01,134137.24,451793.37,1782.93,1777.0,2.84,32.0,2.6032,1659.5,1787.0,1655.27,1781.02,125.75,7.685,ok,"TVD converted from deviation survey; porosity from density-porosity equation (rho_ma=2.65, rho_fl=1.0)"
JUT-01,134137.26,451793.38,1783.08,1777.15,2.43,32.8,2.6099,1659.5,1787.0,1655.27,1781.02,125.75,7.685,ok,"TVD converted from deviation survey; porosity from density-porosity equation (rho_ma=2.65, rho_fl=1.0)"
JUT-01,134137.27,451793.4,1783.23,1777.3,2.0,33.43,2.617,1659.5,1787.0,1655.27,1781.02,125.75,7.685,ok,"TVD converted from deviation survey; porosity from density-porosity equation (rho_ma=2.65, rho_fl=1.0)"
JUT-01,134137.28,451793.42,1783.38,1777.45,1.99,33.55,2.6171,1659.5,1787.0,1655.27,1781.02,125.75,7.685,ok,"TVD converted from deviation survey; porosity from density-porosity equation (rho_ma=2.65, rho_fl=1.0)"
JUT-01,134137.3,451793.44,1783.54,1777.6,2.66,34.15,2.6061,1659.5,1787.0,1655.27,1781.02,125.75,7.685,ok,"TVD converted from deviation survey; porosity from density-porosity equation (rho_ma=2.65, rho_fl=1.0)"
JUT-01,134137.31,451793.46,1783.69,1777.75,2.9,36.29,2.6021,1659.5,1787.0,1655.27,1781.02,125.75,7.685,ok,"TVD converted from deviation survey; porosity from density-porosity equation (rho_ma=2.65, rho_fl=1.0)"
JUT-01,134137.33,451793.48,1783.84,1777.9,2.73,38.78,2.6049,1659.5,1787.0,1655.27,1781.02,125.75,7.685,ok,"TVD converted from deviation survey; porosity from density-porosity equation (rho_ma=2.65, rho_fl=1.0)"
JUT-01,134137.34,451793.5,1783.99,1778.05,2.32,40.08,2.6117,1659.5,1787.0,1655.27,1781.02,125.75,7.685,ok,"TVD converted from deviation survey; porosity from density-porosity equation (rho_ma=2.65, rho_fl=1.0)"
JUT-01,134137.36,451793.51,1784.15,1778.21,1.26,38.65,2.6292,1659.5,1787.0,1655.27,1781.02,125.75,7.685,ok,"TVD converted from deviation survey; porosity from density-porosity equation (rho_ma=2.65, rho_fl=1.0)"
JUT-01,134137.37,451793.53,1784.3,1778.36,1.6,36.16,2.6236,1659.5,1787.0,1655.27,1781.02,125.75,7.685,ok,"TVD converted from deviation survey; porosity from density-porosity equation (rho_ma=2.65, rho_fl=1.0)"
JUT-01,134137.39,451793.55,1784.45,1778.51,2.29,31.39,2.6122,1659.5,1787.0,1655.27,1781.02,125.75,7.685,ok,"TVD converted from deviation survey; porosity from density-porosity equation (rho_ma=2.65, rho_fl=1.0)"
JUT-01,134137.4,451793.57,1784.6,1778.66,2.28,25.36,2.6124,1659.5,1787.0,1655.27,1781.02,125.75,7.685,ok,"TVD converted from deviation survey; porosity from density-porosity equation (rho_ma=2.65, rho_fl=1.0)"
JUT-01,134137.41,451793.59,1784.76,1778.81,1.72,21.46,2.6216,1659.5,1787.0,1655.27,1781.02,125.75,7.685,ok,"TVD converted from deviation survey; porosity from density-porosity equation (rho_ma=2.65, rho_fl=1.0)"
JUT-01,134137.43,451793.61,1784.91,1778.96,1.73,18.59,2.6214,1659.5,1787.0,1655.27,1781.02,125.75,7.685,ok,"TVD converted from deviation survey; porosity from density-porosity equation (rho_ma=2.65, rho_fl=1.0)"
JUT-01,134137.44,451793.62,1785.06,1779.11,2.16,18.82,2.6144,1659.5,1787.0,1655.27,1781.02,125.75,7.685,ok,"TVD converted from deviation survey; porosity from density-porosity equation (rho_ma=2.65, rho_fl=1.0)"
JUT-01,134137.46,451793.64,1785.21,1779.26,2.33,19.16,2.6116,1659.5,1787.0,1655.27,1781.02,125.75,7.685,ok,"TVD converted from deviation survey; porosity from density-porosity equation (rho_ma=2.65, rho_fl=1.0)"
JUT-01,134137.47,451793.66,1785.37,1779.41,2.12,19.63,2.615,1659.5,1787.0,1655.27,1781.02,125.75,7.685,ok,"TVD converted from deviation survey; porosity from density-porosity equation (rho_ma=2.65, rho_fl=1.0)"
JUT-01,134137.49,451793.68,1785.52,1779.56,1.59,20.58,2.6238,1659.5,1787.0,1655.27,1781.02,125.75,7.685,ok,"TVD converted from deviation survey; porosity from density-porosity equation (rho_ma=2.65, rho_fl=1.0)"
JUT-01,134137.5,451793.7,1785.67,1779.71,1.55,21.18,2.6244,1659.5,1787.0,1655.27,1781.02,125.75,7.685,ok,"TVD converted from deviation survey; porosity from density-porosity equation (rho_ma=2.65, rho_fl=1.0)"
JUT-01,134137.51,451793.72,1785.82,1779.86,1.24,21.98,2.6295,1659.5,1787.0,1655.27,1781.02,125.75,7.685,ok,"TVD converted from deviation survey; porosity from density-porosity equation (rho_ma=2.65, rho_fl=1.0)"
JUT-01,134137.53,451793.74,1785.98,1780.01,0.99,23.03,2.6336,1659.5,1787.0,1655.27,1781.02,125.75,7.685,ok,"TVD converted from deviation survey; porosity from density-porosity equation (rho_ma=2.65, rho_fl=1.0)"
JUT-01,134137.54,451793.75,1786.13,1780.16,1.29,25.42,2.6287,1659.5,1787.0,1655.27,1781.02,125.75,7.685,ok,"TVD converted from deviation survey; porosity from density-porosity equation (rho_ma=2.65, rho_fl=1.0)"
JUT-01,134137.56,451793.77,1786.28,1780.31,1.41,28.44,2.6268,1659.5,1787.0,1655.27,1781.02,125.75,7.685,ok,"TVD converted from deviation survey; porosity from density-porosity equation (rho_ma=2.65, rho_fl=1.0)"
JUT-01,134137.57,451793.79,1786.43,1780.46,1.41,32.31,2.6268,1659.5,1787.0,1655.27,1781.02,125.75,7.685,ok,"TVD converted from deviation survey; porosity from density-porosity equation (rho_ma=2.65, rho_fl=1.0)"
JUT-01,134137.59,451793.81,1786.59,1780.61,2.73,40.23,2.6049,1659.5,1787.0,1655.27,1781.02,125.75,7.685,ok,"TVD converted from deviation survey; porosity from density-porosity equation (rho_ma=2.65, rho_fl=1.0)"
JUT-01,134137.6,451793.83,1786.74,1780.77,3.12,49.75,2.5986,1659.5,1787.0,1655.27,1781.02,125.75,7.685,ok,"TVD converted from deviation survey; porosity from density-porosity equation (rho_ma=2.65, rho_fl=1.0)"
JUT-01,134137.62,451793.85,1786.89,1780.92,3.61,61.17,2.5904,1659.5,1787.0,1655.27,1781.02,125.75,7.685,ok,"TVD converted from deviation survey; porosity from density-porosity equation (rho_ma=2.65, rho_fl=1.0)"
PKP-01,119505.65,454014.25,2603.4,2271.56,2.64,183.83,2.6064,2530.5,2603.5,2207.25,2271.65,64.4,21.683,ok,"TVD converted from deviation survey; porosity from density-porosity equation (rho_ma=2.65, rho_fl=1.0)"
PKP-01,119505.6,454014.23,2603.3,2271.47,2.63,163.4,2.6066,2530.5,2603.5,2207.25,2271.65,64.4,21.683,ok,"TVD converted from deviation survey; porosity from density-porosity equation (rho_ma=2.65, rho_fl=1.0)"
PKP-01,119505.56,454014.21,2603.2,2271.38,1.04,137.63,2.6329,2530.5,2603.5,2207.25,2271.65,64.4,21.683,ok,"TVD converted from deviation survey; porosity from density-porosity equation (rho_ma=2.65, rho_fl=1.0)"
PKP-01,119505.52,454014.19,2603.1,2271.29,0.0,111.55,2.6728,2530.5,2603.5,2207.25,2271.65,64.4,21.683,ok,"TVD converted from deviation survey; porosity from density-porosity equation (rho_ma=2.65, rho_fl=1.0)"
PKP-01,119505.48,454014.17,2603.0,2271.2,0.0,89.63,2.7024,2530.5,2603.5,2207.25,2271.65,64.4,21.683,ok,"TVD converted from deviation survey; porosity from density-porosity equation (rho_ma=2.65, rho_fl=1.0)"
PKP-01,119505.44,454014.15,2602.9,2271.11,0.0,75.09,2.7058,2530.5,2603.5,2207.25,2271.65,64.4,21.683,ok,"TVD converted from deviation survey; porosity from density-porosity equation (rho_ma=2.65, rho_fl=1.0)"
PKP-01,119505.4,454014.13,2602.8,2271.02,0.0,67.76,2.6936,2530.5,2603.5,2207.25,2271.65,64.4,21.683,ok,"TVD converted from deviation survey; porosity from density-porosity equation (rho_ma=2.65, rho_fl=1.0)"
PKP-01,119505.36,454014.11,2602.7,2270.94,0.0,65.68,2.678,2530.5,2603.5,2207.25,2271.65,64.4,21.683,ok,"TVD converted from deviation survey; porosity from density-porosity equation (rho_ma=2.65, rho_fl=1.0)"
PKP-01,119505.31,454014.09,2602.6,2270.85,0.0,66.39,2.6642,2530.5,2603.5,2207.25,2271.65,64.4,21.683,ok,"TVD converted from deviation survey; porosity from density-porosity equation (rho_ma=2.65, rho_fl=1.0)"
PKP-01,119505.27,454014.07,2602.5,2270.76,0.0,68.53,2.6557,2530.5,2603.5,2207.25,2271.65,64.4,21.683,ok,"TVD converted from deviation survey; porosity from density-porosity equation (rho_ma=2.65, rho_fl=1.0)"
PKP-01,119505.23,454014.05,2602.4,2270.67,0.0,71.46,2.6544,2530.5,2603.5,2207.25,2271.65,64.4,21.683,ok,"TVD converted from deviation survey; porosity from density-porosity equation (rho_ma=2.65, rho_fl=1.0)"
PKP-01,119505.19,454014.03,2602.3,2270.58,0.0,74.42,2.6572,2530.5,2603.5,2207.25,2271.65,64.4,21.684,ok,"TVD converted from deviation survey; porosity from density-porosity equation (rho_ma=2.65, rho_fl=1.0)"
PKP-01,119505.15,454014.01,2602.2,2270.49,0.0,76.97,2.6578,2530.5,2603.5,2207.25,2271.65,64.4,21.684,ok,"TVD converted from deviation survey; porosity from density-porosity equation (rho_ma=2.65, rho_fl=1.0)"
PKP-01,119505.11,454013.99,2602.1,2270.4,0.0,78.91,2.6549,2530.5,2603.5,2207.25,2271.65,64.4,21.684,ok,"TVD converted from deviation survey; porosity from density-porosity equation (rho_ma=2.65, rho_fl=1.0)"
PKP-01,119505.07,454013.97,2602.0,2270.31,0.0,80.21,2.6529,2530.5,2603.5,2207.25,2271.65,64.4,21.684,ok,"TVD converted from deviation survey; porosity from density-porosity equation (rho_ma=2.65, rho_fl=1.0)"
PKP-01,119505.02,454013.95,2601.9,2270.23,0.0,81.33,2.6535,2530.5,2603.5,2207.25,2271.65,64.4,21.684,ok,"TVD converted from deviation survey; porosity from density-porosity equation (rho_ma=2.65, rho_fl=1.0)"
PKP-01,119504.98,454013.93,2601.8,2270.14,0.0,83.43,2.6576,2530.5,2603.5,2207.25,2271.65,64.4,21.684,ok,"TVD converted from deviation survey; porosity from density-porosity equation (rho_ma=2.65, rho_fl=1.0)"
PKP-01,119504.94,454013.91,2601.7,2270.05,0.0,88.08,2.6691,2530.5,2603.5,2207.25,2271.65,64.4,21.684,ok,"TVD converted from deviation survey; porosity from density-porosity equation (rho_ma=2.65, rho_fl=1.0)"
PKP-01,119504.9,454013.89,2601.6,2269.96,0.0,96.42,2.6878,2530.5,2603.5,2207.25,2271.65,64.4,21.684,ok,"TVD converted from deviation survey; porosity from density-porosity equation (rho_ma=2.65, rho_fl=1.0)"
PKP-01,119504.86,454013.87,2601.5,2269.87,0.0,108.18,2.7084,2530.5,2603.5,2207.25,2271.65,64.4,21.684,ok,"TVD converted from deviation survey; porosity from density-porosity equation (rho_ma=2.65, rho_fl=1.0)"
PKP-01,119504.82,454013.85,2601.4,2269.78,0.0,121.98,2.7294,2530.5,2603.5,2207.25,2271.65,64.4,21.684,ok,"TVD converted from deviation survey; porosity from density-porosity equation (rho_ma=2.65, rho_fl=1.0)"
PKP-01,119504.78,454013.83,2601.3,2269.69,0.0,134.61,2.7477,2530.5,2603.5,2207.25,2271.65,64.4,21.684,ok,"TVD converted from deviation survey; porosity from density-porosity equation (rho_ma=2.65, rho_fl=1.0)"
PKP-01,119504.73,454013.81,2601.2,2269.6,0.0,141.86,2.7586,2530.5,2603.5,2207.25,2271.65,64.4,21.684,ok,"TVD converted from deviation survey; porosity from density-porosity equation (rho_ma=2.65, rho_fl=1.0)"
PKP-01,119504.69,454013.79,2601.1,2269.51,0.0,141.52,2.7626,2530.5,2603.5,2207.25,2271.65,64.4,21.684,ok,"TVD converted from deviation survey; porosity from density-porosity equation (rho_ma=2.65, rho_fl=1.0)"
PKP-01,119504.65,454013.77,2601.0,2269.43,0.0,133.59,2.7632,2530.5,2603.5,2207.25,2271.65,64.4,21.684,ok,"TVD converted from deviation survey; porosity from density-porosity equation (rho_ma=2.65, rho_fl=1.0)"
PKP-01,119504.61,454013.75,2600.9,2269.34,0.0,120.3,2.7628,2530.5,2603.5,2207.25,2271.65,64.4,21.684,ok,"TVD converted from deviation survey; porosity from density-porosity equation (rho_ma=2.65, rho_fl=1.0)"
PKP-01,119504.57,454013.73,2600.8,2269.25,0.0,104.77,2.761,2530.5,2603.5,2207.25,2271.65,64.4,21.684,ok,"TVD converted from deviation survey; porosity from density-porosity equation (rho_ma=2.65, rho_fl=1.0)"
PKP-01,119504.53,454013.71,2600.7,2269.16,0.0,90.49,2.7568,2530.5,2603.5,2207.25,2271.65,64.4,21.684,ok,"TVD converted from deviation survey; porosity from density-porosity equation (rho_ma=2.65, rho_fl=1.0)"
PKP-01,119504.49,454013.69,2600.6,2269.07,0.0,79.22,2.7504,2530.5,2603.5,2207.25,2271.65,64.4,21.684,ok,"TVD converted from deviation survey; porosity from density-porosity equation (rho_ma=2.65, rho_fl=1.0)"
PKP-01,119504.45,454013.67,2600.5,2268.98,0.0,71.8,2.7423,2530.5,2603.5,2207.25,2271.65,64.4,21.684,ok,"TVD converted from deviation survey; porosity from density-porosity equation (rho_ma=2.65, rho_fl=1.0)"
PKP-01,119504.4,454013.65,2600.4,2268.89,0.0,67.9,2.734,2530.5,2603.5,2207.25,2271.65,64.4,21.684,ok,"TVD converted from deviation survey; porosity from density-porosity equation (rho_ma=2.65, rho_fl=1.0)"
PKP-01,119504.36,454013.63,2600.3,2268.8,0.0,66.47,2.7278,2530.5,2603.5,2207.25,2271.65,64.4,21.684,ok,"TVD converted from deviation survey; porosity from density-porosity equation (rho_ma=2.65, rho_fl=1.0)"
PKP-01,119504.32,454013.61,2600.2,2268.72,0.0,66.66,2.7231,2530.5,2603.5,2207.25,2271.65,64.4,21.684,ok,"TVD converted from deviation survey; porosity from density-porosity equation (rho_ma=2.65, rho_fl=1.0)"
PKP-01,119504.28,454013.59,2600.1,2268.63,0.0,67.8,2.7173,2530.5,2603.5,2207.25,2271.65,64.4,21.684,ok,"TVD converted from deviation survey; porosity from density-porosity equation (rho_ma=2.65, rho_fl=1.0)"
PKP-01,119504.24,454013.57,2600.0,2268.54,0.0,69.31,2.7097,2530.5,2603.5,2207.25,2271.65,64.4,21.684,ok,"TVD converted from deviation survey; porosity from density-porosity equation (rho_ma=2.65, rho_fl=1.0)"
PKP-01,119504.2,454013.55,2599.9,2268.45,0.0,70.72,2.7012,2530.5,2603.5,2207.25,2271.65,64.4,21.685,ok,"TVD converted from deviation survey; porosity from density-porosity equation (rho_ma=2.65, rho_fl=1.0)"
PKP-01,119504.16,454013.53,2599.8,2268.36,0.0,71.93,2.6932,2530.5,2603.5,2207.25,2271.65,64.4,21.685,ok,"TVD converted from deviation survey; porosity from density-porosity equation (rho_ma=2.65, rho_fl=1.0)"
PKP-01,119504.11,454013.51,2599.7,2268.27,0.0,73.0,2.6872,2530.5,2603.5,2207.25,2271.65,64.4,21.685,ok,"TVD converted from deviation survey; porosity from density-porosity equation (rho_ma=2.65, rho_fl=1.0)"
PKP-01,119504.07,454013.49,2599.6,2268.18,0.0,74.08,2.6851,2530.5,2603.5,2207.25,2271.65,64.4,21.685,ok,"TVD converted from deviation survey; porosity from density-porosity equation (rho_ma=2.65, rho_fl=1.0)"
PKP-01,119504.03,454013.47,2599.5,2268.09,0.0,75.34,2.6866,2530.5,2603.5,2207.25,2271.65,64.4,21.685,ok,"TVD converted from deviation survey; porosity from density-porosity equation (rho_ma=2.65, rho_fl=1.0)"
PKP-01,119503.99,454013.45,2599.4,2268.0,0.0,76.81,2.69,2530.5,2603.5,2207.25,2271.65,64.4,21.685,ok,"TVD converted from deviation survey; porosity from density-porosity equation (rho_ma=2.65, rho_fl=1.0)"
PKP-01,119503.95,454013.43,2599.3,2267.92,0.0,78.3,2.6937,2530.5,2603.5,2207.25,2271.65,64.4,21.685,ok,"TVD converted from deviation survey; porosity from density-porosity equation (rho_ma=2.65, rho_fl=1.0)"
PKP-01,119503.91,454013.41,2599.2,2267.83,0.0,79.51,2.6973,2530.5,2603.5,2207.25,2271.65,64.4,21.685,ok,"TVD converted from deviation survey; porosity from density-porosity equation (rho_ma=2.65, rho_fl=1.0)"
PKP-01,119503.87,454013.39,2599.1,2267.74,0.0,80.08,2.6998,2530.5,2603.5,2207.25,2271.65,64.4,21.685,ok,"TVD converted from deviation survey; porosity from density-porosity equation (rho_ma=2.65, rho_fl=1.0)"
PKP-01,119503.82,454013.37,2599.0,2267.65,0.0,79.73,2.6998,2530.5,2603.5,2207.25,2271.65,64.4,21.685,ok,"TVD converted from deviation survey; porosity from density-porosity equation (rho_ma=2.65, rho_fl=1.0)"
PKP-01,119503.78,454013.35,2598.9,2267.56,0.0,78.36,2.6973,2530.5,2603.5,2207.25,2271.65,64.4,21.685,ok,"TVD converted from deviation survey; porosity from density-porosity equation (rho_ma=2.65, rho_fl=1.0)"
PKP-01,119503.74,454013.33,2598.8,2267.47,0.0,76.12,2.6931,2530.5,2603.5,2207.25,2271.65,64.4,21.685,ok,"TVD converted from deviation survey; porosity from density-porosity equation (rho_ma=2.65, rho_fl=1.0)"
PKP-01,119503.7,454013.31,2598.7,2267.38,0.0,73.36,2.6886,2530.5,2603.5,2207.25,2271.65,64.4,21.685,ok,"TVD converted from deviation survey; porosity from density-porosity equation (rho_ma=2.65, rho_fl=1.0)"
PKP-01,119503.66,454013.29,2598.6,2267.29,0.0,70.59,2.6848,2530.5,2603.5,2207.25,2271.65,64.4,21.685,ok,"TVD converted from deviation survey; porosity from density-porosity equation (rho_ma=2.65, rho_fl=1.0)"
PKP-01,119503.62,454013.27,2598.5,2267.2,0.0,68.3,2.6824,2530.5,2603.5,2207.25,2271.65,64.4,21.685,ok,"TVD converted from deviation survey; porosity from density-porosity equation (rho_ma=2.65, rho_fl=1.0)"
PKP-01,119503.58,454013.25,2598.4,2267.12,0.0,66.69,2.6807,2530.5,2603.5,2207.25,2271.65,64.4,21.685,ok,"TVD converted from deviation survey; porosity from density-porosity equation (rho_ma=2.65, rho_fl=1.0)"
PKP-01,119503.53,454013.23,2598.3,2267.03,0.0,65.79,2.6781,2530.5,2603.5,2207.25,2271.65,64.4,21.685,ok,"TVD converted from deviation survey; porosity from density-porosity equation (rho_ma=2.65, rho_fl=1.0)"
PKP-01,119503.49,454013.21,2598.2,2266.94,0.0,65.54,2.6735,2530.5,2603.5,2207.25,2271.65,64.4,21.685,ok,"TVD converted from deviation survey; porosity from density-porosity equation (rho_ma=2.65, rho_fl=1.0)"
PKP-01,119503.45,454013.19,2598.1,2266.85,0.0,65.81,2.6665,2530.5,2603.5,2207.25,2271.65,64.4,21.685,ok,"TVD converted from deviation survey; porosity from density-porosity equation (rho_ma=2.65, rho_fl=1.0)"
PKP-01,119503.41,454013.17,2598.0,2266.76,0.0,66.38,2.6584,2530.5,2603.5,2207.25,2271.65,64.4,21.685,ok,"TVD converted from deviation survey; porosity from density-porosity equation (rho_ma=2.65, rho_fl=1.0)"
PKP-01,119503.37,454013.15,2597.9,2266.67,0.0,66.96,2.6507,2530.5,2603.5,2207.25,2271.65,64.4,21.685,ok,"TVD converted from deviation survey; porosity from density-porosity equation (rho_ma=2.65, rho_fl=1.0)"
PKP-01,119503.33,454013.13,2597.8,2266.58,0.34,67.32,2.6443,2530.5,2603.5,2207.25,2271.65,64.4,21.685,ok,"TVD converted from deviation survey; porosity from density-porosity equation (rho_ma=2.65, rho_fl=1.0)"
PKP-01,119503.29,454013.11,2597.7,2266.49,0.7,67.51,2.6384,2530.5,2603.5,2207.25,2271.65,64.4,21.685,ok,"TVD converted from deviation survey; porosity from density-porosity equation (rho_ma=2.65, rho_fl=1.0)"
PKP-01,119503.25,454013.09,2597.6,2266.41,1.08,67.7,2.6322,2530.5,2603.5,2207.25,2271.65,64.4,21.685,ok,"TVD converted from deviation survey; porosity from density-porosity equation (rho_ma=2.65, rho_fl=1.0)"
PKP-01,119503.2,454013.07,2597.5,2266.32,1.4,68.01,2.6269,2530.5,2603.5,2207.25,2271.65,64.4,21.686,ok,"TVD converted from deviation survey; porosity from density-porosity equation (rho_ma=2.65, rho_fl=1.0)"
PKP-01,119503.16,454013.05,2597.4,2266.23,1.6,68.46,2.6235,2530.5,2603.5,2207.25,2271.65,64.4,21.686,ok,"TVD converted from deviation survey; porosity from density-porosity equation (rho_ma=2.65, rho_fl=1.0)"
PKP-01,119503.12,454013.03,2597.3,2266.14,1.74,69.03,2.6213,2530.5,2603.5,2207.25,2271.65,64.4,21.686,ok,"TVD converted from deviation survey; porosity from density-porosity equation (rho_ma=2.65, rho_fl=1.0)"
PKP-01,119503.08,454013.01,2597.2,2266.05,1.88,69.5,2.6191,2530.5,2603.5,2207.25,2271.65,64.4,21.686,ok,"TVD converted from deviation survey; porosity from density-porosity equation (rho_ma=2.65, rho_fl=1.0)"
PKP-01,119503.04,454012.99,2597.1,2265.96,2.07,69.59,2.6159,2530.5,2603.5,2207.25,2271.65,64.4,21.686,ok,"TVD converted from deviation survey; porosity from density-porosity equation (rho_ma=2.65, rho_fl=1.0)"
PKP-01,119503.0,454012.97,2597.0,2265.87,2.51,69.24,2.6086,2530.5,2603.5,2207.25,2271.65,64.4,21.686,ok,"TVD converted from deviation survey; porosity from density-porosity equation (rho_ma=2.65, rho_fl=1.0)"
PKP-01,119502.96,454012.95,2596.9,2265.78,3.35,68.71,2.5947,2530.5,2603.5,2207.25,2271.65,64.4,21.686,ok,"TVD converted from deviation survey; porosity from density-porosity equation (rho_ma=2.65, rho_fl=1.0)"
PKP-01,119502.91,454012.93,2596.8,2265.69,4.51,68.19,2.5756,2530.5,2603.5,2207.25,2271.65,64.4,21.686,ok,"TVD converted from deviation survey; porosity from density-porosity equation (rho_ma=2.65, rho_fl=1.0)"
PKP-01,119502.87,454012.91,2596.7,2265.61,5.71,67.71,2.5558,2530.5,2603.5,2207.25,2271.65,64.4,21.686,ok,"TVD converted from deviation survey; porosity from density-porosity equation (rho_ma=2.65, rho_fl=1.0)"
PKP-01,119502.83,454012.89,2596.6,2265.52,6.75,67.26,2.5386,2530.5,2603.5,2207.25,2271.65,64.4,21.686,ok,"TVD converted from deviation survey; porosity from density-porosity equation (rho_ma=2.65, rho_fl=1.0)"
PKP-01,119502.79,454012.87,2596.5,2265.43,7.55,66.84,2.5254,2530.5,2603.5,2207.25,2271.65,64.4,21.686,ok,"TVD converted from deviation survey; porosity from density-porosity equation (rho_ma=2.65, rho_fl=1.0)"
PKP-01,119502.75,454012.85,2596.4,2265.34,8.06,66.49,2.517,2530.5,2603.5,2207.25,2271.65,64.4,21.686,ok,"TVD converted from deviation survey; porosity from density-porosity equation (rho_ma=2.65, rho_fl=1.0)"
PKP-01,119502.71,454012.83,2596.3,2265.25,8.32,66.3,2.5127,2530.5,2603.5,2207.25,2271.65,64.4,21.686,ok,"TVD converted from deviation survey; porosity from density-porosity equation (rho_ma=2.65, rho_fl=1.0)"
PKP-01,119502.67,454012.81,2596.2,2265.16,8.39,66.37,2.5116,2530.5,2603.5,2207.25,2271.65,64.4,21.686,ok,"TVD converted from deviation survey; porosity from density-porosity equation (rho_ma=2.65, rho_fl=1.0)"
PKP-01,119502.62,454012.79,2596.1,2265.07,8.32,66.56,2.5127,2530.5,2603.5,2207.25,2271.65,64.4,21.686,ok,"TVD converted from deviation survey; porosity from density-porosity equation (rho_ma=2.65, rho_fl=1.0)"
PKP-01,119502.58,454012.77,2596.0,2264.98,8.18,66.55,2.515,2530.5,2603.5,2207.25,2271.65,64.4,21.686,ok,"TVD converted from deviation survey; porosity from density-porosity equation (rho_ma=2.65, rho_fl=1.0)"
PKP-01,119502.54,454012.75,2595.9,2264.9,8.08,66.17,2.5167,2530.5,2603.5,2207.25,2271.65,64.4,21.686,ok,"TVD converted from deviation survey; porosity from density-porosity equation (rho_ma=2.65, rho_fl=1.0)"
PKP-01,119502.5,454012.73,2595.8,2264.81,8.1,65.51,2.5164,2530.5,2603.5,2207.25,2271.65,64.4,21.686,ok,"TVD converted from deviation survey; porosity from density-porosity equation (rho_ma=2.65, rho_fl=1.0)"
PKP-01,119502.46,454012.71,2595.7,2264.72,8.18,64.67,2.5151,2530.5,2603.5,2207.25,2271.65,64.4,21.686,ok,"TVD converted from deviation survey; porosity from density-porosity equation (rho_ma=2.65, rho_fl=1.0)"
PKP-01,119502.42,454012.69,2595.6,2264.63,8.15,63.79,2.5156,2530.5,2603.5,2207.25,2271.65,64.4,21.686,ok,"TVD converted from deviation survey; porosity from density-porosity equation (rho_ma=2.65, rho_fl=1.0)"
PKP-01,119502.38,454012.67,2595.5,2264.54,7.91,63.06,2.5194,2530.5,2603.5,2207.25,2271.65,64.4,21.686,ok,"TVD converted from deviation survey; porosity from density-porosity equation (rho_ma=2.65, rho_fl=1.0)"
PKP-01,119502.33,454012.65,2595.4,2264.45,7.59,62.68,2.5248,2530.5,2603.5,2207.25,2271.65,64.4,21.686,ok,"TVD converted from deviation survey; porosity from density-porosity equation (rho_ma=2.65, rho_fl=1.0)"
PKP-01,119502.29,454012.63,2595.3,2264.36,7.41,62.75,2.5277,2530.5,2603.5,2207.25,2271.65,64.4,21.686,ok,"TVD converted from deviation survey; porosity from density-porosity equation (rho_ma=2.65, rho_fl=1.0)"
PKP-01,119502.25,454012.61,2595.2,2264.27,7.55,63.19,2.5254,2530.5,2603.5,2207.25,2271.65,64.4,21.687,ok,"TVD converted from deviation survey; porosity from density-porosity equation (rho_ma=2.65, rho_fl=1.0)"
PKP-01,119502.21,454012.59,2595.1,2264.18,7.95,63.81,2.5188,2530.5,2603.5,2207.25,2271.65,64.4,21.687,ok,"TVD converted from deviation survey; porosity from density-porosity equation (rho_ma=2.65, rho_fl=1.0)"
PKP-01,119502.17,454012.57,2595.0,2264.1,8.35,64.29,2.5122,2530.5,2603.5,2207.25,2271.65,64.4,21.687,ok,"TVD converted from deviation survey; porosity from density-porosity equation (rho_ma=2.65, rho_fl=1.0)"
PKP-01,119502.13,454012.55,2594.9,2264.01,8.52,64.5,2.5095,2530.5,2603.5,2207.25,2271.65,64.4,21.687,ok,"TVD converted from deviation survey; porosity from density-porosity equation (rho_ma=2.65, rho_fl=1.0)"
PKP-01,119502.09,454012.53,2594.8,2263.92,8.29,64.48,2.5132,2530.5,2603.5,2207.25,2271.65,64.4,21.687,ok,"TVD converted from deviation survey; porosity from density-porosity equation (rho_ma=2.65, rho_fl=1.0)"
PKP-01,119502.05,454012.51,2594.7,2263.83,7.71,64.24,2.5227,2530.5,2603.5,2207.25,2271.65,64.4,21.687,ok,"TVD converted from deviation survey; porosity from density-porosity equation (rho_ma=2.65, rho_fl=1.0)"
PKP-01,119502.0,454012.49,2594.6,2263.74,7.09,64.01,2.533,2530.5,2603.5,2207.25,2271.65,64.4,21.687,ok,"TVD converted from deviation survey; porosity from density-porosity equation (rho_ma=2.65, rho_fl=1.0)"
PKP-01,119501.96,454012.47,2594.5,2263.65,6.72,64.26,2.5392,2530.5,2603.5,2207.25,2271.65,64.4,21.687,ok,"TVD converted from deviation survey; porosity from density-porosity equation (rho_ma=2.65, rho_fl=1.0)"
PKP-01,119501.92,454012.45,2594.4,2263.56,6.59,64.98,2.5413,2530.5,2603.5,2207.25,2271.65,64.4,21.687,ok,"TVD converted from deviation survey; porosity from density-porosity equation (rho_ma=2.65, rho_fl=1.0)"
PKP-01,119501.88,454012.43,2594.3,2263.47,6.55,65.78,2.5418,2530.5,2603.5,2207.25,2271.65,64.4,21.687,ok,"TVD converted from deviation survey; porosity from density-porosity equation (rho_ma=2.65, rho_fl=1.0)"
PKP-01,119501.84,454012.41,2594.2,2263.39,6.54,66.66,2.5421,2530.5,2603.5,2207.25,2271.65,64.4,21.687,ok,"TVD converted from deviation survey; porosity from density-porosity equation (rho_ma=2.65, rho_fl=1.0)"
PKP-01,119501.8,454012.39,2594.1,2263.3,6.49,67.55,2.543,2530.5,2603.5,2207.25,2271.65,64.4,21.687,ok,"TVD converted from deviation survey; porosity from density-porosity equation (rho_ma=2.65, rho_fl=1.0)"
PKP-01,119501.76,454012.37,2594.0,2263.21,6.31,67.85,2.5459,2530.5,2603.5,2207.25,2271.65,64.4,21.687,ok,"TVD converted from deviation survey; porosity from density-porosity equation (rho_ma=2.65, rho_fl=1.0)"
PKP-01,119501.71,454012.35,2593.9,2263.12,6.02,67.36,2.5506,2530.5,2603.5,2207.25,2271.65,64.4,21.687,ok,"TVD converted from deviation survey; porosity from density-porosity equation (rho_ma=2.65, rho_fl=1.0)"
PKP-01,119501.67,454012.33,2593.8,2263.03,5.7,66.25,2.556,2530.5,2603.5,2207.25,2271.65,64.4,21.687,ok,"TVD converted from deviation survey; porosity from density-porosity equation (rho_ma=2.65, rho_fl=1.0)"
PKP-01,119501.63,454012.31,2593.7,2262.94,5.55,64.85,2.5584,2530.5,2603.5,2207.25,2271.65,64.4,21.687,ok,"TVD converted from deviation survey; porosity from density-porosity equation (rho_ma=2.65, rho_fl=1.0)"
PKP-01,119501.59,454012.29,2593.6,2262.85,5.78,63.42,2.5546,2530.5,2603.5,2207.25,2271.65,64.4,21.687,ok,"TVD converted from deviation survey; porosity from density-porosity equation (rho_ma=2.65, rho_fl=1.0)"
PKP-01,119501.55,454012.27,2593.5,2262.76,6.28,62.41,2.5463,2530.5,2603.5,2207.25,2271.65,64.4,21.687,ok,"TVD converted from deviation survey; porosity from density-porosity equation (rho_ma=2.65, rho_fl=1.0)"
PKP-01,119501.51,454012.25,2593.4,2262.67,6.76,61.88,2.5385,2530.5,2603.5,2207.25,2271.65,64.4,21.687,ok,"TVD converted from deviation survey; porosity from density-porosity equation (rho_ma=2.65, rho_fl=1.0)"
PKP-01,119501.47,454012.23,2593.3,2262.59,7.15,61.7,2.532,2530.5,2603.5,2207.25,2271.65,64.4,21.687,ok,"TVD converted from deviation survey; porosity from density-porosity equation (rho_ma=2.65, rho_fl=1.0)"
PKP-01,119501.42,454012.21,2593.2,2262.5,7.52,61.83,2.5259,2530.5,2603.5,2207.25,2271.65,64.4,21.687,ok,"TVD converted from deviation survey; porosity from density-porosity equation (rho_ma=2.65, rho_fl=1.0)"
PKP-01,119501.38,454012.19,2593.1,2262.41,7.79,62.25,2.5215,2530.5,2603.5,2207.25,2271.65,64.4,21.687,ok,"TVD converted from deviation survey; porosity from density-porosity equation (rho_ma=2.65, rho_fl=1.0)"
PKP-01,119501.34,454012.17,2593.0,2262.32,7.91,62.82,2.5195,2530.5,2603.5,2207.25,2271.65,64.4,21.687,ok,"TVD converted from deviation survey; porosity from density-porosity equation (rho_ma=2.65, rho_fl=1.0)"
PKP-01,119501.3,454012.15,2592.9,2262.23,7.9,63.29,2.5196,2530.5,2603.5,2207.25,2271.65,64.4,21.687,ok,"TVD converted from deviation survey; porosity from density-porosity equation (rho_ma=2.65, rho_fl=1.0)"
PKP-01,119501.26,454012.13,2592.8,2262.14,7.64,63.58,2.524,2530.5,2603.5,2207.25,2271.65,64.4,21.688,ok,"TVD converted from deviation survey; porosity from density-porosity equation (rho_ma=2.65, rho_fl=1.0)"
PKP-01,119501.22,454012.11,2592.7,2262.05,7.22,63.75,2.5308,2530.5,2603.5,2207.25,2271.65,64.4,21.688,ok,"TVD converted from deviation survey; porosity from density-porosity equation (rho_ma=2.65, rho_fl=1.0)"
PKP-01,119501.17,454012.09,2592.6,2261.97,6.96,63.93,2.5352,2530.5,2603.5,2207.25,2271.65,64.4,21.688,ok,"TVD converted from deviation survey; porosity from density-porosity equation (rho_ma=2.65, rho_fl=1.0)"
PKP-01,119501.13,454012.07,2592.5,2261.88,6.73,64.14,2.5389,2530.5,2603.5,2207.25,2271.65,64.4,21.688,ok,"TVD converted from deviation survey; porosity from density-porosity equation (rho_ma=2.65, rho_fl=1.0)"
PKP-01,119501.09,454012.05,2592.4,2261.79,6.33,64.14,2.5455,2530.5,2603.5,2207.25,2271.65,64.4,21.688,ok,"TVD converted from deviation survey; porosity from density-porosity equation (rho_ma=2.65, rho_fl=1.0)"
PKP-01,119501.05,454012.03,2592.3,2261.7,5.82,63.57,2.5539,2530.5,2603.5,2207.25,2271.65,64.4,21.688,ok,"TVD converted from deviation survey; porosity from density-porosity equation (rho_ma=2.65, rho_fl=1.0)"
PKP-01,119501.0,454012.01,2592.2,2261.61,5.3,62.43,2.5625,2530.5,2603.5,2207.25,2271.65,64.4,21.688,ok,"TVD converted from deviation survey; porosity from density-porosity equation (rho_ma=2.65, rho_fl=1.0)"
PKP-01,119500.96,454011.98,2592.1,2261.52,5.06,61.12,2.5665,2530.5,2603.5,2207.25,2271.65,64.4,21.688,ok,"TVD converted from deviation survey; porosity from density-porosity equation (rho_ma=2.65, rho_fl=1.0)"
PKP-01,119500.92,454011.96,2592.0,2261.44,5.35,60.15,2.5617,2530.5,2603.5,2207.25,2271.65,64.4,21.688,ok,"TVD converted from deviation survey; porosity from density-porosity equation (rho_ma=2.65, rho_fl=1.0)"
PKP-01,119500.88,454011.94,2591.9,2261.35,5.93,60.1,2.5521,2530.5,2603.5,2207.25,2271.65,64.4,21.688,ok,"TVD converted from deviation survey; porosity from density-porosity equation (rho_ma=2.65, rho_fl=1.0)"
PKP-01,119500.84,454011.92,2591.8,2261.26,6.39,61.18,2.5445,2530.5,2603.5,2207.25,2271.65,64.4,21.688,ok,"TVD converted from deviation survey; porosity from density-porosity equation (rho_ma=2.65, rho_fl=1.0)"
PKP-01,119500.79,454011.9,2591.7,2261.17,6.66,63.0,2.5401,2530.5,2603.5,2207.25,2271.65,64.4,21.688,ok,"TVD converted from deviation survey; porosity from density-porosity equation (rho_ma=2.65, rho_fl=1.0)"
PKP-01,119500.75,454011.88,2591.6,2261.08,6.54,64.81,2.5422,2530.5,2603.5,2207.25,2271.65,64.4,21.688,ok,"TVD converted from deviation survey; porosity from density-porosity equation (rho_ma=2.65, rho_fl=1.0)"
PKP-01,119500.71,454011.86,2591.5,2260.99,5.91,66.03,2.5526,2530.5,2603.5,2207.25,2271.65,64.4,21.688,ok,"TVD converted from deviation survey; porosity from density-porosity equation (rho_ma=2.65, rho_fl=1.0)"
PKP-01,119500.67,454011.84,2591.4,2260.91,5.21,66.83,2.564,2530.5,2603.5,2207.25,2271.65,64.4,21.688,ok,"TVD converted from deviation survey; porosity from density-porosity equation (rho_ma=2.65, rho_fl=1.0)"
PKP-01,119500.62,454011.82,2591.3,2260.82,4.83,67.43,2.5703,2530.5,2603.5,2207.25,2271.65,64.4,21.688,ok,"TVD converted from deviation survey; porosity from density-porosity equation (rho_ma=2.65, rho_fl=1.0)"
PKP-01,119500.58,454011.8,2591.2,2260.73,4.74,68.02,2.5717,2530.5,2603.5,2207.25,2271.65,64.4,21.688,ok,"TVD converted from deviation survey; porosity from density-porosity equation (rho_ma=2.65, rho_fl=1.0)"
PKP-01,119500.54,454011.78,2591.1,2260.64,4.89,68.73,2.5693,2530.5,2603.5,2207.25,2271.65,64.4,21.688,ok,"TVD converted from deviation survey; porosity from density-porosity equation (rho_ma=2.65, rho_fl=1.0)"
PKP-01,119500.5,454011.76,2591.0,2260.55,5.17,69.19,2.5646,2530.5,2603.5,2207.25,2271.65,64.4,21.688,ok,"TVD converted from deviation survey; porosity from density-porosity equation (rho_ma=2.65, rho_fl=1.0)"
PKP-01,119500.46,454011.74,2590.9,2260.47,5.46,68.91,2.56,2530.5,2603.5,2207.25,2271.65,64.4,21.688,ok,"TVD converted from deviation survey; porosity from density-porosity equation (rho_ma=2.65, rho_fl=1.0)"
PKP-01,119500.41,454011.72,2590.8,2260.38,5.67,67.87,2.5565,2530.5,2603.5,2207.25,2271.65,64.4,21.688,ok,"TVD converted from deviation survey; porosity from density-porosity equation (rho_ma=2.65, rho_fl=1.0)"
PKP-01,119500.37,454011.7,2590.7,2260.29,5.81,66.5,2.5541,2530.5,2603.5,2207.25,2271.65,64.4,21.688,ok,"TVD converted from deviation survey; porosity from density-porosity equation (rho_ma=2.65, rho_fl=1.0)"
PKP-01,119500.33,454011.68,2590.6,2260.2,5.95,65.12,2.5519,2530.5,2603.5,2207.25,2271.65,64.4,21.688,ok,"TVD converted from deviation survey; porosity from density-porosity equation (rho_ma=2.65, rho_fl=1.0)"
PKP-01,119500.29,454011.65,2590.5,2260.11,6.06,64.04,2.55,2530.5,2603.5,2207.25,2271.65,64.4,21.689,ok,"TVD converted from deviation survey; porosity from density-porosity equation (rho_ma=2.65, rho_fl=1.0)"
PKP-01,119500.24,454011.63,2590.4,2260.02,6.12,63.28,2.549,2530.5,2603.5,2207.25,2271.65,64.4,21.689,ok,"TVD converted from deviation survey; porosity from density-porosity equation (rho_ma=2.65, rho_fl=1.0)"
PKP-01,119500.2,454011.61,2590.3,2259.94,6.16,62.51,2.5483,2530.5,2603.5,2207.25,2271.65,64.4,21.689,ok,"TVD converted from deviation survey; porosity from density-porosity equation (rho_ma=2.65, rho_fl=1.0)"
PKP-01,119500.16,454011.59,2590.2,2259.85,6.2,61.63,2.5477,2530.5,2603.5,2207.25,2271.65,64.4,21.689,ok,"TVD converted from deviation survey; porosity from density-porosity equation (rho_ma=2.65, rho_fl=1.0)"
PKP-01,119500.12,454011.57,2590.1,2259.76,6.24,60.88,2.547,2530.5,2603.5,2207.25,2271.65,64.4,21.689,ok,"TVD converted from deviation survey; porosity from density-porosity equation (rho_ma=2.65, rho_fl=1.0)"
PKP-01,119500.08,454011.55,2590.0,2259.67,6.29,60.69,2.5463,2530.5,2603.5,2207.25,2271.65,64.4,21.689,ok,"TVD converted from deviation survey; porosity from density-porosity equation (rho_ma=2.65, rho_fl=1.0)"
PKP-01,119500.03,454011.53,2589.9,2259.58,6.35,61.18,2.5453,2530.5,2603.5,2207.25,2271.65,64.4,21.689,ok,"TVD converted from deviation survey; porosity from density-porosity equation (rho_ma=2.65, rho_fl=1.0)"
PKP-01,119499.99,454011.51,2589.8,2259.49,6.39,62.14,2.5446,2530.5,2603.5,2207.25,2271.65,64.4,21.689,ok,"TVD converted from deviation survey; porosity from density-porosity equation (rho_ma=2.65, rho_fl=1.0)"
PKP-01,119499.95,454011.49,2589.7,2259.41,6.35,63.16,2.5452,2530.5,2603.5,2207.25,2271.65,64.4,21.689,ok,"TVD converted from deviation survey; porosity from density-porosity equation (rho_ma=2.65, rho_fl=1.0)"
PKP-01,119499.91,454011.47,2589.6,2259.32,6.22,63.84,2.5473,2530.5,2603.5,2207.25,2271.65,64.4,21.689,ok,"TVD converted from deviation survey; porosity from density-porosity equation (rho_ma=2.65, rho_fl=1.0)"
PKP-01,119499.86,454011.45,2589.5,2259.23,6.1,63.97,2.5494,2530.5,2603.5,2207.25,2271.65,64.4,21.689,ok,"TVD converted from deviation survey; porosity from density-porosity equation (rho_ma=2.65, rho_fl=1.0)"
PKP-01,119499.82,454011.43,2589.4,2259.14,6.06,63.56,2.5501,2530.5,2603.5,2207.25,2271.65,64.4,21.689,ok,"TVD converted from deviation survey; porosity from density-porosity equation (rho_ma=2.65, rho_fl=1.0)"
PKP-01,119499.78,454011.41,2589.3,2259.05,6.09,62.78,2.5495,2530.5,2603.5,2207.25,2271.65,64.4,21.689,ok,"TVD converted from deviation survey; porosity from density-porosity equation (rho_ma=2.65, rho_fl=1.0)"
PKP-01,119499.74,454011.39,2589.2,2258.97,6.17,61.84,2.5482,2530.5,2603.5,2207.25,2271.65,64.4,21.689,ok,"TVD converted from deviation survey; porosity from density-porosity equation (rho_ma=2.65, rho_fl=1.0)"
PKP-01,119499.7,454011.37,2589.1,2258.88,6.2,61.02,2.5477,2530.5,2603.5,2207.25,2271.65,64.4,21.689,ok,"TVD converted from deviation survey; porosity from density-porosity equation (rho_ma=2.65, rho_fl=1.0)"
PKP-01,119499.65,454011.35,2589.0,2258.79,6.1,60.55,2.5494,2530.5,2603.5,2207.25,2271.65,64.4,21.689,ok,"TVD converted from deviation survey; porosity from density-porosity equation (rho_ma=2.65, rho_fl=1.0)"
PKP-01,119499.61,454011.32,2588.9,2258.7,5.85,60.64,2.5535,2530.5,2603.5,2207.25,2271.65,64.4,21.689,ok,"TVD converted from deviation survey; porosity from density-porosity equation (rho_ma=2.65, rho_fl=1.0)"
PKP-01,119499.57,454011.3,2588.8,2258.61,5.52,61.24,2.559,2530.5,2603.5,2207.25,2271.65,64.4,21.689,ok,"TVD converted from deviation survey; porosity from density-porosity equation (rho_ma=2.65, rho_fl=1.0)"
PKP-01,119499.53,454011.28,2588.7,2258.52,5.16,61.91,2.5649,2530.5,2603.5,2207.25,2271.65,64.4,21.689,ok,"TVD converted from deviation survey; porosity from density-porosity equation (rho_ma=2.65, rho_fl=1.0)"
PKP-01,119499.48,454011.26,2588.6,2258.44,4.91,62.2,2.569,2530.5,2603.5,2207.25,2271.65,64.4,21.689,ok,"TVD converted from deviation survey; porosity from density-porosity equation (rho_ma=2.65, rho_fl=1.0)"
PKP-01,119499.44,454011.24,2588.5,2258.35,4.88,62.14,2.5696,2530.5,2603.5,2207.25,2271.65,64.4,21.689,ok,"TVD converted from deviation survey; porosity from density-porosity equation (rho_ma=2.65, rho_fl=1.0)"
PKP-01,119499.4,454011.22,2588.4,2258.26,4.96,61.99,2.5681,2530.5,2603.5,2207.25,2271.65,64.4,21.689,ok,"TVD converted from deviation survey; porosity from density-porosity equation (rho_ma=2.65, rho_fl=1.0)"
PKP-01,119499.36,454011.2,2588.3,2258.17,5.07,61.9,2.5663,2530.5,2603.5,2207.25,2271.65,64.4,21.689,ok,"TVD converted from deviation survey; porosity from density-porosity equation (rho_ma=2.65, rho_fl=1.0)"
PKP-01,119499.32,454011.18,2588.2,2258.08,5.17,62.1,2.5647,2530.5,2603.5,2207.25,2271.65,64.4,21.689,ok,"TVD converted from deviation survey; porosity from density-porosity equation (rho_ma=2.65, rho_fl=1.0)"
PKP-01,119499.27,454011.16,2588.1,2257.99,5.25,62.82,2.5634,2530.5,2603.5,2207.25,2271.65,64.4,21.69,ok,"TVD converted from deviation survey; porosity from density-porosity equation (rho_ma=2.65, rho_fl=1.0)"
PKP-01,119499.23,454011.14,2588.0,2257.91,5.28,63.95,2.5628,2530.5,2603.5,2207.25,2271.65,64.4,21.69,ok,"TVD converted from deviation survey; porosity from density-porosity equation (rho_ma=2.65, rho_fl=1.0)"
PKP-01,119499.19,454011.12,2587.9,2257.82,5.23,65.24,2.5637,2530.5,2603.5,2207.25,2271.65,64.4,21.69,ok,"TVD converted from deviation survey; porosity from density-porosity equation (rho_ma=2.65, rho_fl=1.0)"
PKP-01,119499.15,454011.1,2587.8,2257.73,5.05,66.55,2.5667,2530.5,2603.5,2207.25,2271.65,64.4,21.69,ok,"TVD converted from deviation survey; porosity from density-porosity equation (rho_ma=2.65, rho_fl=1.0)"
PKP-01,119499.1,454011.08,2587.7,2257.64,4.85,67.65,2.57,2530.5,2603.5,2207.25,2271.65,64.4,21.69,ok,"TVD converted from deviation survey; porosity from density-porosity equation (rho_ma=2.65, rho_fl=1.0)"
PKP-01,119499.06,454011.06,2587.6,2257.55,4.83,68.22,2.5703,2530.5,2603.5,2207.25,2271.65,64.4,21.69,ok,"TVD converted from deviation survey; porosity from density-porosity equation (rho_ma=2.65, rho_fl=1.0)"
PKP-01,119499.02,454011.04,2587.5,2257.46,4.98,68.02,2.5678,2530.5,2603.5,2207.25,2271.65,64.4,21.69,ok,"TVD converted from deviation survey; porosity from density-porosity equation (rho_ma=2.65, rho_fl=1.0)"
PKP-01,119498.98,454011.01,2587.4,2257.38,5.16,67.23,2.5649,2530.5,2603.5,2207.25,2271.65,64.4,21.69,ok,"TVD converted from deviation survey; porosity from density-porosity equation (rho_ma=2.65, rho_fl=1.0)"
PKP-01,119498.94,454010.99,2587.3,2257.29,5.27,66.22,2.5631,2530.5,2603.5,2207.25,2271.65,64.4,21.69,ok,"TVD converted from deviation survey; porosity from density-porosity equation (rho_ma=2.65, rho_fl=1.0)"
PKP-01,119498.89,454010.97,2587.2,2257.2,5.25,65.4,2.5634,2530.5,2603.5,2207.25,2271.65,64.4,21.69,ok,"TVD converted from deviation survey; porosity from density-porosity equation (rho_ma=2.65, rho_fl=1.0)"
PKP-01,119498.85,454010.95,2587.1,2257.11,5.01,65.1,2.5674,2530.5,2603.5,2207.25,2271.65,64.4,21.69,ok,"TVD converted from deviation survey; porosity from density-porosity equation (rho_ma=2.65, rho_fl=1.0)"
PKP-01,119498.81,454010.93,2587.0,2257.02,4.53,65.38,2.5752,2530.5,2603.5,2207.25,2271.65,64.4,21.69,ok,"TVD converted from deviation survey; porosity from density-porosity equation (rho_ma=2.65, rho_fl=1.0)"
PKP-01,119498.77,454010.91,2586.9,2256.94,4.0,65.88,2.584,2530.5,2603.5,2207.25,2271.65,64.4,21.69,ok,"TVD converted from deviation survey; porosity from density-porosity equation (rho_ma=2.65, rho_fl=1.0)"
PKP-01,119498.73,454010.89,2586.8,2256.85,3.62,66.08,2.5903,2530.5,2603.5,2207.25,2271.65,64.4,21.69,ok,"TVD converted from deviation survey; porosity from density-porosity equation (rho_ma=2.65, rho_fl=1.0)"
PKP-01,119498.68,454010.87,2586.7,2256.76,3.46,65.72,2.5929,2530.5,2603.5,2207.25,2271.65,64.4,21.69,ok,"TVD converted from deviation survey; porosity from density-porosity equation (rho_ma=2.65, rho_fl=1.0)"
PKP-01,119498.64,454010.85,2586.6,2256.67,3.42,64.73,2.5935,2530.5,2603.5,2207.25,2271.65,64.4,21.69,ok,"TVD converted from deviation survey; porosity from density-porosity equation (rho_ma=2.65, rho_fl=1.0)"
PKP-01,119498.6,454010.83,2586.5,2256.58,3.43,63.25,2.5934,2530.5,2603.5,2207.25,2271.65,64.4,21.69,ok,"TVD converted from deviation survey; porosity from density-porosity equation (rho_ma=2.65, rho_fl=1.0)"
PKP-01,119498.56,454010.81,2586.4,2256.49,3.5,61.74,2.5922,2530.5,2603.5,2207.25,2271.65,64.4,21.69,ok,"TVD converted from deviation survey; porosity from density-porosity equation (rho_ma=2.65, rho_fl=1.0)"
PKP-01,119498.51,454010.79,2586.3,2256.41,3.68,60.58,2.5893,2530.5,2603.5,2207.25,2271.65,64.4,21.69,ok,"TVD converted from deviation survey; porosity from density-porosity equation (rho_ma=2.65, rho_fl=1.0)"
PKP-01,119498.47,454010.77,2586.2,2256.32,3.93,60.03,2.5851,2530.5,2603.5,2207.25,2271.65,64.4,21.69,ok,"TVD converted from deviation survey; porosity from density-porosity equation (rho_ma=2.65, rho_fl=1.0)"
PKP-01,119498.43,454010.75,2586.1,2256.23,4.22,60.21,2.5804,2530.5,2603.5,2207.25,2271.65,64.4,21.69,ok,"TVD converted from deviation survey; porosity from density-porosity equation (rho_ma=2.65, rho_fl=1.0)"
PKP-01,119498.39,454010.73,2586.0,2256.14,4.53,60.91,2.5752,2530.5,2603.5,2207.25,2271.65,64.4,21.69,ok,"TVD converted from deviation survey; porosity from density-porosity equation (rho_ma=2.65, rho_fl=1.0)"
PKP-01,119498.35,454010.71,2585.9,2256.05,4.85,61.7,2.5699,2530.5,2603.5,2207.25,2271.65,64.4,21.69,ok,"TVD converted from deviation survey; porosity from density-porosity equation (rho_ma=2.65, rho_fl=1.0)"
PKP-01,119498.3,454010.68,2585.8,2255.96,5.09,62.36,2.566,2530.5,2603.5,2207.25,2271.65,64.4,21.691,ok,"TVD converted from deviation survey; porosity from density-porosity equation (rho_ma=2.65, rho_fl=1.0)"
PKP-01,119498.26,454010.66,2585.7,2255.88,5.12,63.02,2.5655,2530.5,2603.5,2207.25,2271.65,64.4,21.691,ok,"TVD converted from deviation survey; porosity from density-porosity equation (rho_ma=2.65, rho_fl=1.0)"
PKP-01,119498.22,454010.64,2585.6,2255.79,4.84,63.81,2.5701,2530.5,2603.5,2207.25,2271.65,64.4,21.691,ok,"TVD converted from deviation survey; porosity from density-porosity equation (rho_ma=2.65, rho_fl=1.0)"
PKP-01,119498.18,454010.62,2585.5,2255.7,4.24,64.79,2.58,2530.5,2603.5,2207.25,2271.65,64.4,21.691,ok,"TVD converted from deviation survey; porosity from density-porosity equation (rho_ma=2.65, rho_fl=1.0)"
PKP-01,119498.13,454010.6,2585.4,2255.61,3.5,65.95,2.5923,2530.5,2603.5,2207.25,2271.65,64.4,21.691,ok,"TVD converted from deviation survey; porosity from density-porosity equation (rho_ma=2.65, rho_fl=1.0)"
PKP-01,119498.09,454010.58,2585.3,2255.52,2.91,67.15,2.602,2530.5,2603.5,2207.25,2271.65,64.4,21.691,ok,"TVD converted from deviation survey; porosity from density-porosity equation (rho_ma=2.65, rho_fl=1.0)"
PKP-01,119498.05,454010.56,2585.2,2255.43,2.64,68.06,2.6065,2530.5,2603.5,2207.25,2271.65,64.4,21.691,ok,"TVD converted from deviation survey; porosity from density-porosity equation (rho_ma=2.65, rho_fl=1.0)"
PKP-01,119498.01,454010.54,2585.1,2255.35,2.76,68.57,2.6045,2530.5,2603.5,2207.25,2271.65,64.4,21.691,ok,"TVD converted from deviation survey; porosity from density-porosity equation (rho_ma=2.65, rho_fl=1.0)"
PKP-01,119497.97,454010.52,2585.0,2255.26,3.37,68.67,2.5944,2530.5,2603.5,2207.25,2271.65,64.4,21.691,ok,"TVD converted from deviation survey; porosity from density-porosity equation (rho_ma=2.65, rho_fl=1.0)"
PKP-01,119497.92,454010.5,2584.9,2255.17,4.32,68.09,2.5786,2530.5,2603.5,2207.25,2271.65,64.4,21.691,ok,"TVD converted from deviation survey; porosity from density-porosity equation (rho_ma=2.65, rho_fl=1.0)"
PKP-01,119497.88,454010.48,2584.8,2255.08,5.22,66.59,2.5639,2530.5,2603.5,2207.25,2271.65,64.4,21.691,ok,"TVD converted from deviation survey; porosity from density-porosity equation (rho_ma=2.65, rho_fl=1.0)"
PKP-01,119497.84,454010.46,2584.7,2254.99,5.88,64.57,2.553,2530.5,2603.5,2207.25,2271.65,64.4,21.691,ok,"TVD converted from deviation survey; porosity from density-porosity equation (rho_ma=2.65, rho_fl=1.0)"
PKP-01,119497.8,454010.44,2584.6,2254.91,6.23,62.95,2.5473,2530.5,2603.5,2207.25,2271.65,64.4,21.691,ok,"TVD converted from deviation survey; porosity from density-porosity equation (rho_ma=2.65, rho_fl=1.0)"
PKP-01,119497.75,454010.42,2584.5,2254.82,6.15,62.38,2.5486,2530.5,2603.5,2207.25,2271.65,64.4,21.691,ok,"TVD converted from deviation survey; porosity from density-porosity equation (rho_ma=2.65, rho_fl=1.0)"
PKP-01,119497.71,454010.4,2584.4,2254.73,5.64,62.97,2.557,2530.5,2603.5,2207.25,2271.65,64.4,21.691,ok,"TVD converted from deviation survey; porosity from density-porosity equation (rho_ma=2.65, rho_fl=1.0)"
PKP-01,119497.67,454010.37,2584.3,2254.64,5.01,64.48,2.5673,2530.5,2603.5,2207.25,2271.65,64.4,21.691,ok,"TVD converted from deviation survey; porosity from density-porosity equation (rho_ma=2.65, rho_fl=1.0)"
PKP-01,119497.63,454010.35,2584.2,2254.55,4.66,66.35,2.5732,2530.5,2603.5,2207.25,2271.65,64.4,21.691,ok,"TVD converted from deviation survey; porosity from density-porosity equation (rho_ma=2.65, rho_fl=1.0)"
PKP-01,119497.59,454010.33,2584.1,2254.46,4.81,67.97,2.5706,2530.5,2603.5,2207.25,2271.65,64.4,21.691,ok,"TVD converted from deviation survey; porosity from density-porosity equation (rho_ma=2.65, rho_fl=1.0)"
PKP-01,119497.54,454010.31,2584.0,2254.38,5.35,68.82,2.5617,2530.5,2603.5,2207.25,2271.65,64.4,21.691,ok,"TVD converted from deviation survey; porosity from density-porosity equation (rho_ma=2.65, rho_fl=1.0)"
PKP-01,119497.5,454010.29,2583.9,2254.29,5.92,68.87,2.5524,2530.5,2603.5,2207.25,2271.65,64.4,21.691,ok,"TVD converted from deviation survey; porosity from density-porosity equation (rho_ma=2.65, rho_fl=1.0)"
PKP-01,119497.46,454010.27,2583.8,2254.2,6.19,68.32,2.5478,2530.5,2603.5,2207.25,2271.65,64.4,21.691,ok,"TVD converted from deviation survey; porosity from density-porosity equation (rho_ma=2.65, rho_fl=1.0)"
PKP-01,119497.42,454010.25,2583.7,2254.11,6.11,67.46,2.5492,2530.5,2603.5,2207.25,2271.65,64.4,21.691,ok,"TVD converted from deviation survey; porosity from density-porosity equation (rho_ma=2.65, rho_fl=1.0)"
PKP-01,119497.37,454010.23,2583.6,2254.02,5.79,66.73,2.5545,2530.5,2603.5,2207.25,2271.65,64.4,21.691,ok,"TVD converted from deviation survey; porosity from density-porosity equation (rho_ma=2.65, rho_fl=1.0)"
PKP-01,119497.33,454010.21,2583.5,2253.93,5.49,66.73,2.5594,2530.5,2603.5,2207.25,2271.65,64.4,21.692,ok,"TVD converted from deviation survey; porosity from density-porosity equation (rho_ma=2.65, rho_fl=1.0)"
PKP-01,119497.29,454010.19,2583.4,2253.85,5.39,67.62,2.5611,2530.5,2603.5,2207.25,2271.65,64.4,21.692,ok,"TVD converted from deviation survey; porosity from density-porosity equation (rho_ma=2.65, rho_fl=1.0)"
PKP-01,119497.25,454010.17,2583.3,2253.76,5.47,68.97,2.5598,2530.5,2603.5,2207.25,2271.65,64.4,21.692,ok,"TVD converted from deviation survey; porosity from density-porosity equation (rho_ma=2.65, rho_fl=1.0)"
PKP-01,119497.21,454010.15,2583.2,2253.67,5.64,70.07,2.5569,2530.5,2603.5,2207.25,2271.65,64.4,21.692,ok,"TVD converted from deviation survey; porosity from density-porosity equation (rho_ma=2.65, rho_fl=1.0)"
PKP-01,119497.16,454010.13,2583.1,2253.58,5.84,70.54,2.5536,2530.5,2603.5,2207.25,2271.65,64.4,21.692,ok,"TVD converted from deviation survey; porosity from density-porosity equation (rho_ma=2.65, rho_fl=1.0)"
PKP-01,119497.12,454010.11,2583.0,2253.49,5.97,70.58,2.5514,2530.5,2603.5,2207.25,2271.65,64.4,21.692,ok,"TVD converted from deviation survey; porosity from density-porosity equation (rho_ma=2.65, rho_fl=1.0)"
PKP-01,119497.08,454010.09,2582.9,2253.41,5.9,70.8,2.5527,2530.5,2603.5,2207.25,2271.65,64.4,21.692,ok,"TVD converted from deviation survey; porosity from density-porosity equation (rho_ma=2.65, rho_fl=1.0)"
PKP-01,119497.04,454010.07,2582.8,2253.32,5.56,71.68,2.5582,2530.5,2603.5,2207.25,2271.65,64.4,21.692,ok,"TVD converted from deviation survey; porosity from density-porosity equation (rho_ma=2.65, rho_fl=1.0)"
PKP-01,119496.99,454010.04,2582.7,2253.23,5.0,73.27,2.5674,2530.5,2603.5,2207.25,2271.65,64.4,21.692,ok,"TVD converted from deviation survey; porosity from density-porosity equation (rho_ma=2.65, rho_fl=1.0)"
PKP-01,119496.95,454010.02,2582.6,2253.14,4.31,75.16,2.5789,2530.5,2603.5,2207.25,2271.65,64.4,21.692,ok,"TVD converted from deviation survey; porosity from density-porosity equation (rho_ma=2.65, rho_fl=1.0)"
PKP-01,119496.91,454010.0,2582.5,2253.05,3.66,76.8,2.5896,2530.5,2603.5,2207.25,2271.65,64.4,21.692,ok,"TVD converted from deviation survey; porosity from density-porosity equation (rho_ma=2.65, rho_fl=1.0)"
PKP-01,119496.87,454009.98,2582.4,2252.96,3.48,77.32,2.5926,2530.5,2603.5,2207.25,2271.65,64.4,21.692,ok,"TVD converted from deviation survey; porosity from density-porosity equation (rho_ma=2.65, rho_fl=1.0)"
PKP-01,119496.83,454009.96,2582.3,2252.88,4.06,76.21,2.5829,2530.5,2603.5,2207.25,2271.65,64.4,21.692,ok,"TVD converted from deviation survey; porosity from density-porosity equation (rho_ma=2.65, rho_fl=1.0)"
PKP-01,119496.78,454009.94,2582.2,2252.79,5.47,73.52,2.5598,2530.5,2603.5,2207.25,2271.65,64.4,21.692,ok,"TVD converted from deviation survey; porosity from density-porosity equation (rho_ma=2.65, rho_fl=1.0)"
PKP-01,119496.74,454009.92,2582.1,2252.7,7.18,69.84,2.5315,2530.5,2603.5,2207.25,2271.65,64.4,21.692,ok,"TVD converted from deviation survey; porosity from density-porosity equation (rho_ma=2.65, rho_fl=1.0)"
PKP-01,119496.7,454009.9,2582.0,2252.61,8.56,66.0,2.5088,2530.5,2603.5,2207.25,2271.65,64.4,21.692,ok,"TVD converted from deviation survey; porosity from density-porosity equation (rho_ma=2.65, rho_fl=1.0)"
PKP-01,119496.66,454009.88,2581.9,2252.52,9.37,63.01,2.4954,2530.5,2603.5,2207.25,2271.65,64.4,21.692,ok,"TVD converted from deviation survey; porosity from density-porosity equation (rho_ma=2.65, rho_fl=1.0)"
PKP-01,119496.61,454009.86,2581.8,2252.43,9.81,61.34,2.4881,2530.5,2603.5,2207.25,2271.65,64.4,21.692,ok,"TVD converted from deviation survey; porosity from density-porosity equation (rho_ma=2.65, rho_fl=1.0)"
PKP-01,119496.57,454009.84,2581.7,2252.35,10.06,60.44,2.484,2530.5,2603.5,2207.25,2271.65,64.4,21.692,ok,"TVD converted from deviation survey; porosity from density-porosity equation (rho_ma=2.65, rho_fl=1.0)"
PKP-01,119496.53,454009.82,2581.6,2252.26,10.19,59.71,2.4818,2530.5,2603.5,2207.25,2271.65,64.4,21.692,ok,"TVD converted from deviation survey; porosity from density-porosity equation (rho_ma=2.65, rho_fl=1.0)"
PKP-01,119496.49,454009.8,2581.5,2252.17,10.25,59.15,2.4809,2530.5,2603.5,2207.25,2271.65,64.4,21.692,ok,"TVD converted from deviation survey; porosity from density-porosity equation (rho_ma=2.65, rho_fl=1.0)"
PKP-01,119496.45,454009.78,2581.4,2252.08,10.26,58.94,2.4808,2530.5,2603.5,2207.25,2271.65,64.4,21.692,ok,"TVD converted from deviation survey; porosity from density-porosity equation (rho_ma=2.65, rho_fl=1.0)"
PKP-01,119496.4,454009.76,2581.3,2251.99,10.23,59.23,2.4811,2530.5,2603.5,2207.25,2271.65,64.4,21.692,ok,"TVD converted from deviation survey; porosity from density-porosity equation (rho_ma=2.65, rho_fl=1.0)"
PKP-01,119496.36,454009.73,2581.2,2251.9,10.22,59.94,2.4814,2530.5,2603.5,2207.25,2271.65,64.4,21.693,ok,"TVD converted from deviation survey; porosity from density-porosity equation (rho_ma=2.65, rho_fl=1.0)"
PKP-01,119496.32,454009.71,2581.1,2251.82,10.26,60.7,2.4806,2530.5,2603.5,2207.25,2271.65,64.4,21.693,ok,"TVD converted from deviation survey; porosity from density-porosity equation (rho_ma=2.65, rho_fl=1.0)"
PKP-01,119496.28,454009.69,2581.0,2251.73,10.45,60.79,2.4776,2530.5,2603.5,2207.25,2271.65,64.4,21.693,ok,"TVD converted from deviation survey; porosity from density-porosity equation (rho_ma=2.65, rho_fl=1.0)"
PKP-01,119496.23,454009.67,2580.9,2251.64,10.79,60.02,2.472,2530.5,2603.5,2207.25,2271.65,64.4,21.693,ok,"TVD converted from deviation survey; porosity from density-porosity equation (rho_ma=2.65, rho_fl=1.0)"
PKP-01,119496.19,454009.65,2580.8,2251.55,11.05,58.91,2.4676,2530.5,2603.5,2207.25,2271.65,64.4,21.693,ok,"TVD converted from deviation survey; porosity from density-porosity equation (rho_ma=2.65, rho_fl=1.0)"
PKP-01,119496.15,454009.63,2580.7,2251.46,10.85,58.28,2.4709,2530.5,2603.5,2207.25,2271.65,64.4,21.693,ok,"TVD converted from deviation survey; porosity from density-porosity equation (rho_ma=2.65, rho_fl=1.0)"
PKP-01,119496.11,454009.61,2580.6,2251.38,10.06,58.42,2.484,2530.5,2603.5,2207.25,2271.65,64.4,21.693,ok,"TVD converted from deviation survey; porosity from density-porosity equation (rho_ma=2.65, rho_fl=1.0)"
PKP-01,119496.07,454009.59,2580.5,2251.29,8.91,59.26,2.503,2530.5,2603.5,2207.25,2271.65,64.4,21.693,ok,"TVD converted from deviation survey; porosity from density-porosity equation (rho_ma=2.65, rho_fl=1.0)"
PKP-01,119496.02,454009.57,2580.4,2251.2,7.84,60.37,2.5206,2530.5,2603.5,2207.25,2271.65,64.4,21.693,ok,"TVD converted from deviation survey; porosity from density-porosity equation (rho_ma=2.65, rho_fl=1.0)"
PKP-01,119495.98,454009.55,2580.3,2251.11,7.2,61.2,2.5312,2530.5,2603.5,2207.25,2271.65,64.4,21.693,ok,"TVD converted from deviation survey; porosity from density-porosity equation (rho_ma=2.65, rho_fl=1.0)"
PKP-01,119495.94,454009.53,2580.2,2251.02,7.08,61.32,2.5332,2530.5,2603.5,2207.25,2271.65,64.4,21.693,ok,"TVD converted from deviation survey; porosity from density-porosity equation (rho_ma=2.65, rho_fl=1.0)"
PKP-01,119495.9,454009.51,2580.1,2250.93,7.3,60.93,2.5295,2530.5,2603.5,2207.25,2271.65,64.4,21.693,ok,"TVD converted from deviation survey; porosity from density-porosity equation (rho_ma=2.65, rho_fl=1.0)"
PKP-01,119495.85,454009.49,2580.0,2250.85,7.58,60.44,2.525,2530.5,2603.5,2207.25,2271.65,64.4,21.693,ok,"TVD converted from deviation survey; porosity from density-porosity equation (rho_ma=2.65, rho_fl=1.0)"
PKP-01,119495.81,454009.47,2579.9,2250.76,7.64,60.15,2.5239,2530.5,2603.5,2207.25,2271.65,64.4,21.693,ok,"TVD converted from deviation survey; porosity from density-porosity equation (rho_ma=2.65, rho_fl=1.0)"
PKP-01,119495.77,454009.45,2579.8,2250.67,7.56,60.14,2.5253,2530.5,2603.5,2207.25,2271.65,64.4,21.693,ok,"TVD converted from deviation survey; porosity from density-porosity equation (rho_ma=2.65, rho_fl=1.0)"
PKP-01,119495.73,454009.43,2579.7,2250.58,7.49,60.41,2.5265,2530.5,2603.5,2207.25,2271.65,64.4,21.693,ok,"TVD converted from deviation survey; porosity from density-porosity equation (rho_ma=2.65, rho_fl=1.0)"
PKP-01,119495.69,454009.4,2579.6,2250.49,7.49,60.97,2.5265,2530.5,2603.5,2207.25,2271.65,64.4,21.693,ok,"TVD converted from deviation survey; porosity from density-porosity equation (rho_ma=2.65, rho_fl=1.0)"
PKP-01,119495.64,454009.38,2579.5,2250.4,7.61,61.79,2.5245,2530.5,2603.5,2207.25,2271.65,64.4,21.693,ok,"TVD converted from deviation survey; porosity from density-porosity equation (rho_ma=2.65, rho_fl=1.0)"
PKP-01,119495.6,454009.36,2579.4,2250.32,7.88,62.71,2.52,2530.5,2603.5,2207.25,2271.65,64.4,21.693,ok,"TVD converted from deviation survey; porosity from density-porosity equation (rho_ma=2.65, rho_fl=1.0)"
PKP-01,119495.56,454009.34,2579.3,2250.23,8.24,63.49,2.5141,2530.5,2603.5,2207.25,2271.65,64.4,21.693,ok,"TVD converted from deviation survey; porosity from density-porosity equation (rho_ma=2.65, rho_fl=1.0)"
PKP-01,119495.52,454009.32,2579.2,2250.14,8.5,63.81,2.5098,2530.5,2603.5,2207.25,2271.65,64.4,21.693,ok,"TVD converted from deviation survey; porosity from density-porosity equation (rho_ma=2.65, rho_fl=1.0)"
PKP-01,119495.47,454009.3,2579.1,2250.05,8.59,63.45,2.5083,2530.5,2603.5,2207.25,2271.65,64.4,21.693,ok,"TVD converted from deviation survey; porosity from density-porosity equation (rho_ma=2.65, rho_fl=1.0)"
PKP-01,119495.43,454009.28,2579.0,2249.96,8.6,62.46,2.5081,2530.5,2603.5,2207.25,2271.65,64.4,21.693,ok,"TVD converted from deviation survey; porosity from density-porosity equation (rho_ma=2.65, rho_fl=1.0)"
PKP-01,119495.39,454009.26,2578.9,2249.88,8.61,61.29,2.5079,2530.5,2603.5,2207.25,2271.65,64.4,21.693,ok,"TVD converted from deviation survey; porosity from density-porosity equation (rho_ma=2.65, rho_fl=1.0)"
PKP-01,119495.35,454009.24,2578.8,2249.79,8.61,60.62,2.508,2530.5,2603.5,2207.25,2271.65,64.4,21.694,ok,"TVD converted from deviation survey; porosity from density-porosity equation (rho_ma=2.65, rho_fl=1.0)"
PKP-01,119495.31,454009.22,2578.7,2249.7,8.59,60.9,2.5083,2530.5,2603.5,2207.25,2271.65,64.4,21.694,ok,"TVD converted from deviation survey; porosity from density-porosity equation (rho_ma=2.65, rho_fl=1.0)"
PKP-01,119495.26,454009.2,2578.6,2249.61,8.6,62.12,2.5081,2530.5,2603.5,2207.25,2271.65,64.4,21.694,ok,"TVD converted from deviation survey; porosity from density-porosity equation (rho_ma=2.65, rho_fl=1.0)"
PKP-01,119495.22,454009.18,2578.5,2249.52,8.61,63.81,2.508,2530.5,2603.5,2207.25,2271.65,64.4,21.694,ok,"TVD converted from deviation survey; porosity from density-porosity equation (rho_ma=2.65, rho_fl=1.0)"
PKP-01,119495.18,454009.16,2578.4,2249.43,8.49,65.4,2.5099,2530.5,2603.5,2207.25,2271.65,64.4,21.694,ok,"TVD converted from deviation survey; porosity from density-porosity equation (rho_ma=2.65, rho_fl=1.0)"
PKP-01,119495.14,454009.14,2578.3,2249.35,8.25,66.42,2.5138,2530.5,2603.5,2207.25,2271.65,64.4,21.694,ok,"TVD converted from deviation survey; porosity from density-porosity equation (rho_ma=2.65, rho_fl=1.0)"
PKP-01,119495.09,454009.12,2578.2,2249.26,7.98,66.68,2.5183,2530.5,2603.5,2207.25,2271.65,64.4,21.694,ok,"TVD converted from deviation survey; porosity from density-porosity equation (rho_ma=2.65, rho_fl=1.0)"
PKP-01,119495.05,454009.09,2578.1,2249.17,7.75,66.24,2.5222,2530.5,2603.5,2207.25,2271.65,64.4,21.694,ok,"TVD converted from deviation survey; porosity from density-porosity equation (rho_ma=2.65, rho_fl=1.0)"
PKP-01,119495.01,454009.07,2578.0,2249.08,7.62,65.51,2.5243,2530.5,2603.5,2207.25,2271.65,64.4,21.694,ok,"TVD converted from deviation survey; porosity from density-porosity equation (rho_ma=2.65, rho_fl=1.0)"
PKP-01,119494.97,454009.05,2577.9,2248.99,7.6,65.03,2.5246,2530.5,2603.5,2207.25,2271.65,64.4,21.694,ok,"TVD converted from deviation survey; porosity from density-porosity equation (rho_ma=2.65, rho_fl=1.0)"
PKP-01,119494.93,454009.03,2577.8,2248.9,7.59,64.96,2.5247,2530.5,2603.5,2207.25,2271.65,64.4,21.694,ok,"TVD converted from deviation survey; porosity from density-porosity equation (rho_ma=2.65, rho_fl=1.0)"
PKP-01,119494.88,454009.01,2577.7,2248.82,7.53,64.99,2.5258,2530.5,2603.5,2207.25,2271.65,64.4,21.694,ok,"TVD converted from deviation survey; porosity from density-porosity equation (rho_ma=2.65, rho_fl=1.0)"
PKP-01,119494.84,454008.99,2577.6,2248.73,7.34,64.84,2.5288,2530.5,2603.5,2207.25,2271.65,64.4,21.694,ok,"TVD converted from deviation survey; porosity from density-porosity equation (rho_ma=2.65, rho_fl=1.0)"
PKP-01,119494.8,454008.97,2577.5,2248.64,6.95,64.46,2.5354,2530.5,2603.5,2207.25,2271.65,64.4,21.694,ok,"TVD converted from deviation survey; porosity from density-porosity equation (rho_ma=2.65, rho_fl=1.0)"
PKP-01,119494.76,454008.95,2577.4,2248.55,6.34,63.89,2.5454,2530.5,2603.5,2207.25,2271.65,64.4,21.694,ok,"TVD converted from deviation survey; porosity from density-porosity equation (rho_ma=2.65, rho_fl=1.0)"
PKP-01,119494.71,454008.93,2577.3,2248.46,5.72,63.28,2.5557,2530.5,2603.5,2207.25,2271.65,64.4,21.694,ok,"TVD converted from deviation survey; porosity from density-porosity equation (rho_ma=2.65, rho_fl=1.0)"
PKP-01,119494.67,454008.91,2577.2,2248.37,5.34,62.92,2.5618,2530.5,2603.5,2207.25,2271.65,64.4,21.694,ok,"TVD converted from deviation survey; porosity from density-porosity equation (rho_ma=2.65, rho_fl=1.0)"
PKP-01,119494.63,454008.89,2577.1,2248.29,5.38,62.94,2.5612,2530.5,2603.5,2207.25,2271.65,64.4,21.694,ok,"TVD converted from deviation survey; porosity from density-porosity equation (rho_ma=2.65, rho_fl=1.0)"
PKP-01,119494.59,454008.87,2577.0,2248.2,5.79,63.25,2.5544,2530.5,2603.5,2207.25,2271.65,64.4,21.694,ok,"TVD converted from deviation survey; porosity from density-porosity equation (rho_ma=2.65, rho_fl=1.0)"
PKP-01,119494.55,454008.85,2576.9,2248.11,6.35,63.71,2.5452,2530.5,2603.5,2207.25,2271.65,64.4,21.694,ok,"TVD converted from deviation survey; porosity from density-porosity equation (rho_ma=2.65, rho_fl=1.0)"
PKP-01,119494.5,454008.83,2576.8,2248.02,6.82,64.39,2.5375,2530.5,2603.5,2207.25,2271.65,64.4,21.694,ok,"TVD converted from deviation survey; porosity from density-porosity equation (rho_ma=2.65, rho_fl=1.0)"
PKP-01,119494.46,454008.81,2576.7,2247.93,7.07,65.32,2.5334,2530.5,2603.5,2207.25,2271.65,64.4,21.694,ok,"TVD converted from deviation survey; porosity from density-porosity equation (rho_ma=2.65, rho_fl=1.0)"
PKP-01,119494.42,454008.79,2576.6,2247.85,7.11,66.44,2.5327,2530.5,2603.5,2207.25,2271.65,64.4,21.694,ok,"TVD converted from deviation survey; porosity from density-porosity equation (rho_ma=2.65, rho_fl=1.0)"
PKP-01,119494.38,454008.76,2576.5,2247.76,7.07,67.59,2.5333,2530.5,2603.5,2207.25,2271.65,64.4,21.695,ok,"TVD converted from deviation survey; porosity from density-porosity equation (rho_ma=2.65, rho_fl=1.0)"
PKP-01,119494.33,454008.74,2576.4,2247.67,7.1,68.72,2.5328,2530.5,2603.5,2207.25,2271.65,64.4,21.695,ok,"TVD converted from deviation survey; porosity from density-porosity equation (rho_ma=2.65, rho_fl=1.0)"
PKP-01,119494.29,454008.72,2576.3,2247.58,7.19,69.74,2.5314,2530.5,2603.5,2207.25,2271.65,64.4,21.695,ok,"TVD converted from deviation survey; porosity from density-porosity equation (rho_ma=2.65, rho_fl=1.0)"
PKP-01,119494.25,454008.7,2576.2,2247.49,7.21,70.31,2.531,2530.5,2603.5,2207.25,2271.65,64.4,21.695,ok,"TVD converted from deviation survey; porosity from density-porosity equation (rho_ma=2.65, rho_fl=1.0)"
PKP-01,119494.21,454008.68,2576.1,2247.4,7.2,70.01,2.5313,2530.5,2603.5,2207.25,2271.65,64.4,21.695,ok,"TVD converted from deviation survey; porosity from density-porosity equation (rho_ma=2.65, rho_fl=1.0)"
PKP-01,119494.17,454008.66,2576.0,2247.32,7.28,68.75,2.5298,2530.5,2603.5,2207.25,2271.65,64.4,21.695,ok,"TVD converted from deviation survey; porosity from density-porosity equation (rho_ma=2.65, rho_fl=1.0)"
PKP-01,119494.12,454008.64,2575.9,2247.23,7.51,66.68,2.5261,2530.5,2603.5,2207.25,2271.65,64.4,21.695,ok,"TVD converted from deviation survey; porosity from density-porosity equation (rho_ma=2.65, rho_fl=1.0)"
PKP-01,119494.08,454008.62,2575.8,2247.14,7.78,64.23,2.5217,2530.5,2603.5,2207.25,2271.65,64.4,21.695,ok,"TVD converted from deviation survey; porosity from density-porosity equation (rho_ma=2.65, rho_fl=1.0)"
PKP-01,119494.04,454008.6,2575.7,2247.05,7.99,62.14,2.5182,2530.5,2603.5,2207.25,2271.65,64.4,21.695,ok,"TVD converted from deviation survey; porosity from density-porosity equation (rho_ma=2.65, rho_fl=1.0)"
PKP-01,119494.0,454008.58,2575.6,2246.96,8.07,61.03,2.5168,2530.5,2603.5,2207.25,2271.65,64.4,21.695,ok,"TVD converted from deviation survey; porosity from density-porosity equation (rho_ma=2.65, rho_fl=1.0)"
PKP-01,119493.95,454008.56,2575.5,2246.87,8.01,60.86,2.5179,2530.5,2603.5,2207.25,2271.65,64.4,21.695,ok,"TVD converted from deviation survey; porosity from density-porosity equation (rho_ma=2.65, rho_fl=1.0)"
PKP-01,119493.91,454008.54,2575.4,2246.79,7.82,61.23,2.5209,2530.5,2603.5,2207.25,2271.65,64.4,21.695,ok,"TVD converted from deviation survey; porosity from density-porosity equation (rho_ma=2.65, rho_fl=1.0)"
PKP-01,119493.87,454008.52,2575.3,2246.7,7.59,61.99,2.5248,2530.5,2603.5,2207.25,2271.65,64.4,21.695,ok,"TVD converted from deviation survey; porosity from density-porosity equation (rho_ma=2.65, rho_fl=1.0)"
PKP-01,119493.83,454008.5,2575.2,2246.61,7.35,63.2,2.5288,2530.5,2603.5,2207.25,2271.65,64.4,21.695,ok,"TVD converted from deviation survey; porosity from density-porosity equation (rho_ma=2.65, rho_fl=1.0)"
PKP-01,119493.79,454008.48,2575.1,2246.52,7.1,64.87,2.5329,2530.5,2603.5,2207.25,2271.65,64.4,21.695,ok,"TVD converted from deviation survey; porosity from density-porosity equation (rho_ma=2.65, rho_fl=1.0)"
PKP-01,119493.74,454008.45,2575.0,2246.43,6.89,66.92,2.5363,2530.5,2603.5,2207.25,2271.65,64.4,21.695,ok,"TVD converted from deviation survey; porosity from density-porosity equation (rho_ma=2.65, rho_fl=1.0)"
PKP-01,119493.7,454008.43,2574.9,2246.35,6.77,69.27,2.5382,2530.5,2603.5,2207.25,2271.65,64.4,21.695,ok,"TVD converted from deviation survey; porosity from density-porosity equation (rho_ma=2.65, rho_fl=1.0)"
PKP-01,119493.66,454008.41,2574.8,2246.26,6.75,71.39,2.5387,2530.5,2603.5,2207.25,2271.65,64.4,21.695,ok,"TVD converted from deviation survey; porosity from density-porosity equation (rho_ma=2.65, rho_fl=1.0)"
PKP-01,119493.62,454008.39,2574.7,2246.17,6.81,72.63,2.5377,2530.5,2603.5,2207.25,2271.65,64.4,21.695,ok,"TVD converted from deviation survey; porosity from density-porosity equation (rho_ma=2.65, rho_fl=1.0)"
PKP-01,119493.57,454008.37,2574.6,2246.08,6.92,72.8,2.5358,2530.5,2603.5,2207.25,2271.65,64.4,21.695,ok,"TVD converted from deviation survey; porosity from density-porosity equation (rho_ma=2.65, rho_fl=1.0)"
PKP-01,119493.53,454008.35,2574.5,2245.99,7.02,72.04,2.5341,2530.5,2603.5,2207.25,2271.65,64.4,21.695,ok,"TVD converted from deviation survey; porosity from density-porosity equation (rho_ma=2.65, rho_fl=1.0)"
PKP-01,119493.49,454008.33,2574.4,2245.9,7.09,70.41,2.5331,2530.5,2603.5,2207.25,2271.65,64.4,21.695,ok,"TVD converted from deviation survey; porosity from density-porosity equation (rho_ma=2.65, rho_fl=1.0)"
PKP-01,119493.45,454008.31,2574.3,2245.82,7.1,68.28,2.5329,2530.5,2603.5,2207.25,2271.65,64.4,21.695,ok,"TVD converted from deviation survey; porosity from density-porosity equation (rho_ma=2.65, rho_fl=1.0)"
PKP-01,119493.41,454008.29,2574.2,2245.73,7.02,66.49,2.5341,2530.5,2603.5,2207.25,2271.65,64.4,21.696,ok,"TVD converted from deviation survey; porosity from density-porosity equation (rho_ma=2.65, rho_fl=1.0)"
PKP-01,119493.36,454008.27,2574.1,2245.64,6.86,65.31,2.5368,2530.5,2603.5,2207.25,2271.65,64.4,21.696,ok,"TVD converted from deviation survey; porosity from density-porosity equation (rho_ma=2.65, rho_fl=1.0)"
PKP-01,119493.32,454008.25,2574.0,2245.55,6.67,64.59,2.5399,2530.5,2603.5,2207.25,2271.65,64.4,21.696,ok,"TVD converted from deviation survey; porosity from density-porosity equation (rho_ma=2.65, rho_fl=1.0)"
PKP-01,119493.28,454008.23,2573.9,2245.46,6.53,64.2,2.5423,2530.5,2603.5,2207.25,2271.65,64.4,21.696,ok,"TVD converted from deviation survey; porosity from density-porosity equation (rho_ma=2.65, rho_fl=1.0)"
PKP-01,119493.24,454008.21,2573.8,2245.37,6.52,64.02,2.5424,2530.5,2603.5,2207.25,2271.65,64.4,21.696,ok,"TVD converted from deviation survey; porosity from density-porosity equation (rho_ma=2.65, rho_fl=1.0)"
PKP-01,119493.19,454008.19,2573.7,2245.29,6.72,64.05,2.5391,2530.5,2603.5,2207.25,2271.65,64.4,21.696,ok,"TVD converted from deviation survey; porosity from density-porosity equation (rho_ma=2.65, rho_fl=1.0)"
PKP-01,119493.15,454008.17,2573.6,2245.2,7.17,64.45,2.5318,2530.5,2603.5,2207.25,2271.65,64.4,21.696,ok,"TVD converted from deviation survey; porosity from density-porosity equation (rho_ma=2.65, rho_fl=1.0)"
PKP-01,119493.11,454008.15,2573.5,2245.11,7.77,65.17,2.5218,2530.5,2603.5,2207.25,2271.65,64.4,21.696,ok,"TVD converted from deviation survey; porosity from density-porosity equation (rho_ma=2.65, rho_fl=1.0)"
PKP-01,119493.07,454008.12,2573.4,2245.02,8.32,65.87,2.5127,2530.5,2603.5,2207.25,2271.65,64.4,21.696,ok,"TVD converted from deviation survey; porosity from density-porosity equation (rho_ma=2.65, rho_fl=1.0)"
PKP-01,119493.03,454008.1,2573.3,2244.93,8.62,66.19,2.5077,2530.5,2603.5,2207.25,2271.65,64.4,21.696,ok,"TVD converted from deviation survey; porosity from density-porosity equation (rho_ma=2.65, rho_fl=1.0)"
PKP-01,119492.98,454008.08,2573.2,2244.84,8.59,65.91,2.5082,2530.5,2603.5,2207.25,2271.65,64.4,21.696,ok,"TVD converted from deviation survey; porosity from density-porosity equation (rho_ma=2.65, rho_fl=1.0)"
PKP-01,119492.94,454008.06,2573.1,2244.76,8.32,65.2,2.5127,2530.5,2603.5,2207.25,2271.65,64.4,21.696,ok,"TVD converted from deviation survey; porosity from density-porosity equation (rho_ma=2.65, rho_fl=1.0)"
PKP-01,119492.9,454008.04,2573.0,2244.67,7.88,64.64,2.52,2530.5,2603.5,2207.25,2271.65,64.4,21.696,ok,"TVD converted from deviation survey; porosity from density-porosity equation (rho_ma=2.65, rho_fl=1.0)"
PKP-01,119492.86,454008.02,2572.9,2244.58,7.48,64.5,2.5267,2530.5,2603.5,2207.25,2271.65,64.4,21.696,ok,"TVD converted from deviation survey; porosity from density-porosity equation (rho_ma=2.65, rho_fl=1.0)"
PKP-01,119492.82,454008.0,2572.8,2244.49,7.33,64.62,2.5291,2530.5,2603.5,2207.25,2271.65,64.4,21.696,ok,"TVD converted from deviation survey; porosity from density-porosity equation (rho_ma=2.65, rho_fl=1.0)"
PKP-01,119492.77,454007.98,2572.7,2244.4,7.44,64.92,2.5273,2530.5,2603.5,2207.25,2271.65,64.4,21.696,ok,"TVD converted from deviation survey; porosity from density-porosity equation (rho_ma=2.65, rho_fl=1.0)"
PKP-01,119492.73,454007.96,2572.6,2244.32,7.61,65.14,2.5244,2530.5,2603.5,2207.25,2271.65,64.4,21.696,ok,"TVD converted from deviation survey; porosity from density-porosity equation (rho_ma=2.65, rho_fl=1.0)"
PKP-01,119492.69,454007.94,2572.5,2244.23,7.7,65.0,2.523,2530.5,2603.5,2207.25,2271.65,64.4,21.696,ok,"TVD converted from deviation survey; porosity from density-porosity equation (rho_ma=2.65, rho_fl=1.0)"
PKP-01,119492.65,454007.92,2572.4,2244.14,7.52,64.73,2.526,2530.5,2603.5,2207.25,2271.65,64.4,21.696,ok,"TVD converted from deviation survey; porosity from density-porosity equation (rho_ma=2.65, rho_fl=1.0)"
PKP-01,119492.6,454007.9,2572.3,2244.05,7.0,64.59,2.5344,2530.5,2603.5,2207.25,2271.65,64.4,21.696,ok,"TVD converted from deviation survey; porosity from density-porosity equation (rho_ma=2.65, rho_fl=1.0)"
PKP-01,119492.56,454007.88,2572.2,2243.96,6.25,64.47,2.5468,2530.5,2603.5,2207.25,2271.65,64.4,21.696,ok,"TVD converted from deviation survey; porosity from density-porosity equation (rho_ma=2.65, rho_fl=1.0)"
PKP-01,119492.52,454007.86,2572.1,2243.87,5.59,64.51,2.5578,2530.5,2603.5,2207.25,2271.65,64.4,21.696,ok,"TVD converted from deviation survey; porosity from density-porosity equation (rho_ma=2.65, rho_fl=1.0)"
PKP-01,119492.48,454007.84,2572.0,2243.79,5.26,64.75,2.5633,2530.5,2603.5,2207.25,2271.65,64.4,21.696,ok,"TVD converted from deviation survey; porosity from density-porosity equation (rho_ma=2.65, rho_fl=1.0)"
PKP-01,119492.44,454007.82,2571.9,2243.7,5.31,64.77,2.5625,2530.5,2603.5,2207.25,2271.65,64.4,21.697,ok,"TVD converted from deviation survey; porosity from density-porosity equation (rho_ma=2.65, rho_fl=1.0)"
PKP-01,119492.39,454007.79,2571.8,2243.61,5.57,64.4,2.558,2530.5,2603.5,2207.25,2271.65,64.4,21.697,ok,"TVD converted from deviation survey; porosity from density-porosity equation (rho_ma=2.65, rho_fl=1.0)"
PKP-01,119492.35,454007.77,2571.7,2243.52,5.89,63.79,2.5529,2530.5,2603.5,2207.25,2271.65,64.4,21.697,ok,"TVD converted from deviation survey; porosity from density-porosity equation (rho_ma=2.65, rho_fl=1.0)"
PKP-01,119492.31,454007.75,2571.6,2243.43,6.06,62.95,2.55,2530.5,2603.5,2207.25,2271.65,64.4,21.697,ok,"TVD converted from deviation survey; porosity from density-porosity equation (rho_ma=2.65, rho_fl=1.0)"
PKP-01,119492.27,454007.73,2571.5,2243.34,6.12,61.99,2.549,2530.5,2603.5,2207.25,2271.65,64.4,21.697,ok,"TVD converted from deviation survey; porosity from density-porosity equation (rho_ma=2.65, rho_fl=1.0)"
PKP-01,119492.22,454007.71,2571.4,2243.26,6.26,61.3,2.5468,2530.5,2603.5,2207.25,2271.65,64.4,21.697,ok,"TVD converted from deviation survey; porosity from density-porosity equation (rho_ma=2.65, rho_fl=1.0)"
PKP-01,119492.18,454007.69,2571.3,2243.17,6.52,61.19,2.5424,2530.5,2603.5,2207.25,2271.65,64.4,21.697,ok,"TVD converted from deviation survey; porosity from density-porosity equation (rho_ma=2.65, rho_fl=1.0)"
PKP-01,119492.14,454007.67,2571.2,2243.08,6.73,61.55,2.5389,2530.5,2603.5,2207.25,2271.65,64.4,21.697,ok,"TVD converted from deviation survey; porosity from density-porosity equation (rho_ma=2.65, rho_fl=1.0)"
PKP-01,119492.1,454007.65,2571.1,2242.99,6.7,62.05,2.5395,2530.5,2603.5,2207.25,2271.65,64.4,21.697,ok,"TVD converted from deviation survey; porosity from density-porosity equation (rho_ma=2.65, rho_fl=1.0)"
PKP-01,119492.06,454007.63,2571.0,2242.9,6.35,62.28,2.5452,2530.5,2603.5,2207.25,2271.65,64.4,21.697,ok,"TVD converted from deviation survey; porosity from density-porosity equation (rho_ma=2.65, rho_fl=1.0)"
PKP-01,119492.01,454007.61,2570.9,2242.82,5.9,61.98,2.5527,2530.5,2603.5,2207.25,2271.65,64.4,21.697,ok,"TVD converted from deviation survey; porosity from density-porosity equation (rho_ma=2.65, rho_fl=1.0)"
PKP-01,119491.97,454007.59,2570.8,2242.73,5.74,61.38,2.5554,2530.5,2603.5,2207.25,2271.65,64.4,21.697,ok,"TVD converted from deviation survey; porosity from density-porosity equation (rho_ma=2.65, rho_fl=1.0)"
PKP-01,119491.93,454007.57,2570.7,2242.64,6.08,61.38,2.5497,2530.5,2603.5,2207.25,2271.65,64.4,21.697,ok,"TVD converted from deviation survey; porosity from density-porosity equation (rho_ma=2.65, rho_fl=1.0)"
PKP-01,119491.89,454007.55,2570.6,2242.55,6.74,62.59,2.5388,2530.5,2603.5,2207.25,2271.65,64.4,21.697,ok,"TVD converted from deviation survey; porosity from density-porosity equation (rho_ma=2.65, rho_fl=1.0)"
PKP-01,119491.84,454007.53,2570.5,2242.46,7.34,64.75,2.5288,2530.5,2603.5,2207.25,2271.65,64.4,21.697,ok,"TVD converted from deviation survey; porosity from density-porosity equation (rho_ma=2.65, rho_fl=1.0)"
PKP-01,119491.8,454007.51,2570.4,2242.37,7.62,66.96,2.5243,2530.5,2603.5,2207.25,2271.65,64.4,21.697,ok,"TVD converted from deviation survey; porosity from density-porosity equation (rho_ma=2.65, rho_fl=1.0)"
PKP-01,119491.76,454007.48,2570.3,2242.29,7.53,68.45,2.5258,2530.5,2603.5,2207.25,2271.65,64.4,21.697,ok,"TVD converted from deviation survey; porosity from density-porosity equation (rho_ma=2.65, rho_fl=1.0)"
PKP-01,119491.72,454007.46,2570.2,2242.2,7.13,68.66,2.5323,2530.5,2603.5,2207.25,2271.65,64.4,21.697,ok,"TVD converted from deviation survey; porosity from density-porosity equation (rho_ma=2.65, rho_fl=1.0)"
PKP-01,119491.68,454007.44,2570.1,2242.11,6.63,67.6,2.5406,2530.5,2603.5,2207.25,2271.65,64.4,21.697,ok,"TVD converted from deviation survey; porosity from density-porosity equation (rho_ma=2.65, rho_fl=1.0)"
PKP-01,119491.63,454007.42,2570.0,2242.02,6.26,65.75,2.5468,2530.5,2603.5,2207.25,2271.65,64.4,21.697,ok,"TVD converted from deviation survey; porosity from density-porosity equation (rho_ma=2.65, rho_fl=1.0)"
PKP-01,119491.59,454007.4,2569.9,2241.93,6.03,63.74,2.5504,2530.5,2603.5,2207.25,2271.65,64.4,21.697,ok,"TVD converted from deviation survey; porosity from density-porosity equation (rho_ma=2.65, rho_fl=1.0)"
PKP-01,119491.55,454007.38,2569.8,2241.84,5.88,61.79,2.5529,2530.5,2603.5,2207.25,2271.65,64.4,21.697,ok,"TVD converted from deviation survey; porosity from density-porosity equation (rho_ma=2.65, rho_fl=1.0)"
PKP-01,119491.51,454007.36,2569.7,2241.76,5.85,59.99,2.5534,2530.5,2603.5,2207.25,2271.65,64.4,21.697,ok,"TVD converted from deviation survey; porosity from density-porosity equation (rho_ma=2.65, rho_fl=1.0)"
PKP-01,119491.46,454007.34,2569.6,2241.67,6.0,58.45,2.5509,2530.5,2603.5,2207.25,2271.65,64.4,21.698,ok,"TVD converted from deviation survey; porosity from density-porosity equation (rho_ma=2.65, rho_fl=1.0)"
PKP-01,119491.42,454007.32,2569.5,2241.58,6.34,57.21,2.5453,2530.5,2603.5,2207.25,2271.65,64.4,21.698,ok,"TVD converted from deviation survey; porosity from density-porosity equation (rho_ma=2.65, rho_fl=1.0)"
PKP-01,119491.38,454007.3,2569.4,2241.49,6.94,56.29,2.5355,2530.5,2603.5,2207.25,2271.65,64.4,21.698,ok,"TVD converted from deviation survey; porosity from density-porosity equation (rho_ma=2.65, rho_fl=1.0)"
PKP-01,119491.34,454007.28,2569.3,2241.4,7.76,55.73,2.5219,2530.5,2603.5,2207.25,2271.65,64.4,21.698,ok,"TVD converted from deviation survey; porosity from density-porosity equation (rho_ma=2.65, rho_fl=1.0)"
PKP-01,119491.3,454007.26,2569.2,2241.31,8.6,55.66,2.5081,2530.5,2603.5,2207.25,2271.65,64.4,21.698,ok,"TVD converted from deviation survey; porosity from density-porosity equation (rho_ma=2.65, rho_fl=1.0)"
PKP-01,119491.25,454007.24,2569.1,2241.23,9.27,56.14,2.4971,2530.5,2603.5,2207.25,2271.65,64.4,21.698,ok,"TVD converted from deviation survey; porosity from density-porosity equation (rho_ma=2.65, rho_fl=1.0)"
PKP-01,119491.21,454007.22,2569.0,2241.14,9.72,56.97,2.4896,2530.5,2603.5,2207.25,2271.65,64.4,21.698,ok,"TVD converted from deviation survey; porosity from density-porosity equation (rho_ma=2.65, rho_fl=1.0)"
PKP-01,119491.17,454007.2,2568.9,2241.05,9.92,57.74,2.4863,2530.5,2603.5,2207.25,2271.65,64.4,21.698,ok,"TVD converted from deviation survey; porosity from density-porosity equation (rho_ma=2.65, rho_fl=1.0)"
PKP-01,119491.13,454007.18,2568.8,2240.96,9.94,58.03,2.4859,2530.5,2603.5,2207.25,2271.65,64.4,21.698,ok,"TVD converted from deviation survey; porosity from density-porosity equation (rho_ma=2.65, rho_fl=1.0)"
PKP-01,119491.08,454007.15,2568.7,2240.87,9.92,57.88,2.4864,2530.5,2603.5,2207.25,2271.65,64.4,21.698,ok,"TVD converted from deviation survey; porosity from density-porosity equation (rho_ma=2.65, rho_fl=1.0)"
PKP-01,119491.04,454007.13,2568.6,2240.79,9.88,57.71,2.487,2530.5,2603.5,2207.25,2271.65,64.4,21.698,ok,"TVD converted from deviation survey; porosity from density-porosity equation (rho_ma=2.65, rho_fl=1.0)"
PKP-01,119491.0,454007.11,2568.5,2240.7,9.78,58.14,2.4886,2530.5,2603.5,2207.25,2271.65,64.4,21.698,ok,"TVD converted from deviation survey; porosity from density-porosity equation (rho_ma=2.65, rho_fl=1.0)"
PKP-01,119490.96,454007.09,2568.4,2240.61,9.57,59.63,2.4921,2530.5,2603.5,2207.25,2271.65,64.4,21.698,ok,"TVD converted from deviation survey; porosity from density-porosity equation (rho_ma=2.65, rho_fl=1.0)"
PKP-01,119490.92,454007.07,2568.3,2240.52,9.24,61.95,2.4975,2530.5,2603.5,2207.25,2271.65,64.4,21.698,ok,"TVD converted from deviation survey; porosity from density-porosity equation (rho_ma=2.65, rho_fl=1.0)"
PKP-01,119490.87,454007.05,2568.2,2240.43,8.84,64.2,2.5042,2530.5,2603.5,2207.25,2271.65,64.4,21.698,ok,"TVD converted from deviation survey; porosity from density-porosity equation (rho_ma=2.65, rho_fl=1.0)"
PKP-01,119490.83,454007.03,2568.1,2240.34,8.43,65.58,2.5109,2530.5,2603.5,2207.25,2271.65,64.4,21.698,ok,"TVD converted from deviation survey; porosity from density-porosity equation (rho_ma=2.65, rho_fl=1.0)"
PKP-01,119490.79,454007.01,2568.0,2240.26,8.12,65.74,2.516,2530.5,2603.5,2207.25,2271.65,64.4,21.698,ok,"TVD converted from deviation survey; porosity from density-porosity equation (rho_ma=2.65, rho_fl=1.0)"
PKP-01,119490.75,454006.99,2567.9,2240.17,7.99,64.87,2.5182,2530.5,2603.5,2207.25,2271.65,64.4,21.698,ok,"TVD converted from deviation survey; porosity from density-porosity equation (rho_ma=2.65, rho_fl=1.0)"
PKP-01,119490.7,454006.97,2567.8,2240.08,7.95,63.51,2.5188,2530.5,2603.5,2207.25,2271.65,64.4,21.698,ok,"TVD converted from deviation survey; porosity from density-porosity equation (rho_ma=2.65, rho_fl=1.0)"
PKP-01,119490.66,454006.95,2567.7,2239.99,7.83,62.42,2.5207,2530.5,2603.5,2207.25,2271.65,64.4,21.698,ok,"TVD converted from deviation survey; porosity from density-porosity equation (rho_ma=2.65, rho_fl=1.0)"
PKP-01,119490.62,454006.93,2567.6,2239.9,7.59,61.9,2.5247,2530.5,2603.5,2207.25,2271.65,64.4,21.698,ok,"TVD converted from deviation survey; porosity from density-porosity equation (rho_ma=2.65, rho_fl=1.0)"
PKP-01,119490.58,454006.91,2567.5,2239.81,7.35,61.83,2.5287,2530.5,2603.5,2207.25,2271.65,64.4,21.698,ok,"TVD converted from deviation survey; porosity from density-porosity equation (rho_ma=2.65, rho_fl=1.0)"
PKP-01,119490.54,454006.89,2567.4,2239.73,7.1,61.97,2.5329,2530.5,2603.5,2207.25,2271.65,64.4,21.698,ok,"TVD converted from deviation survey; porosity from density-porosity equation (rho_ma=2.65, rho_fl=1.0)"
PKP-01,119490.49,454006.87,2567.3,2239.64,6.74,62.24,2.5388,2530.5,2603.5,2207.25,2271.65,64.4,21.698,ok,"TVD converted from deviation survey; porosity from density-porosity equation (rho_ma=2.65, rho_fl=1.0)"
PKP-01,119490.45,454006.84,2567.2,2239.55,6.35,62.44,2.5452,2530.5,2603.5,2207.25,2271.65,64.4,21.699,ok,"TVD converted from deviation survey; porosity from density-porosity equation (rho_ma=2.65, rho_fl=1.0)"
PKP-01,119490.41,454006.82,2567.1,2239.46,6.0,62.3,2.551,2530.5,2603.5,2207.25,2271.65,64.4,21.699,ok,"TVD converted from deviation survey; porosity from density-porosity equation (rho_ma=2.65, rho_fl=1.0)"
PKP-01,119490.37,454006.8,2567.0,2239.37,5.74,61.71,2.5554,2530.5,2603.5,2207.25,2271.65,64.4,21.699,ok,"TVD converted from deviation survey; porosity from density-porosity equation (rho_ma=2.65, rho_fl=1.0)"
PKP-01,119490.32,454006.78,2566.9,2239.29,5.66,60.87,2.5566,2530.5,2603.5,2207.25,2271.65,64.4,21.699,ok,"TVD converted from deviation survey; porosity from density-porosity equation (rho_ma=2.65, rho_fl=1.0)"
PKP-01,119490.28,454006.76,2566.8,2239.2,5.89,60.13,2.5529,2530.5,2603.5,2207.25,2271.65,64.4,21.699,ok,"TVD converted from deviation survey; porosity from density-porosity equation (rho_ma=2.65, rho_fl=1.0)"
PKP-01,119490.24,454006.74,2566.7,2239.11,6.32,59.8,2.5457,2530.5,2603.5,2207.25,2271.65,64.4,21.699,ok,"TVD converted from deviation survey; porosity from density-porosity equation (rho_ma=2.65, rho_fl=1.0)"
PKP-01,119490.2,454006.72,2566.6,2239.02,6.73,59.91,2.5389,2530.5,2603.5,2207.25,2271.65,64.4,21.699,ok,"TVD converted from deviation survey; porosity from density-porosity equation (rho_ma=2.65, rho_fl=1.0)"
PKP-01,119490.16,454006.7,2566.5,2238.93,7.03,60.38,2.5341,2530.5,2603.5,2207.25,2271.65,64.4,21.699,ok,"TVD converted from deviation survey; porosity from density-porosity equation (rho_ma=2.65, rho_fl=1.0)"
PKP-01,119490.11,454006.68,2566.4,2238.84,7.26,61.04,2.5303,2530.5,2603.5,2207.25,2271.65,64.4,21.699,ok,"TVD converted from deviation survey; porosity from density-porosity equation (rho_ma=2.65, rho_fl=1.0)"
PKP-01,119490.07,454006.66,2566.3,2238.76,7.46,61.54,2.5268,2530.5,2603.5,2207.25,2271.65,64.4,21.699,ok,"TVD converted from deviation survey; porosity from density-porosity equation (rho_ma=2.65, rho_fl=1.0)"
PKP-01,119490.03,454006.64,2566.2,2238.67,7.67,61.6,2.5234,2530.5,2603.5,2207.25,2271.65,64.4,21.699,ok,"TVD converted from deviation survey; porosity from density-porosity equation (rho_ma=2.65, rho_fl=1.0)"
PKP-01,119489.99,454006.62,2566.1,2238.58,7.8,61.21,2.5212,2530.5,2603.5,2207.25,2271.65,64.4,21.699,ok,"TVD converted from deviation survey; porosity from density-porosity equation (rho_ma=2.65, rho_fl=1.0)"
PKP-01,119489.94,454006.6,2566.0,2238.49,7.67,60.4,2.5235,2530.5,2603.5,2207.25,2271.65,64.4,21.699,ok,"TVD converted from deviation survey; porosity from density-porosity equation (rho_ma=2.65, rho_fl=1.0)"
PKP-01,119489.9,454006.58,2565.9,2238.4,7.21,59.26,2.531,2530.5,2603.5,2207.25,2271.65,64.4,21.699,ok,"TVD converted from deviation survey; porosity from density-porosity equation (rho_ma=2.65, rho_fl=1.0)"
PKP-01,119489.86,454006.56,2565.8,2238.31,6.56,58.19,2.5418,2530.5,2603.5,2207.25,2271.65,64.4,21.699,ok,"TVD converted from deviation survey; porosity from density-porosity equation (rho_ma=2.65, rho_fl=1.0)"
PKP-01,119489.82,454006.54,2565.7,2238.23,5.92,57.64,2.5524,2530.5,2603.5,2207.25,2271.65,64.4,21.699,ok,"TVD converted from deviation survey; porosity from density-porosity equation (rho_ma=2.65, rho_fl=1.0)"
PKP-01,119489.78,454006.51,2565.6,2238.14,5.54,57.83,2.5586,2530.5,2603.5,2207.25,2271.65,64.4,21.699,ok,"TVD converted from deviation survey; porosity from density-porosity equation (rho_ma=2.65, rho_fl=1.0)"
PKP-01,119489.73,454006.49,2565.5,2238.05,5.47,58.73,2.5598,2530.5,2603.5,2207.25,2271.65,64.4,21.699,ok,"TVD converted from deviation survey; porosity from density-porosity equation (rho_ma=2.65, rho_fl=1.0)"
PKP-01,119489.69,454006.47,2565.4,2237.96,5.46,60.06,2.5598,2530.5,2603.5,2207.25,2271.65,64.4,21.699,ok,"TVD converted from deviation survey; porosity from density-porosity equation (rho_ma=2.65, rho_fl=1.0)"
PKP-01,119489.65,454006.45,2565.3,2237.87,5.38,61.44,2.5612,2530.5,2603.5,2207.25,2271.65,64.4,21.699,ok,"TVD converted from deviation survey; porosity from density-porosity equation (rho_ma=2.65, rho_fl=1.0)"
PKP-01,119489.61,454006.43,2565.2,2237.78,5.29,62.7,2.5627,2530.5,2603.5,2207.25,2271.65,64.4,21.699,ok,"TVD converted from deviation survey; porosity from density-porosity equation (rho_ma=2.65, rho_fl=1.0)"
PKP-01,119489.56,454006.41,2565.1,2237.7,5.22,63.62,2.5639,2530.5,2603.5,2207.25,2271.65,64.4,21.699,ok,"TVD converted from deviation survey; porosity from density-porosity equation (rho_ma=2.65, rho_fl=1.0)"
PKP-01,119489.52,454006.39,2565.0,2237.61,5.18,63.89,2.5646,2530.5,2603.5,2207.25,2271.65,64.4,21.699,ok,"TVD converted from deviation survey; porosity from density-porosity equation (rho_ma=2.65, rho_fl=1.0)"
PKP-01,119489.48,454006.37,2564.9,2237.52,5.22,63.42,2.5638,2530.5,2603.5,2207.25,2271.65,64.4,21.7,ok,"TVD converted from deviation survey; porosity from density-porosity equation (rho_ma=2.65, rho_fl=1.0)"
PKP-01,119489.44,454006.35,2564.8,2237.43,5.35,62.48,2.5617,2530.5,2603.5,2207.25,2271.65,64.4,21.7,ok,"TVD converted from deviation survey; porosity from density-porosity equation (rho_ma=2.65, rho_fl=1.0)"
PKP-01,119489.39,454006.33,2564.7,2237.34,5.55,61.36,2.5584,2530.5,2603.5,2207.25,2271.65,64.4,21.7,ok,"TVD converted from deviation survey; porosity from density-porosity equation (rho_ma=2.65, rho_fl=1.0)"
PKP-01,119489.35,454006.31,2564.6,2237.26,5.84,60.21,2.5537,2530.5,2603.5,2207.25,2271.65,64.4,21.7,ok,"TVD converted from deviation survey; porosity from density-porosity equation (rho_ma=2.65, rho_fl=1.0)"
PKP-01,119489.31,454006.29,2564.5,2237.17,6.24,59.19,2.547,2530.5,2603.5,2207.25,2271.65,64.4,21.7,ok,"TVD converted from deviation survey; porosity from density-porosity equation (rho_ma=2.65, rho_fl=1.0)"
PKP-01,119489.27,454006.27,2564.4,2237.08,6.76,58.35,2.5385,2530.5,2603.5,2207.25,2271.65,64.4,21.7,ok,"TVD converted from deviation survey; porosity from density-porosity equation (rho_ma=2.65, rho_fl=1.0)"
PKP-01,119489.22,454006.24,2564.3,2236.99,7.21,57.77,2.531,2530.5,2603.5,2207.25,2271.65,64.4,21.7,ok,"TVD converted from deviation survey; porosity from density-porosity equation (rho_ma=2.65, rho_fl=1.0)"
PKP-01,119489.18,454006.22,2564.2,2236.9,7.43,57.59,2.5274,2530.5,2603.5,2207.25,2271.65,64.4,21.7,ok,"TVD converted from deviation survey; porosity from density-porosity equation (rho_ma=2.65, rho_fl=1.0)"
PKP-01,119489.14,454006.2,2564.1,2236.82,7.44,58.0,2.5272,2530.5,2603.5,2207.25,2271.65,64.4,21.7,ok,"TVD converted from deviation survey; porosity from density-porosity equation (rho_ma=2.65, rho_fl=1.0)"
PKP-01,119489.1,454006.18,2564.0,2236.73,7.41,58.91,2.5277,2530.5,2603.5,2207.25,2271.65,64.4,21.7,ok,"TVD converted from deviation survey; porosity from density-porosity equation (rho_ma=2.65, rho_fl=1.0)"
PKP-01,119489.05,454006.16,2563.9,2236.64,7.55,59.93,2.5255,2530.5,2603.5,2207.25,2271.65,64.4,21.7,ok,"TVD converted from deviation survey; porosity from density-porosity equation (rho_ma=2.65, rho_fl=1.0)"
PKP-01,119489.01,454006.14,2563.8,2236.55,8.02,60.65,2.5177,2530.5,2603.5,2207.25,2271.65,64.4,21.7,ok,"TVD converted from deviation survey; porosity from density-porosity equation (rho_ma=2.65, rho_fl=1.0)"
PKP-01,119488.97,454006.12,2563.7,2236.46,8.75,60.79,2.5056,2530.5,2603.5,2207.25,2271.65,64.4,21.7,ok,"TVD converted from deviation survey; porosity from density-porosity equation (rho_ma=2.65, rho_fl=1.0)"
PKP-01,119488.93,454006.1,2563.6,2236.38,9.52,60.32,2.4929,2530.5,2603.5,2207.25,2271.65,64.4,21.7,ok,"TVD converted from deviation survey; porosity from density-porosity equation (rho_ma=2.65, rho_fl=1.0)"
PKP-01,119488.88,454006.08,2563.5,2236.29,10.12,59.68,2.4831,2530.5,2603.5,2207.25,2271.65,64.4,21.7,ok,"TVD converted from deviation survey; porosity from density-porosity equation (rho_ma=2.65, rho_fl=1.0)"
PKP-01,119488.84,454006.06,2563.4,2236.2,10.42,59.48,2.478,2530.5,2603.5,2207.25,2271.65,64.4,21.7,ok,"TVD converted from deviation survey; porosity from density-porosity equation (rho_ma=2.65, rho_fl=1.0)"
PKP-01,119488.8,454006.04,2563.3,2236.11,10.43,59.84,2.4778,2530.5,2603.5,2207.25,2271.65,64.4,21.7,ok,"TVD converted from deviation survey; porosity from density-porosity equation (rho_ma=2.65, rho_fl=1.0)"
PKP-01,119488.76,454006.02,2563.2,2236.02,10.12,60.19,2.4831,2530.5,2603.5,2207.25,2271.65,64.4,21.7,ok,"TVD converted from deviation survey; porosity from density-porosity equation (rho_ma=2.65, rho_fl=1.0)"
PKP-01,119488.71,454005.99,2563.1,2235.94,9.51,60.09,2.4931,2530.5,2603.5,2207.25,2271.65,64.4,21.7,ok,"TVD converted from deviation survey; porosity from density-porosity equation (rho_ma=2.65, rho_fl=1.0)"
PKP-01,119488.67,454005.97,2563.0,2235.85,8.71,59.62,2.5063,2530.5,2603.5,2207.25,2271.65,64.4,21.7,ok,"TVD converted from deviation survey; porosity from density-porosity equation (rho_ma=2.65, rho_fl=1.0)"
PKP-01,119488.63,454005.95,2562.9,2235.76,7.84,59.27,2.5207,2530.5,2603.5,2207.25,2271.65,64.4,21.7,ok,"TVD converted from deviation survey; porosity from density-porosity equation (rho_ma=2.65, rho_fl=1.0)"
PKP-01,119488.59,454005.93,2562.8,2235.67,6.93,59.52,2.5356,2530.5,2603.5,2207.25,2271.65,64.4,21.7,ok,"TVD converted from deviation survey; porosity from density-porosity equation (rho_ma=2.65, rho_fl=1.0)"
PKP-01,119488.54,454005.91,2562.7,2235.58,6.04,60.38,2.5503,2530.5,2603.5,2207.25,2271.65,64.4,21.7,ok,"TVD converted from deviation survey; porosity from density-porosity equation (rho_ma=2.65, rho_fl=1.0)"
PKP-01,119488.5,454005.89,2562.6,2235.5,5.23,61.12,2.5637,2530.5,2603.5,2207.25,2271.65,64.4,21.701,ok,"TVD converted from deviation survey; porosity from density-porosity equation (rho_ma=2.65, rho_fl=1.0)"
PKP-01,119488.46,454005.87,2562.5,2235.41,4.52,60.77,2.5754,2530.5,2603.5,2207.25,2271.65,64.4,21.701,ok,"TVD converted from deviation survey; porosity from density-porosity equation (rho_ma=2.65, rho_fl=1.0)"
PKP-01,119488.42,454005.85,2562.4,2235.32,4.06,58.94,2.5829,2530.5,2603.5,2207.25,2271.65,64.4,21.701,ok,"TVD converted from deviation survey; porosity from density-porosity equation (rho_ma=2.65, rho_fl=1.0)"
PKP-01,119488.37,454005.83,2562.3,2235.23,4.04,56.53,2.5834,2530.5,2603.5,2207.25,2271.65,64.4,21.701,ok,"TVD converted from deviation survey; porosity from density-porosity equation (rho_ma=2.65, rho_fl=1.0)"
PKP-01,119488.33,454005.81,2562.2,2235.14,4.42,,2.5771,2530.5,2603.5,2207.25,2271.65,64.4,21.701,ok,"TVD converted from deviation survey; porosity from density-porosity equation (rho_ma=2.65, rho_fl=1.0)"
PKP-01,119488.29,454005.79,2562.1,2235.05,5.03,,2.567,2530.5,2603.5,2207.25,2271.65,64.4,21.701,ok,"TVD converted from deviation survey; porosity from density-porosity equation (rho_ma=2.65, rho_fl=1.0)"
PKP-01,119488.24,454005.77,2562.0,2234.97,5.84,,2.5537,2530.5,2603.5,2207.25,2271.65,64.4,21.701,ok,"TVD converted from deviation survey; porosity from density-porosity equation (rho_ma=2.65, rho_fl=1.0)"
PKP-01,119488.2,454005.74,2561.9,2234.88,6.76,55.23,2.5385,2530.5,2603.5,2207.25,2271.65,64.4,21.701,ok,"TVD converted from deviation survey; porosity from density-porosity equation (rho_ma=2.65, rho_fl=1.0)"
PKP-01,119488.16,454005.72,2561.8,2234.79,7.63,55.22,2.524,2530.5,2603.5,2207.25,2271.65,64.4,21.701,ok,"TVD converted from deviation survey; porosity from density-porosity equation (rho_ma=2.65, rho_fl=1.0)"
PKP-01,119488.12,454005.7,2561.7,2234.7,8.38,,2.5117,2530.5,2603.5,2207.25,2271.65,64.4,21.701,ok,"TVD converted from deviation survey; porosity from density-porosity equation (rho_ma=2.65, rho_fl=1.0)"
PKP-01,119488.07,454005.68,2561.6,2234.61,8.84,,2.5041,2530.5,2603.5,2207.25,2271.65,64.4,21.701,ok,"TVD converted from deviation survey; porosity from density-porosity equation (rho_ma=2.65, rho_fl=1.0)"
PKP-01,119488.03,454005.66,2561.5,2234.53,8.87,55.41,2.5036,2530.5,2603.5,2207.25,2271.65,64.4,21.701,ok,"TVD converted from deviation survey; porosity from density-porosity equation (rho_ma=2.65, rho_fl=1.0)"
PKP-01,119487.99,454005.64,2561.4,2234.44,8.41,56.12,2.5112,2530.5,2603.5,2207.25,2271.65,64.4,21.701,ok,"TVD converted from deviation survey; porosity from density-porosity equation (rho_ma=2.65, rho_fl=1.0)"
PKP-01,119487.95,454005.62,2561.3,2234.35,7.58,56.39,2.5249,2530.5,2603.5,2207.25,2271.65,64.4,21.701,ok,"TVD converted from deviation survey; porosity from density-porosity equation (rho_ma=2.65, rho_fl=1.0)"
PKP-01,119487.9,454005.6,2561.2,2234.26,6.68,56.11,2.5399,2530.5,2603.5,2207.25,2271.65,64.4,21.701,ok,"TVD converted from deviation survey; porosity from density-porosity equation (rho_ma=2.65, rho_fl=1.0)"
PKP-01,119487.86,454005.58,2561.1,2234.17,5.92,55.73,2.5523,2530.5,2603.5,2207.25,2271.65,64.4,21.701,ok,"TVD converted from deviation survey; porosity from density-porosity equation (rho_ma=2.65, rho_fl=1.0)"
PKP-01,119487.82,454005.56,2561.0,2234.09,5.53,55.78,2.5588,2530.5,2603.5,2207.25,2271.65,64.4,21.701,ok,"TVD converted from deviation survey; porosity from density-porosity equation (rho_ma=2.65, rho_fl=1.0)"
PKP-01,119487.78,454005.54,2560.9,2234.0,5.5,56.45,2.5593,2530.5,2603.5,2207.25,2271.65,64.4,21.701,ok,"TVD converted from deviation survey; porosity from density-porosity equation (rho_ma=2.65, rho_fl=1.0)"
PKP-01,119487.73,454005.52,2560.8,2233.91,5.78,57.58,2.5547,2530.5,2603.5,2207.25,2271.65,64.4,21.701,ok,"TVD converted from deviation survey; porosity from density-porosity equation (rho_ma=2.65, rho_fl=1.0)"
PKP-01,119487.69,454005.49,2560.7,2233.82,6.11,58.58,2.5492,2530.5,2603.5,2207.25,2271.65,64.4,21.701,ok,"TVD converted from deviation survey; porosity from density-porosity equation (rho_ma=2.65, rho_fl=1.0)"
PKP-01,119487.65,454005.47,2560.6,2233.73,6.28,59.03,2.5464,2530.5,2603.5,2207.25,2271.65,64.4,21.701,ok,"TVD converted from deviation survey; porosity from density-porosity equation (rho_ma=2.65, rho_fl=1.0)"
PKP-01,119487.61,454005.45,2560.5,2233.65,6.34,59.24,2.5454,2530.5,2603.5,2207.25,2271.65,64.4,21.701,ok,"TVD converted from deviation survey; porosity from density-porosity equation (rho_ma=2.65, rho_fl=1.0)"
PKP-01,119487.56,454005.43,2560.4,2233.56,6.35,59.54,2.5453,2530.5,2603.5,2207.25,2271.65,64.4,21.701,ok,"TVD converted from deviation survey; porosity from density-porosity equation (rho_ma=2.65, rho_fl=1.0)"
PKP-01,119487.52,454005.41,2560.3,2233.47,6.31,59.87,2.5459,2530.5,2603.5,2207.25,2271.65,64.4,21.702,ok,"TVD converted from deviation survey; porosity from density-porosity equation (rho_ma=2.65, rho_fl=1.0)"
PKP-01,119487.48,454005.39,2560.2,2233.38,6.35,60.13,2.5452,2530.5,2603.5,2207.25,2271.65,64.4,21.702,ok,"TVD converted from deviation survey; porosity from density-porosity equation (rho_ma=2.65, rho_fl=1.0)"
PKP-01,119487.44,454005.37,2560.1,2233.29,6.55,60.45,2.5419,2530.5,2603.5,2207.25,2271.65,64.4,21.702,ok,"TVD converted from deviation survey; porosity from density-porosity equation (rho_ma=2.65, rho_fl=1.0)"
PKP-01,119487.39,454005.35,2560.0,2233.21,6.83,60.85,2.5373,2530.5,2603.5,2207.25,2271.65,64.4,21.702,ok,"TVD converted from deviation survey; porosity from density-porosity equation (rho_ma=2.65, rho_fl=1.0)"
PKP-01,119487.35,454005.33,2559.9,2233.12,7.02,61.2,2.5342,2530.5,2603.5,2207.25,2271.65,64.4,21.702,ok,"TVD converted from deviation survey; porosity from density-porosity equation (rho_ma=2.65, rho_fl=1.0)"
PKP-01,119487.31,454005.31,2559.8,2233.03,7.01,61.53,2.5343,2530.5,2603.5,2207.25,2271.65,64.4,21.702,ok,"TVD converted from deviation survey; porosity from density-porosity equation (rho_ma=2.65, rho_fl=1.0)"
PKP-01,119487.26,454005.29,2559.7,2232.94,6.74,61.79,2.5388,2530.5,2603.5,2207.25,2271.65,64.4,21.702,ok,"TVD converted from deviation survey; porosity from density-porosity equation (rho_ma=2.65, rho_fl=1.0)"
PKP-01,119487.22,454005.26,2559.6,2232.85,6.2,61.87,2.5478,2530.5,2603.5,2207.25,2271.65,64.4,21.702,ok,"TVD converted from deviation survey; porosity from density-porosity equation (rho_ma=2.65, rho_fl=1.0)"
PKP-01,119487.18,454005.24,2559.5,2232.77,5.43,61.72,2.5605,2530.5,2603.5,2207.25,2271.65,64.4,21.702,ok,"TVD converted from deviation survey; porosity from density-porosity equation (rho_ma=2.65, rho_fl=1.0)"
PKP-01,119487.14,454005.22,2559.4,2232.68,4.46,61.46,2.5764,2530.5,2603.5,2207.25,2271.65,64.4,21.702,ok,"TVD converted from deviation survey; porosity from density-porosity equation (rho_ma=2.65, rho_fl=1.0)"
PKP-01,119487.09,454005.2,2559.3,2232.59,3.24,61.24,2.5965,2530.5,2603.5,2207.25,2271.65,64.4,21.702,ok,"TVD converted from deviation survey; porosity from density-porosity equation (rho_ma=2.65, rho_fl=1.0)"
PKP-01,119487.05,454005.18,2559.2,2232.5,1.7,60.91,2.622,2530.5,2603.5,2207.25,2271.65,64.4,21.702,ok,"TVD converted from deviation survey; porosity from density-porosity equation (rho_ma=2.65, rho_fl=1.0)"
PKP-01,119487.01,454005.16,2559.1,2232.41,0.0,60.18,2.6544,2530.5,2603.5,2207.25,2271.65,64.4,21.702,ok,"TVD converted from deviation survey; porosity from density-porosity equation (rho_ma=2.65, rho_fl=1.0)"
PKP-01,119486.97,454005.14,2559.0,2232.33,0.0,59.01,2.6963,2530.5,2603.5,2207.25,2271.65,64.4,21.702,ok,"TVD converted from deviation survey; porosity from density-porosity equation (rho_ma=2.65, rho_fl=1.0)"
PKP-01,119486.92,454005.12,2558.9,2232.24,0.0,57.59,2.7483,2530.5,2603.5,2207.25,2271.65,64.4,21.702,ok,"TVD converted from deviation survey; porosity from density-porosity equation (rho_ma=2.65, rho_fl=1.0)"
PKP-01,119486.88,454005.1,2558.8,2232.15,0.0,56.18,2.8038,2530.5,2603.5,2207.25,2271.65,64.4,21.702,ok,"TVD converted from deviation survey; porosity from density-porosity equation (rho_ma=2.65, rho_fl=1.0)"
PKP-01,119486.84,454005.08,2558.7,2232.06,0.0,,2.8471,2530.5,2603.5,2207.25,2271.65,64.4,21.702,ok,"TVD converted from deviation survey; porosity from density-porosity equation (rho_ma=2.65, rho_fl=1.0)"
PKP-01,119486.8,454005.06,2558.6,2231.97,0.0,,2.8563,2530.5,2603.5,2207.25,2271.65,64.4,21.702,ok,"TVD converted from deviation survey; porosity from density-porosity equation (rho_ma=2.65, rho_fl=1.0)"
PKP-01,119486.75,454005.04,2558.5,2231.89,0.0,,2.8203,2530.5,2603.5,2207.25,2271.65,64.4,21.702,ok,"TVD converted from deviation survey; porosity from density-porosity equation (rho_ma=2.65, rho_fl=1.0)"
PKP-01,119486.71,454005.01,2558.4,2231.8,0.0,,2.7524,2530.5,2603.5,2207.25,2271.65,64.4,21.702,ok,"TVD converted from deviation survey; porosity from density-porosity equation (rho_ma=2.65, rho_fl=1.0)"
PKP-01,119486.67,454004.99,2558.3,2231.71,0.0,,2.6792,2530.5,2603.5,2207.25,2271.65,64.4,21.702,ok,"TVD converted from deviation survey; porosity from density-porosity equation (rho_ma=2.65, rho_fl=1.0)"
PKP-01,119486.63,454004.97,2558.2,2231.62,2.01,55.48,2.6168,2530.5,2603.5,2207.25,2271.65,64.4,21.702,ok,"TVD converted from deviation survey; porosity from density-porosity equation (rho_ma=2.65, rho_fl=1.0)"
PKP-01,119486.58,454004.95,2558.1,2231.53,5.01,56.29,2.5674,2530.5,2603.5,2207.25,2271.65,64.4,21.702,ok,"TVD converted from deviation survey; porosity from density-porosity equation (rho_ma=2.65, rho_fl=1.0)"
PKP-01,119486.54,454004.93,2558.0,2231.45,7.18,57.23,2.5315,2530.5,2603.5,2207.25,2271.65,64.4,21.703,ok,"TVD converted from deviation survey; porosity from density-porosity equation (rho_ma=2.65, rho_fl=1.0)"
PKP-01,119486.5,454004.91,2557.9,2231.36,8.56,58.4,2.5088,2530.5,2603.5,2207.25,2271.65,64.4,21.703,ok,"TVD converted from deviation survey; porosity from density-porosity equation (rho_ma=2.65, rho_fl=1.0)"
PKP-01,119486.46,454004.89,2557.8,2231.27,9.08,59.58,2.5003,2530.5,2603.5,2207.25,2271.65,64.4,21.703,ok,"TVD converted from deviation survey; porosity from density-porosity equation (rho_ma=2.65, rho_fl=1.0)"
PKP-01,119486.41,454004.87,2557.7,2231.18,8.79,60.32,2.505,2530.5,2603.5,2207.25,2271.65,64.4,21.703,ok,"TVD converted from deviation survey; porosity from density-porosity equation (rho_ma=2.65, rho_fl=1.0)"
PKP-01,119486.37,454004.85,2557.6,2231.09,8.02,60.44,2.5177,2530.5,2603.5,2207.25,2271.65,64.4,21.703,ok,"TVD converted from deviation survey; porosity from density-porosity equation (rho_ma=2.65, rho_fl=1.0)"
PKP-01,119486.33,454004.83,2557.5,2231.01,7.21,60.08,2.5311,2530.5,2603.5,2207.25,2271.65,64.4,21.703,ok,"TVD converted from deviation survey; porosity from density-porosity equation (rho_ma=2.65, rho_fl=1.0)"
PKP-01,119486.29,454004.81,2557.4,2230.92,6.54,59.6,2.542,2530.5,2603.5,2207.25,2271.65,64.4,21.703,ok,"TVD converted from deviation survey; porosity from density-porosity equation (rho_ma=2.65, rho_fl=1.0)"
PKP-01,119486.24,454004.79,2557.3,2230.83,6.02,59.47,2.5507,2530.5,2603.5,2207.25,2271.65,64.4,21.703,ok,"TVD converted from deviation survey; porosity from density-porosity equation (rho_ma=2.65, rho_fl=1.0)"
PKP-01,119486.2,454004.76,2557.2,2230.74,5.58,59.91,2.5579,2530.5,2603.5,2207.25,2271.65,64.4,21.703,ok,"TVD converted from deviation survey; porosity from density-porosity equation (rho_ma=2.65, rho_fl=1.0)"
PKP-01,119486.16,454004.74,2557.1,2230.65,5.22,60.81,2.5639,2530.5,2603.5,2207.25,2271.65,64.4,21.703,ok,"TVD converted from deviation survey; porosity from density-porosity equation (rho_ma=2.65, rho_fl=1.0)"
PKP-01,119486.11,454004.72,2557.0,2230.56,4.93,61.9,2.5686,2530.5,2603.5,2207.25,2271.65,64.4,21.703,ok,"TVD converted from deviation survey; porosity from density-porosity equation (rho_ma=2.65, rho_fl=1.0)"
PKP-01,119486.07,454004.7,2556.9,2230.48,4.69,63.0,2.5726,2530.5,2603.5,2207.25,2271.65,64.4,21.703,ok,"TVD converted from deviation survey; porosity from density-porosity equation (rho_ma=2.65, rho_fl=1.0)"
PKP-01,119486.03,454004.68,2556.8,2230.39,4.46,63.88,2.5764,2530.5,2603.5,2207.25,2271.65,64.4,21.703,ok,"TVD converted from deviation survey; porosity from density-porosity equation (rho_ma=2.65, rho_fl=1.0)"
PKP-01,119485.99,454004.66,2556.7,2230.3,4.25,64.27,2.5799,2530.5,2603.5,2207.25,2271.65,64.4,21.703,ok,"TVD converted from deviation survey; porosity from density-porosity equation (rho_ma=2.65, rho_fl=1.0)"
PKP-01,119485.94,454004.64,2556.6,2230.21,3.97,64.04,2.5845,2530.5,2603.5,2207.25,2271.65,64.4,21.703,ok,"TVD converted from deviation survey; porosity from density-porosity equation (rho_ma=2.65, rho_fl=1.0)"
PKP-01,119485.9,454004.62,2556.5,2230.12,3.57,63.3,2.5911,2530.5,2603.5,2207.25,2271.65,64.4,21.703,ok,"TVD converted from deviation survey; porosity from density-porosity equation (rho_ma=2.65, rho_fl=1.0)"
PKP-01,119485.86,454004.6,2556.4,2230.04,3.2,62.44,2.5972,2530.5,2603.5,2207.25,2271.65,64.4,21.703,ok,"TVD converted from deviation survey; porosity from density-porosity equation (rho_ma=2.65, rho_fl=1.0)"
PKP-01,119485.82,454004.58,2556.3,2229.95,3.13,62.0,2.5984,2530.5,2603.5,2207.25,2271.65,64.4,21.703,ok,"TVD converted from deviation survey; porosity from density-porosity equation (rho_ma=2.65, rho_fl=1.0)"
PKP-01,119485.77,454004.56,2556.2,2229.86,3.47,62.34,2.5927,2530.5,2603.5,2207.25,2271.65,64.4,21.703,ok,"TVD converted from deviation survey; porosity from density-porosity equation (rho_ma=2.65, rho_fl=1.0)"
PKP-01,119485.73,454004.53,2556.1,2229.77,4.14,63.46,2.5816,2530.5,2603.5,2207.25,2271.65,64.4,21.703,ok,"TVD converted from deviation survey; porosity from density-porosity equation (rho_ma=2.65, rho_fl=1.0)"
PKP-01,119485.69,454004.51,2556.0,2229.68,4.85,65.01,2.57,2530.5,2603.5,2207.25,2271.65,64.4,21.703,ok,"TVD converted from deviation survey; porosity from density-porosity equation (rho_ma=2.65, rho_fl=1.0)"
PKP-01,119485.65,454004.49,2555.9,2229.6,5.24,66.36,2.5635,2530.5,2603.5,2207.25,2271.65,64.4,21.703,ok,"TVD converted from deviation survey; porosity from density-porosity equation (rho_ma=2.65, rho_fl=1.0)"
PKP-01,119485.6,454004.47,2555.8,2229.51,5.13,66.99,2.5654,2530.5,2603.5,2207.25,2271.65,64.4,21.703,ok,"TVD converted from deviation survey; porosity from density-porosity equation (rho_ma=2.65, rho_fl=1.0)"
PKP-01,119485.56,454004.45,2555.7,2229.42,4.58,66.76,2.5745,2530.5,2603.5,2207.25,2271.65,64.4,21.704,ok,"TVD converted from deviation survey; porosity from density-porosity equation (rho_ma=2.65, rho_fl=1.0)"
PKP-01,119485.52,454004.43,2555.6,2229.33,3.87,65.85,2.5862,2530.5,2603.5,2207.25,2271.65,64.4,21.704,ok,"TVD converted from deviation survey; porosity from density-porosity equation (rho_ma=2.65, rho_fl=1.0)"
PKP-01,119485.48,454004.41,2555.5,2229.24,3.23,64.6,2.5967,2530.5,2603.5,2207.25,2271.65,64.4,21.704,ok,"TVD converted from deviation survey; porosity from density-porosity equation (rho_ma=2.65, rho_fl=1.0)"
PKP-01,119485.43,454004.39,2555.4,2229.16,2.79,63.34,2.6039,2530.5,2603.5,2207.25,2271.65,64.4,21.704,ok,"TVD converted from deviation survey; porosity from density-porosity equation (rho_ma=2.65, rho_fl=1.0)"
PKP-01,119485.39,454004.37,2555.3,2229.07,2.72,62.38,2.6052,2530.5,2603.5,2207.25,2271.65,64.4,21.704,ok,"TVD converted from deviation survey; porosity from density-porosity equation (rho_ma=2.65, rho_fl=1.0)"
PKP-01,119485.35,454004.35,2555.2,2228.98,3.02,61.95,2.6002,2530.5,2603.5,2207.25,2271.65,64.4,21.704,ok,"TVD converted from deviation survey; porosity from density-porosity equation (rho_ma=2.65, rho_fl=1.0)"
PKP-01,119485.31,454004.33,2555.1,2228.89,3.36,62.25,2.5946,2530.5,2603.5,2207.25,2271.65,64.4,21.704,ok,"TVD converted from deviation survey; porosity from density-porosity equation (rho_ma=2.65, rho_fl=1.0)"
PKP-01,119485.26,454004.31,2555.0,2228.8,3.5,63.23,2.5923,2530.5,2603.5,2207.25,2271.65,64.4,21.704,ok,"TVD converted from deviation survey; porosity from density-porosity equation (rho_ma=2.65, rho_fl=1.0)"
PKP-01,119485.22,454004.28,2554.9,2228.72,3.51,64.31,2.5921,2530.5,2603.5,2207.25,2271.65,64.4,21.704,ok,"TVD converted from deviation survey; porosity from density-porosity equation (rho_ma=2.65, rho_fl=1.0)"
PKP-01,119485.18,454004.26,2554.8,2228.63,3.5,64.86,2.5923,2530.5,2603.5,2207.25,2271.65,64.4,21.704,ok,"TVD converted from deviation survey; porosity from density-porosity equation (rho_ma=2.65, rho_fl=1.0)"
PKP-01,119485.14,454004.24,2554.7,2228.54,3.61,64.7,2.5905,2530.5,2603.5,2207.25,2271.65,64.4,21.704,ok,"TVD converted from deviation survey; porosity from density-porosity equation (rho_ma=2.65, rho_fl=1.0)"
PKP-01,119485.09,454004.22,2554.6,2228.45,4.05,63.8,2.5831,2530.5,2603.5,2207.25,2271.65,64.4,21.704,ok,"TVD converted from deviation survey; porosity from density-porosity equation (rho_ma=2.65, rho_fl=1.0)"
PKP-01,119485.05,454004.2,2554.5,2228.36,4.87,62.19,2.5696,2530.5,2603.5,2207.25,2271.65,64.4,21.704,ok,"TVD converted from deviation survey; porosity from density-porosity equation (rho_ma=2.65, rho_fl=1.0)"
PKP-01,119485.01,454004.18,2554.4,2228.28,5.83,60.26,2.5538,2530.5,2603.5,2207.25,2271.65,64.4,21.704,ok,"TVD converted from deviation survey; porosity from density-porosity equation (rho_ma=2.65, rho_fl=1.0)"
PKP-01,119484.96,454004.16,2554.3,2228.19,6.64,58.42,2.5405,2530.5,2603.5,2207.25,2271.65,64.4,21.704,ok,"TVD converted from deviation survey; porosity from density-porosity equation (rho_ma=2.65, rho_fl=1.0)"
PKP-01,119484.92,454004.14,2554.2,2228.1,7.15,56.93,2.532,2530.5,2603.5,2207.25,2271.65,64.4,21.704,ok,"TVD converted from deviation survey; porosity from density-porosity equation (rho_ma=2.65, rho_fl=1.0)"
PKP-01,119484.88,454004.12,2554.1,2228.01,7.36,56.24,2.5285,2530.5,2603.5,2207.25,2271.65,64.4,21.704,ok,"TVD converted from deviation survey; porosity from density-porosity equation (rho_ma=2.65, rho_fl=1.0)"
PKP-01,119484.84,454004.1,2554.0,2227.92,7.29,56.62,2.5297,2530.5,2603.5,2207.25,2271.65,64.4,21.704,ok,"TVD converted from deviation survey; porosity from density-porosity equation (rho_ma=2.65, rho_fl=1.0)"
PKP-01,119484.79,454004.08,2553.9,2227.84,6.99,57.74,2.5347,2530.5,2603.5,2207.25,2271.65,64.4,21.704,ok,"TVD converted from deviation survey; porosity from density-porosity equation (rho_ma=2.65, rho_fl=1.0)"
PKP-01,119484.75,454004.06,2553.8,2227.75,6.59,58.88,2.5413,2530.5,2603.5,2207.25,2271.65,64.4,21.704,ok,"TVD converted from deviation survey; porosity from density-porosity equation (rho_ma=2.65, rho_fl=1.0)"
PKP-01,119484.71,454004.03,2553.7,2227.66,6.21,59.68,2.5476,2530.5,2603.5,2207.25,2271.65,64.4,21.704,ok,"TVD converted from deviation survey; porosity from density-porosity equation (rho_ma=2.65, rho_fl=1.0)"
PKP-01,119484.67,454004.01,2553.6,2227.57,5.84,60.25,2.5537,2530.5,2603.5,2207.25,2271.65,64.4,21.704,ok,"TVD converted from deviation survey; porosity from density-porosity equation (rho_ma=2.65, rho_fl=1.0)"
PKP-01,119484.62,454003.99,2553.5,2227.48,5.47,60.74,2.5597,2530.5,2603.5,2207.25,2271.65,64.4,21.704,ok,"TVD converted from deviation survey; porosity from density-porosity equation (rho_ma=2.65, rho_fl=1.0)"
PKP-01,119484.58,454003.97,2553.4,2227.4,5.14,61.25,2.5651,2530.5,2603.5,2207.25,2271.65,64.4,21.705,ok,"TVD converted from deviation survey; porosity from density-porosity equation (rho_ma=2.65, rho_fl=1.0)"
PKP-01,119484.54,454003.95,2553.3,2227.31,4.86,61.78,2.5698,2530.5,2603.5,2207.25,2271.65,64.4,21.705,ok,"TVD converted from deviation survey; porosity from density-porosity equation (rho_ma=2.65, rho_fl=1.0)"
PKP-01,119484.5,454003.93,2553.2,2227.22,4.61,62.13,2.574,2530.5,2603.5,2207.25,2271.65,64.4,21.705,ok,"TVD converted from deviation survey; porosity from density-porosity equation (rho_ma=2.65, rho_fl=1.0)"
PKP-01,119484.45,454003.91,2553.1,2227.13,4.36,62.15,2.5781,2530.5,2603.5,2207.25,2271.65,64.4,21.705,ok,"TVD converted from deviation survey; porosity from density-porosity equation (rho_ma=2.65, rho_fl=1.0)"
PKP-01,119484.41,454003.89,2553.0,2227.04,4.11,61.96,2.5822,2530.5,2603.5,2207.25,2271.65,64.4,21.705,ok,"TVD converted from deviation survey; porosity from density-porosity equation (rho_ma=2.65, rho_fl=1.0)"
PKP-01,119484.37,454003.87,2552.9,2226.96,3.89,61.9,2.5858,2530.5,2603.5,2207.25,2271.65,64.4,21.705,ok,"TVD converted from deviation survey; porosity from density-porosity equation (rho_ma=2.65, rho_fl=1.0)"
PKP-01,119484.33,454003.85,2552.8,2226.87,3.8,62.05,2.5873,2530.5,2603.5,2207.25,2271.65,64.4,21.705,ok,"TVD converted from deviation survey; porosity from density-porosity equation (rho_ma=2.65, rho_fl=1.0)"
PKP-01,119484.28,454003.83,2552.7,2226.78,3.9,62.14,2.5856,2530.5,2603.5,2207.25,2271.65,64.4,21.705,ok,"TVD converted from deviation survey; porosity from density-porosity equation (rho_ma=2.65, rho_fl=1.0)"
PKP-01,119484.24,454003.8,2552.6,2226.69,4.2,62.01,2.5808,2530.5,2603.5,2207.25,2271.65,64.4,21.705,ok,"TVD converted from deviation survey; porosity from density-porosity equation (rho_ma=2.65, rho_fl=1.0)"
PKP-01,119484.2,454003.78,2552.5,2226.6,4.7,61.74,2.5725,2530.5,2603.5,2207.25,2271.65,64.4,21.705,ok,"TVD converted from deviation survey; porosity from density-porosity equation (rho_ma=2.65, rho_fl=1.0)"
PKP-01,119484.16,454003.76,2552.4,2226.51,5.32,61.41,2.5622,2530.5,2603.5,2207.25,2271.65,64.4,21.705,ok,"TVD converted from deviation survey; porosity from density-porosity equation (rho_ma=2.65, rho_fl=1.0)"
PKP-01,119484.11,454003.74,2552.3,2226.43,5.88,61.01,2.553,2530.5,2603.5,2207.25,2271.65,64.4,21.705,ok,"TVD converted from deviation survey; porosity from density-porosity equation (rho_ma=2.65, rho_fl=1.0)"
PKP-01,119484.07,454003.72,2552.2,2226.34,6.26,60.72,2.5468,2530.5,2603.5,2207.25,2271.65,64.4,21.705,ok,"TVD converted from deviation survey; porosity from density-porosity equation (rho_ma=2.65, rho_fl=1.0)"
PKP-01,119484.03,454003.7,2552.1,2226.25,6.44,60.76,2.5438,2530.5,2603.5,2207.25,2271.65,64.4,21.705,ok,"TVD converted from deviation survey; porosity from density-porosity equation (rho_ma=2.65, rho_fl=1.0)"
PKP-01,119483.98,454003.68,2552.0,2226.16,6.44,61.1,2.5438,2530.5,2603.5,2207.25,2271.65,64.4,21.705,ok,"TVD converted from deviation survey; porosity from density-porosity equation (rho_ma=2.65, rho_fl=1.0)"
PKP-01,119483.94,454003.66,2551.9,2226.07,6.28,61.76,2.5464,2530.5,2603.5,2207.25,2271.65,64.4,21.705,ok,"TVD converted from deviation survey; porosity from density-porosity equation (rho_ma=2.65, rho_fl=1.0)"
PKP-01,119483.9,454003.64,2551.8,2225.99,6.07,62.95,2.5499,2530.5,2603.5,2207.25,2271.65,64.4,21.705,ok,"TVD converted from deviation survey; porosity from density-porosity equation (rho_ma=2.65, rho_fl=1.0)"
PKP-01,119483.86,454003.62,2551.7,2225.9,5.9,64.49,2.5527,2530.5,2603.5,2207.25,2271.65,64.4,21.705,ok,"TVD converted from deviation survey; porosity from density-porosity equation (rho_ma=2.65, rho_fl=1.0)"
PKP-01,119483.81,454003.6,2551.6,2225.81,5.82,65.63,2.5539,2530.5,2603.5,2207.25,2271.65,64.4,21.705,ok,"TVD converted from deviation survey; porosity from density-porosity equation (rho_ma=2.65, rho_fl=1.0)"
PKP-01,119483.77,454003.58,2551.5,2225.72,5.84,65.74,2.5537,2530.5,2603.5,2207.25,2271.65,64.4,21.705,ok,"TVD converted from deviation survey; porosity from density-porosity equation (rho_ma=2.65, rho_fl=1.0)"
PKP-01,119483.73,454003.55,2551.4,2225.63,5.85,64.52,2.5535,2530.5,2603.5,2207.25,2271.65,64.4,21.705,ok,"TVD converted from deviation survey; porosity from density-porosity equation (rho_ma=2.65, rho_fl=1.0)"
PKP-01,119483.69,454003.53,2551.3,2225.55,5.68,62.32,2.5564,2530.5,2603.5,2207.25,2271.65,64.4,21.705,ok,"TVD converted from deviation survey; porosity from density-porosity equation (rho_ma=2.65, rho_fl=1.0)"
PKP-01,119483.64,454003.51,2551.2,2225.46,5.28,60.14,2.563,2530.5,2603.5,2207.25,2271.65,64.4,21.705,ok,"TVD converted from deviation survey; porosity from density-porosity equation (rho_ma=2.65, rho_fl=1.0)"
PKP-01,119483.6,454003.49,2551.1,2225.37,4.88,58.77,2.5694,2530.5,2603.5,2207.25,2271.65,64.4,21.706,ok,"TVD converted from deviation survey; porosity from density-porosity equation (rho_ma=2.65, rho_fl=1.0)"
PKP-01,119483.56,454003.47,2551.0,2225.28,4.8,58.45,2.5708,2530.5,2603.5,2207.25,2271.65,64.4,21.706,ok,"TVD converted from deviation survey; porosity from density-porosity equation (rho_ma=2.65, rho_fl=1.0)"
PKP-01,119483.52,454003.45,2550.9,2225.19,5.0,58.89,2.5675,2530.5,2603.5,2207.25,2271.65,64.4,21.706,ok,"TVD converted from deviation survey; porosity from density-porosity equation (rho_ma=2.65, rho_fl=1.0)"
PKP-01,119483.47,454003.43,2550.8,2225.11,5.33,59.81,2.5621,2530.5,2603.5,2207.25,2271.65,64.4,21.706,ok,"TVD converted from deviation survey; porosity from density-porosity equation (rho_ma=2.65, rho_fl=1.0)"
PKP-01,119483.43,454003.41,2550.7,2225.02,5.62,60.88,2.5573,2530.5,2603.5,2207.25,2271.65,64.4,21.706,ok,"TVD converted from deviation survey; porosity from density-porosity equation (rho_ma=2.65, rho_fl=1.0)"
PKP-01,119483.39,454003.39,2550.6,2224.93,5.75,61.94,2.5552,2530.5,2603.5,2207.25,2271.65,64.4,21.706,ok,"TVD converted from deviation survey; porosity from density-porosity equation (rho_ma=2.65, rho_fl=1.0)"
PKP-01,119483.35,454003.37,2550.5,2224.84,5.64,63.07,2.5569,2530.5,2603.5,2207.25,2271.65,64.4,21.706,ok,"TVD converted from deviation survey; porosity from density-porosity equation (rho_ma=2.65, rho_fl=1.0)"
PKP-01,119483.3,454003.35,2550.4,2224.75,5.42,64.4,2.5605,2530.5,2603.5,2207.25,2271.65,64.4,21.706,ok,"TVD converted from deviation survey; porosity from density-porosity equation (rho_ma=2.65, rho_fl=1.0)"
PKP-01,119483.26,454003.33,2550.3,2224.67,5.23,65.77,2.5637,2530.5,2603.5,2207.25,2271.65,64.4,21.706,ok,"TVD converted from deviation survey; porosity from density-porosity equation (rho_ma=2.65, rho_fl=1.0)"
PKP-01,119483.22,454003.3,2550.2,2224.58,5.12,67.08,2.5655,2530.5,2603.5,2207.25,2271.65,64.4,21.706,ok,"TVD converted from deviation survey; porosity from density-porosity equation (rho_ma=2.65, rho_fl=1.0)"
PKP-01,119483.18,454003.28,2550.1,2224.49,5.09,68.6,2.5661,2530.5,2603.5,2207.25,2271.65,64.4,21.706,ok,"TVD converted from deviation survey; porosity from density-porosity equation (rho_ma=2.65, rho_fl=1.0)"
PKP-01,119483.13,454003.26,2550.0,2224.4,5.08,70.34,2.5663,2530.5,2603.5,2207.25,2271.65,64.4,21.706,ok,"TVD converted from deviation survey; porosity from density-porosity equation (rho_ma=2.65, rho_fl=1.0)"
PKP-01,119483.09,454003.24,2549.9,2224.31,4.92,71.89,2.5689,2530.5,2603.5,2207.25,2271.65,64.4,21.706,ok,"TVD converted from deviation survey; porosity from density-porosity equation (rho_ma=2.65, rho_fl=1.0)"
PKP-01,119483.05,454003.22,2549.8,2224.23,4.42,72.92,2.5771,2530.5,2603.5,2207.25,2271.65,64.4,21.706,ok,"TVD converted from deviation survey; porosity from density-porosity equation (rho_ma=2.65, rho_fl=1.0)"
PKP-01,119483.01,454003.2,2549.7,2224.14,3.76,72.88,2.5879,2530.5,2603.5,2207.25,2271.65,64.4,21.706,ok,"TVD converted from deviation survey; porosity from density-porosity equation (rho_ma=2.65, rho_fl=1.0)"
PKP-01,119482.96,454003.18,2549.6,2224.05,3.45,71.64,2.5931,2530.5,2603.5,2207.25,2271.65,64.4,21.706,ok,"TVD converted from deviation survey; porosity from density-porosity equation (rho_ma=2.65, rho_fl=1.0)"
PKP-01,119482.92,454003.16,2549.5,2223.96,3.7,69.84,2.5889,2530.5,2603.5,2207.25,2271.65,64.4,21.706,ok,"TVD converted from deviation survey; porosity from density-porosity equation (rho_ma=2.65, rho_fl=1.0)"
PKP-01,119482.88,454003.14,2549.4,2223.87,4.37,68.15,2.5778,2530.5,2603.5,2207.25,2271.65,64.4,21.706,ok,"TVD converted from deviation survey; porosity from density-porosity equation (rho_ma=2.65, rho_fl=1.0)"
PKP-01,119482.83,454003.12,2549.3,2223.79,5.08,66.8,2.5662,2530.5,2603.5,2207.25,2271.65,64.4,21.706,ok,"TVD converted from deviation survey; porosity from density-porosity equation (rho_ma=2.65, rho_fl=1.0)"
PKP-01,119482.79,454003.1,2549.2,2223.7,5.39,66.04,2.561,2530.5,2603.5,2207.25,2271.65,64.4,21.706,ok,"TVD converted from deviation survey; porosity from density-porosity equation (rho_ma=2.65, rho_fl=1.0)"
PKP-01,119482.75,454003.08,2549.1,2223.61,5.15,65.7,2.565,2530.5,2603.5,2207.25,2271.65,64.4,21.706,ok,"TVD converted from deviation survey; porosity from density-porosity equation (rho_ma=2.65, rho_fl=1.0)"
PKP-01,119482.71,454003.05,2549.0,2223.52,4.7,65.15,2.5725,2530.5,2603.5,2207.25,2271.65,64.4,21.706,ok,"TVD converted from deviation survey; porosity from density-porosity equation (rho_ma=2.65, rho_fl=1.0)"
PKP-01,119482.66,454003.03,2548.9,2223.43,4.4,63.97,2.5774,2530.5,2603.5,2207.25,2271.65,64.4,21.706,ok,"TVD converted from deviation survey; porosity from density-porosity equation (rho_ma=2.65, rho_fl=1.0)"
PKP-01,119482.62,454003.01,2548.8,2223.35,4.42,62.46,2.5771,2530.5,2603.5,2207.25,2271.65,64.4,21.707,ok,"TVD converted from deviation survey; porosity from density-porosity equation (rho_ma=2.65, rho_fl=1.0)"
PKP-01,119482.58,454002.99,2548.7,2223.26,4.95,61.16,2.5683,2530.5,2603.5,2207.25,2271.65,64.4,21.707,ok,"TVD converted from deviation survey; porosity from density-porosity equation (rho_ma=2.65, rho_fl=1.0)"
PKP-01,119482.54,454002.97,2548.6,2223.17,5.87,60.49,2.5531,2530.5,2603.5,2207.25,2271.65,64.4,21.707,ok,"TVD converted from deviation survey; porosity from density-porosity equation (rho_ma=2.65, rho_fl=1.0)"
PKP-01,119482.49,454002.95,2548.5,2223.08,6.62,60.71,2.5408,2530.5,2603.5,2207.25,2271.65,64.4,21.707,ok,"TVD converted from deviation survey; porosity from density-porosity equation (rho_ma=2.65, rho_fl=1.0)"
PKP-01,119482.45,454002.93,2548.4,2222.99,7.05,61.86,2.5337,2530.5,2603.5,2207.25,2271.65,64.4,21.707,ok,"TVD converted from deviation survey; porosity from density-porosity equation (rho_ma=2.65, rho_fl=1.0)"
PKP-01,119482.41,454002.91,2548.3,2222.91,7.23,63.46,2.5306,2530.5,2603.5,2207.25,2271.65,64.4,21.707,ok,"TVD converted from deviation survey; porosity from density-porosity equation (rho_ma=2.65, rho_fl=1.0)"
PKP-01,119482.37,454002.89,2548.2,2222.82,7.06,64.77,2.5335,2530.5,2603.5,2207.25,2271.65,64.4,21.707,ok,"TVD converted from deviation survey; porosity from density-porosity equation (rho_ma=2.65, rho_fl=1.0)"
PKP-01,119482.32,454002.87,2548.1,2222.73,6.75,65.37,2.5387,2530.5,2603.5,2207.25,2271.65,64.4,21.707,ok,"TVD converted from deviation survey; porosity from density-porosity equation (rho_ma=2.65, rho_fl=1.0)"
PKP-01,119482.28,454002.85,2548.0,2222.64,6.69,65.27,2.5397,2530.5,2603.5,2207.25,2271.65,64.4,21.707,ok,"TVD converted from deviation survey; porosity from density-porosity equation (rho_ma=2.65, rho_fl=1.0)"
PKP-01,119482.24,454002.82,2547.9,2222.55,6.77,64.7,2.5383,2530.5,2603.5,2207.25,2271.65,64.4,21.707,ok,"TVD converted from deviation survey; porosity from density-porosity equation (rho_ma=2.65, rho_fl=1.0)"
PKP-01,119482.2,454002.8,2547.8,2222.46,6.79,63.93,2.538,2530.5,2603.5,2207.25,2271.65,64.4,21.707,ok,"TVD converted from deviation survey; porosity from density-porosity equation (rho_ma=2.65, rho_fl=1.0)"
PKP-01,119482.15,454002.78,2547.7,2222.38,6.65,63.22,2.5403,2530.5,2603.5,2207.25,2271.65,64.4,21.707,ok,"TVD converted from deviation survey; porosity from density-porosity equation (rho_ma=2.65, rho_fl=1.0)"
PKP-01,119482.11,454002.76,2547.6,2222.29,6.2,62.68,2.5477,2530.5,2603.5,2207.25,2271.65,64.4,21.707,ok,"TVD converted from deviation survey; porosity from density-porosity equation (rho_ma=2.65, rho_fl=1.0)"
PKP-01,119482.07,454002.74,2547.5,2222.2,5.53,62.28,2.5588,2530.5,2603.5,2207.25,2271.65,64.4,21.707,ok,"TVD converted from deviation survey; porosity from density-porosity equation (rho_ma=2.65, rho_fl=1.0)"
PKP-01,119482.03,454002.72,2547.4,2222.11,4.97,61.99,2.5681,2530.5,2603.5,2207.25,2271.65,64.4,21.707,ok,"TVD converted from deviation survey; porosity from density-porosity equation (rho_ma=2.65, rho_fl=1.0)"
PKP-01,119481.98,454002.7,2547.3,2222.02,4.82,61.9,2.5704,2530.5,2603.5,2207.25,2271.65,64.4,21.707,ok,"TVD converted from deviation survey; porosity from density-porosity equation (rho_ma=2.65, rho_fl=1.0)"
PKP-01,119481.94,454002.68,2547.2,2221.94,5.17,62.14,2.5647,2530.5,2603.5,2207.25,2271.65,64.4,21.707,ok,"TVD converted from deviation survey; porosity from density-porosity equation (rho_ma=2.65, rho_fl=1.0)"
PKP-01,119481.9,454002.66,2547.1,2221.85,5.86,62.74,2.5533,2530.5,2603.5,2207.25,2271.65,64.4,21.707,ok,"TVD converted from deviation survey; porosity from density-porosity equation (rho_ma=2.65, rho_fl=1.0)"
PKP-01,119481.86,454002.64,2547.0,2221.76,6.63,63.53,2.5406,2530.5,2603.5,2207.25,2271.65,64.4,21.707,ok,"TVD converted from deviation survey; porosity from density-porosity equation (rho_ma=2.65, rho_fl=1.0)"
PKP-01,119481.81,454002.62,2546.9,2221.67,7.18,64.14,2.5316,2530.5,2603.5,2207.25,2271.65,64.4,21.707,ok,"TVD converted from deviation survey; porosity from density-porosity equation (rho_ma=2.65, rho_fl=1.0)"
PKP-01,119481.77,454002.6,2546.8,2221.58,7.38,64.3,2.5282,2530.5,2603.5,2207.25,2271.65,64.4,21.707,ok,"TVD converted from deviation survey; porosity from density-porosity equation (rho_ma=2.65, rho_fl=1.0)"
PKP-01,119481.73,454002.57,2546.7,2221.5,7.34,64.11,2.5288,2530.5,2603.5,2207.25,2271.65,64.4,21.707,ok,"TVD converted from deviation survey; porosity from density-porosity equation (rho_ma=2.65, rho_fl=1.0)"
PKP-01,119481.68,454002.55,2546.6,2221.41,7.27,63.89,2.53,2530.5,2603.5,2207.25,2271.65,64.4,21.707,ok,"TVD converted from deviation survey; porosity from density-porosity equation (rho_ma=2.65, rho_fl=1.0)"
PKP-01,119481.64,454002.53,2546.5,2221.32,7.28,63.94,2.5298,2530.5,2603.5,2207.25,2271.65,64.4,21.708,ok,"TVD converted from deviation survey; porosity from density-porosity equation (rho_ma=2.65, rho_fl=1.0)"
PKP-01,119481.6,454002.51,2546.4,2221.23,7.36,64.25,2.5285,2530.5,2603.5,2207.25,2271.65,64.4,21.708,ok,"TVD converted from deviation survey; porosity from density-porosity equation (rho_ma=2.65, rho_fl=1.0)"
PKP-01,119481.56,454002.49,2546.3,2221.14,7.38,64.62,2.5283,2530.5,2603.5,2207.25,2271.65,64.4,21.708,ok,"TVD converted from deviation survey; porosity from density-porosity equation (rho_ma=2.65, rho_fl=1.0)"
PKP-01,119481.51,454002.47,2546.2,2221.06,7.19,64.84,2.5314,2530.5,2603.5,2207.25,2271.65,64.4,21.708,ok,"TVD converted from deviation survey; porosity from density-porosity equation (rho_ma=2.65, rho_fl=1.0)"
PKP-01,119481.47,454002.45,2546.1,2220.97,6.83,64.87,2.5373,2530.5,2603.5,2207.25,2271.65,64.4,21.708,ok,"TVD converted from deviation survey; porosity from density-porosity equation (rho_ma=2.65, rho_fl=1.0)"
PKP-01,119481.43,454002.43,2546.0,2220.88,6.47,64.91,2.5433,2530.5,2603.5,2207.25,2271.65,64.4,21.708,ok,"TVD converted from deviation survey; porosity from density-porosity equation (rho_ma=2.65, rho_fl=1.0)"
PKP-01,119481.39,454002.41,2545.9,2220.79,6.25,65.1,2.5469,2530.5,2603.5,2207.25,2271.65,64.4,21.708,ok,"TVD converted from deviation survey; porosity from density-porosity equation (rho_ma=2.65, rho_fl=1.0)"
PKP-01,119481.34,454002.39,2545.8,2220.7,6.23,65.24,2.5472,2530.5,2603.5,2207.25,2271.65,64.4,21.708,ok,"TVD converted from deviation survey; porosity from density-porosity equation (rho_ma=2.65, rho_fl=1.0)"
PKP-01,119481.3,454002.37,2545.7,2220.62,6.3,64.96,2.546,2530.5,2603.5,2207.25,2271.65,64.4,21.708,ok,"TVD converted from deviation survey; porosity from density-porosity equation (rho_ma=2.65, rho_fl=1.0)"
PKP-01,119481.26,454002.35,2545.6,2220.53,6.25,64.1,2.5468,2530.5,2603.5,2207.25,2271.65,64.4,21.708,ok,"TVD converted from deviation survey; porosity from density-porosity equation (rho_ma=2.65, rho_fl=1.0)"
PKP-01,119481.22,454002.32,2545.5,2220.44,5.99,62.8,2.5512,2530.5,2603.5,2207.25,2271.65,64.4,21.708,ok,"TVD converted from deviation survey; porosity from density-porosity equation (rho_ma=2.65, rho_fl=1.0)"
PKP-01,119481.17,454002.3,2545.4,2220.35,5.55,61.47,2.5585,2530.5,2603.5,2207.25,2271.65,64.4,21.708,ok,"TVD converted from deviation survey; porosity from density-porosity equation (rho_ma=2.65, rho_fl=1.0)"
PKP-01,119481.13,454002.28,2545.3,2220.26,5.01,60.6,2.5673,2530.5,2603.5,2207.25,2271.65,64.4,21.708,ok,"TVD converted from deviation survey; porosity from density-porosity equation (rho_ma=2.65, rho_fl=1.0)"
PKP-01,119481.09,454002.26,2545.2,2220.18,4.52,60.27,2.5754,2530.5,2603.5,2207.25,2271.65,64.4,21.708,ok,"TVD converted from deviation survey; porosity from density-porosity equation (rho_ma=2.65, rho_fl=1.0)"
PKP-01,119481.05,454002.24,2545.1,2220.09,4.23,60.11,2.5802,2530.5,2603.5,2207.25,2271.65,64.4,21.708,ok,"TVD converted from deviation survey; porosity from density-porosity equation (rho_ma=2.65, rho_fl=1.0)"
PKP-01,119481.0,454002.22,2545.0,2220.0,4.23,59.78,2.5801,2530.5,2603.5,2207.25,2271.65,64.4,21.708,ok,"TVD converted from deviation survey; porosity from density-porosity equation (rho_ma=2.65, rho_fl=1.0)"
PKP-01,119480.96,454002.2,2544.9,2219.91,4.48,59.33,2.5761,2530.5,2603.5,2207.25,2271.65,64.4,21.708,ok,"TVD converted from deviation survey; porosity from density-porosity equation (rho_ma=2.65, rho_fl=1.0)"
PKP-01,119480.92,454002.18,2544.8,2219.82,4.87,59.04,2.5697,2530.5,2603.5,2207.25,2271.65,64.4,21.708,ok,"TVD converted from deviation survey; porosity from density-porosity equation (rho_ma=2.65, rho_fl=1.0)"
PKP-01,119480.88,454002.16,2544.7,2219.74,5.28,59.21,2.5629,2530.5,2603.5,2207.25,2271.65,64.4,21.708,ok,"TVD converted from deviation survey; porosity from density-porosity equation (rho_ma=2.65, rho_fl=1.0)"
PKP-01,119480.83,454002.14,2544.6,2219.65,5.61,59.91,2.5575,2530.5,2603.5,2207.25,2271.65,64.4,21.708,ok,"TVD converted from deviation survey; porosity from density-porosity equation (rho_ma=2.65, rho_fl=1.0)"
PKP-01,119480.79,454002.12,2544.5,2219.56,5.87,60.74,2.5532,2530.5,2603.5,2207.25,2271.65,64.4,21.708,ok,"TVD converted from deviation survey; porosity from density-porosity equation (rho_ma=2.65, rho_fl=1.0)"
PKP-01,119480.75,454002.09,2544.4,2219.47,6.13,61.08,2.5489,2530.5,2603.5,2207.25,2271.65,64.4,21.708,ok,"TVD converted from deviation survey; porosity from density-porosity equation (rho_ma=2.65, rho_fl=1.0)"
PKP-01,119480.71,454002.07,2544.3,2219.38,6.42,60.64,2.544,2530.5,2603.5,2207.25,2271.65,64.4,21.708,ok,"TVD converted from deviation survey; porosity from density-porosity equation (rho_ma=2.65, rho_fl=1.0)"
PKP-01,119480.66,454002.05,2544.2,2219.3,6.7,59.67,2.5394,2530.5,2603.5,2207.25,2271.65,64.4,21.709,ok,"TVD converted from deviation survey; porosity from density-porosity equation (rho_ma=2.65, rho_fl=1.0)"
PKP-01,119480.62,454002.03,2544.1,2219.21,6.91,58.75,2.536,2530.5,2603.5,2207.25,2271.65,64.4,21.709,ok,"TVD converted from deviation survey; porosity from density-porosity equation (rho_ma=2.65, rho_fl=1.0)"
PKP-01,119480.58,454002.01,2544.0,2219.12,7.01,58.47,2.5343,2530.5,2603.5,2207.25,2271.65,64.4,21.709,ok,"TVD converted from deviation survey; porosity from density-porosity equation (rho_ma=2.65, rho_fl=1.0)"
PKP-01,119480.53,454001.99,2543.9,2219.03,7.02,59.08,2.5342,2530.5,2603.5,2207.25,2271.65,64.4,21.709,ok,"TVD converted from deviation survey; porosity from density-porosity equation (rho_ma=2.65, rho_fl=1.0)"
PKP-01,119480.49,454001.97,2543.8,2218.94,7.01,60.39,2.5343,2530.5,2603.5,2207.25,2271.65,64.4,21.709,ok,"TVD converted from deviation survey; porosity from density-porosity equation (rho_ma=2.65, rho_fl=1.0)"
PKP-01,119480.45,454001.95,2543.7,2218.86,7.1,61.95,2.5328,2530.5,2603.5,2207.25,2271.65,64.4,21.709,ok,"TVD converted from deviation survey; porosity from density-porosity equation (rho_ma=2.65, rho_fl=1.0)"
PKP-01,119480.41,454001.93,2543.6,2218.77,7.36,63.27,2.5285,2530.5,2603.5,2207.25,2271.65,64.4,21.709,ok,"TVD converted from deviation survey; porosity from density-porosity equation (rho_ma=2.65, rho_fl=1.0)"
PKP-01,119480.36,454001.91,2543.5,2218.68,7.68,63.97,2.5232,2530.5,2603.5,2207.25,2271.65,64.4,21.709,ok,"TVD converted from deviation survey; porosity from density-porosity equation (rho_ma=2.65, rho_fl=1.0)"
PKP-01,119480.32,454001.89,2543.4,2218.59,7.83,64.12,2.5208,2530.5,2603.5,2207.25,2271.65,64.4,21.709,ok,"TVD converted from deviation survey; porosity from density-porosity equation (rho_ma=2.65, rho_fl=1.0)"
PKP-01,119480.28,454001.87,2543.3,2218.5,7.65,64.15,2.5238,2530.5,2603.5,2207.25,2271.65,64.4,21.709,ok,"TVD converted from deviation survey; porosity from density-porosity equation (rho_ma=2.65, rho_fl=1.0)"
PKP-01,119480.24,454001.84,2543.2,2218.42,7.2,64.62,2.5313,2530.5,2603.5,2207.25,2271.65,64.4,21.709,ok,"TVD converted from deviation survey; porosity from density-porosity equation (rho_ma=2.65, rho_fl=1.0)"
PKP-01,119480.19,454001.82,2543.1,2218.33,6.63,65.72,2.5407,2530.5,2603.5,2207.25,2271.65,64.4,21.709,ok,"TVD converted from deviation survey; porosity from density-porosity equation (rho_ma=2.65, rho_fl=1.0)"
PKP-01,119480.15,454001.8,2543.0,2218.24,6.06,67.11,2.55,2530.5,2603.5,2207.25,2271.65,64.4,21.709,ok,"TVD converted from deviation survey; porosity from density-porosity equation (rho_ma=2.65, rho_fl=1.0)"
PKP-01,119480.11,454001.78,2542.9,2218.15,5.62,68.17,2.5573,2530.5,2603.5,2207.25,2271.65,64.4,21.709,ok,"TVD converted from deviation survey; porosity from density-porosity equation (rho_ma=2.65, rho_fl=1.0)"
PKP-01,119480.07,454001.76,2542.8,2218.06,5.3,68.51,2.5626,2530.5,2603.5,2207.25,2271.65,64.4,21.709,ok,"TVD converted from deviation survey; porosity from density-porosity equation (rho_ma=2.65, rho_fl=1.0)"
PKP-01,119480.02,454001.74,2542.7,2217.97,5.03,68.06,2.567,2530.5,2603.5,2207.25,2271.65,64.4,21.709,ok,"TVD converted from deviation survey; porosity from density-porosity equation (rho_ma=2.65, rho_fl=1.0)"
PKP-01,119479.98,454001.72,2542.6,2217.89,4.73,67.16,2.5719,2530.5,2603.5,2207.25,2271.65,64.4,21.709,ok,"TVD converted from deviation survey; porosity from density-porosity equation (rho_ma=2.65, rho_fl=1.0)"
PKP-01,119479.94,454001.7,2542.5,2217.8,4.39,66.25,2.5775,2530.5,2603.5,2207.25,2271.65,64.4,21.709,ok,"TVD converted from deviation survey; porosity from density-porosity equation (rho_ma=2.65, rho_fl=1.0)"
PKP-01,119479.9,454001.68,2542.4,2217.71,4.11,65.53,2.5822,2530.5,2603.5,2207.25,2271.65,64.4,21.709,ok,"TVD converted from deviation survey; porosity from density-porosity equation (rho_ma=2.65, rho_fl=1.0)"
PKP-01,119479.85,454001.66,2542.3,2217.62,3.94,65.06,2.585,2530.5,2603.5,2207.25,2271.65,64.4,21.709,ok,"TVD converted from deviation survey; porosity from density-porosity equation (rho_ma=2.65, rho_fl=1.0)"
PKP-01,119479.81,454001.64,2542.2,2217.53,3.89,64.81,2.5857,2530.5,2603.5,2207.25,2271.65,64.4,21.709,ok,"TVD converted from deviation survey; porosity from density-porosity equation (rho_ma=2.65, rho_fl=1.0)"
PKP-01,119479.77,454001.62,2542.1,2217.45,3.99,64.62,2.5841,2530.5,2603.5,2207.25,2271.65,64.4,21.709,ok,"TVD converted from deviation survey; porosity from density-porosity equation (rho_ma=2.65, rho_fl=1.0)"
PKP-01,119479.73,454001.59,2542.0,2217.36,4.16,64.52,2.5814,2530.5,2603.5,2207.25,2271.65,64.4,21.709,ok,"TVD converted from deviation survey; porosity from density-porosity equation (rho_ma=2.65, rho_fl=1.0)"
PKP-01,119479.68,454001.57,2541.9,2217.27,4.3,64.72,2.579,2530.5,2603.5,2207.25,2271.65,64.4,21.71,ok,"TVD converted from deviation survey; porosity from density-porosity equation (rho_ma=2.65, rho_fl=1.0)"
PKP-01,119479.64,454001.55,2541.8,2217.18,4.42,64.89,2.5771,2530.5,2603.5,2207.25,2271.65,64.4,21.71,ok,"TVD converted from deviation survey; porosity from density-porosity equation (rho_ma=2.65, rho_fl=1.0)"
PKP-01,119479.6,454001.53,2541.7,2217.09,4.43,64.66,2.5769,2530.5,2603.5,2207.25,2271.65,64.4,21.71,ok,"TVD converted from deviation survey; porosity from density-porosity equation (rho_ma=2.65, rho_fl=1.0)"
PKP-01,119479.55,454001.51,2541.6,2217.01,4.32,64.16,2.5787,2530.5,2603.5,2207.25,2271.65,64.4,21.71,ok,"TVD converted from deviation survey; porosity from density-porosity equation (rho_ma=2.65, rho_fl=1.0)"
PKP-01,119479.51,454001.49,2541.5,2216.92,4.22,63.34,2.5804,2530.5,2603.5,2207.25,2271.65,64.4,21.71,ok,"TVD converted from deviation survey; porosity from density-porosity equation (rho_ma=2.65, rho_fl=1.0)"
PKP-01,119479.47,454001.47,2541.4,2216.83,4.08,62.09,2.5827,2530.5,2603.5,2207.25,2271.65,64.4,21.71,ok,"TVD converted from deviation survey; porosity from density-porosity equation (rho_ma=2.65, rho_fl=1.0)"
PKP-01,119479.43,454001.45,2541.3,2216.74,3.83,61.1,2.5869,2530.5,2603.5,2207.25,2271.65,64.4,21.71,ok,"TVD converted from deviation survey; porosity from density-porosity equation (rho_ma=2.65, rho_fl=1.0)"
PKP-01,119479.38,454001.43,2541.2,2216.65,3.56,60.67,2.5912,2530.5,2603.5,2207.25,2271.65,64.4,21.71,ok,"TVD converted from deviation survey; porosity from density-porosity equation (rho_ma=2.65, rho_fl=1.0)"
PKP-01,119479.34,454001.41,2541.1,2216.57,3.47,60.44,2.5927,2530.5,2603.5,2207.25,2271.65,64.4,21.71,ok,"TVD converted from deviation survey; porosity from density-porosity equation (rho_ma=2.65, rho_fl=1.0)"
PKP-01,119479.3,454001.39,2541.0,2216.48,3.64,60.29,2.5899,2530.5,2603.5,2207.25,2271.65,64.4,21.71,ok,"TVD converted from deviation survey; porosity from density-porosity equation (rho_ma=2.65, rho_fl=1.0)"
PKP-01,119479.26,454001.37,2540.9,2216.39,4.09,60.22,2.5824,2530.5,2603.5,2207.25,2271.65,64.4,21.71,ok,"TVD converted from deviation survey; porosity from density-porosity equation (rho_ma=2.65, rho_fl=1.0)"
PKP-01,119479.21,454001.34,2540.8,2216.3,4.66,60.07,2.573,2530.5,2603.5,2207.25,2271.65,64.4,21.71,ok,"TVD converted from deviation survey; porosity from density-porosity equation (rho_ma=2.65, rho_fl=1.0)"
PKP-01,119479.17,454001.32,2540.7,2216.21,5.08,60.1,2.5661,2530.5,2603.5,2207.25,2271.65,64.4,21.71,ok,"TVD converted from deviation survey; porosity from density-porosity equation (rho_ma=2.65, rho_fl=1.0)"
PKP-01,119479.13,454001.3,2540.6,2216.13,5.23,60.41,2.5638,2530.5,2603.5,2207.25,2271.65,64.4,21.71,ok,"TVD converted from deviation survey; porosity from density-porosity equation (rho_ma=2.65, rho_fl=1.0)"
PKP-01,119479.09,454001.28,2540.5,2216.04,5.1,60.63,2.5658,2530.5,2603.5,2207.25,2271.65,64.4,21.71,ok,"TVD converted from deviation survey; porosity from density-porosity equation (rho_ma=2.65, rho_fl=1.0)"
PKP-01,119479.04,454001.26,2540.4,2215.95,4.86,60.58,2.5698,2530.5,2603.5,2207.25,2271.65,64.4,21.71,ok,"TVD converted from deviation survey; porosity from density-porosity equation (rho_ma=2.65, rho_fl=1.0)"
PKP-01,119479.0,454001.24,2540.3,2215.86,4.69,60.3,2.5725,2530.5,2603.5,2207.25,2271.65,64.4,21.71,ok,"TVD converted from deviation survey; porosity from density-porosity equation (rho_ma=2.65, rho_fl=1.0)"
PKP-01,119478.96,454001.22,2540.2,2215.77,4.56,59.75,2.5748,2530.5,2603.5,2207.25,2271.65,64.4,21.71,ok,"TVD converted from deviation survey; porosity from density-porosity equation (rho_ma=2.65, rho_fl=1.0)"
PKP-01,119478.92,454001.2,2540.1,2215.69,4.23,59.06,2.5803,2530.5,2603.5,2207.25,2271.65,64.4,21.71,ok,"TVD converted from deviation survey; porosity from density-porosity equation (rho_ma=2.65, rho_fl=1.0)"
PKP-01,119478.87,454001.18,2540.0,2215.6,3.66,58.6,2.5896,2530.5,2603.5,2207.25,2271.65,64.4,21.71,ok,"TVD converted from deviation survey; porosity from density-porosity equation (rho_ma=2.65, rho_fl=1.0)"
PKP-01,119478.83,454001.16,2539.9,2215.51,2.93,58.59,2.6017,2530.5,2603.5,2207.25,2271.65,64.4,21.71,ok,"TVD converted from deviation survey; porosity from density-porosity equation (rho_ma=2.65, rho_fl=1.0)"
PKP-01,119478.79,454001.14,2539.8,2215.42,1.98,59.05,2.6174,2530.5,2603.5,2207.25,2271.65,64.4,21.71,ok,"TVD converted from deviation survey; porosity from density-porosity equation (rho_ma=2.65, rho_fl=1.0)"
PKP-01,119478.75,454001.11,2539.7,2215.33,1.2,59.88,2.6302,2530.5,2603.5,2207.25,2271.65,64.4,21.71,ok,"TVD converted from deviation survey; porosity from density-porosity equation (rho_ma=2.65, rho_fl=1.0)"
PKP-01,119478.7,454001.09,2539.6,2215.25,0.99,60.72,2.6337,2530.5,2603.5,2207.25,2271.65,64.4,21.711,ok,"TVD converted from deviation survey; porosity from density-porosity equation (rho_ma=2.65, rho_fl=1.0)"
PKP-01,119478.66,454001.07,2539.5,2215.16,0.91,61.37,2.635,2530.5,2603.5,2207.25,2271.65,64.4,21.711,ok,"TVD converted from deviation survey; porosity from density-porosity equation (rho_ma=2.65, rho_fl=1.0)"
PKP-01,119478.62,454001.05,2539.4,2215.07,0.69,61.99,2.6386,2530.5,2603.5,2207.25,2271.65,64.4,21.711,ok,"TVD converted from deviation survey; porosity from density-porosity equation (rho_ma=2.65, rho_fl=1.0)"
PKP-01,119478.58,454001.03,2539.3,2214.98,0.52,62.89,2.6414,2530.5,2603.5,2207.25,2271.65,64.4,21.711,ok,"TVD converted from deviation survey; porosity from density-porosity equation (rho_ma=2.65, rho_fl=1.0)"
PKP-01,119478.53,454001.01,2539.2,2214.89,0.63,64.05,2.6397,2530.5,2603.5,2207.25,2271.65,64.4,21.711,ok,"TVD converted from deviation survey; porosity from density-porosity equation (rho_ma=2.65, rho_fl=1.0)"
PKP-01,119478.49,454000.99,2539.1,2214.81,0.96,64.97,2.6341,2530.5,2603.5,2207.25,2271.65,64.4,21.711,ok,"TVD converted from deviation survey; porosity from density-porosity equation (rho_ma=2.65, rho_fl=1.0)"
PKP-01,119478.45,454000.97,2539.0,2214.72,1.37,65.22,2.6274,2530.5,2603.5,2207.25,2271.65,64.4,21.711,ok,"TVD converted from deviation survey; porosity from density-porosity equation (rho_ma=2.65, rho_fl=1.0)"
PKP-01,119478.4,454000.95,2538.9,2214.63,1.86,64.6,2.6193,2530.5,2603.5,2207.25,2271.65,64.4,21.711,ok,"TVD converted from deviation survey; porosity from density-porosity equation (rho_ma=2.65, rho_fl=1.0)"
PKP-01,119478.36,454000.93,2538.8,2214.54,2.31,63.57,2.6118,2530.5,2603.5,2207.25,2271.65,64.4,21.711,ok,"TVD converted from deviation survey; porosity from density-porosity equation (rho_ma=2.65, rho_fl=1.0)"
PKP-01,119478.32,454000.91,2538.7,2214.45,2.49,62.88,2.6089,2530.5,2603.5,2207.25,2271.65,64.4,21.711,ok,"TVD converted from deviation survey; porosity from density-porosity equation (rho_ma=2.65, rho_fl=1.0)"
PKP-01,119478.28,454000.89,2538.6,2214.37,2.52,62.96,2.6085,2530.5,2603.5,2207.25,2271.65,64.4,21.711,ok,"TVD converted from deviation survey; porosity from density-porosity equation (rho_ma=2.65, rho_fl=1.0)"
PKP-01,119478.23,454000.86,2538.5,2214.28,2.71,63.54,2.6053,2530.5,2603.5,2207.25,2271.65,64.4,21.711,ok,"TVD converted from deviation survey; porosity from density-porosity equation (rho_ma=2.65, rho_fl=1.0)"
PKP-01,119478.19,454000.84,2538.4,2214.19,3.13,64.19,2.5984,2530.5,2603.5,2207.25,2271.65,64.4,21.711,ok,"TVD converted from deviation survey; porosity from density-porosity equation (rho_ma=2.65, rho_fl=1.0)"
PKP-01,119478.15,454000.82,2538.3,2214.1,3.68,64.57,2.5892,2530.5,2603.5,2207.25,2271.65,64.4,21.711,ok,"TVD converted from deviation survey; porosity from density-porosity equation (rho_ma=2.65, rho_fl=1.0)"
PKP-01,119478.11,454000.8,2538.2,2214.01,4.24,64.45,2.5801,2530.5,2603.5,2207.25,2271.65,64.4,21.711,ok,"TVD converted from deviation survey; porosity from density-porosity equation (rho_ma=2.65, rho_fl=1.0)"
PKP-01,119478.06,454000.78,2538.1,2213.92,4.62,63.73,2.5738,2530.5,2603.5,2207.25,2271.65,64.4,21.711,ok,"TVD converted from deviation survey; porosity from density-porosity equation (rho_ma=2.65, rho_fl=1.0)"
PKP-01,119478.02,454000.76,2538.0,2213.84,4.66,62.73,2.5731,2530.5,2603.5,2207.25,2271.65,64.4,21.711,ok,"TVD converted from deviation survey; porosity from density-porosity equation (rho_ma=2.65, rho_fl=1.0)"
PKP-01,119477.98,454000.74,2537.9,2213.75,4.34,61.75,2.5784,2530.5,2603.5,2207.25,2271.65,64.4,21.711,ok,"TVD converted from deviation survey; porosity from density-porosity equation (rho_ma=2.65, rho_fl=1.0)"
PKP-01,119477.94,454000.72,2537.8,2213.66,3.75,60.89,2.5881,2530.5,2603.5,2207.25,2271.65,64.4,21.711,ok,"TVD converted from deviation survey; porosity from density-porosity equation (rho_ma=2.65, rho_fl=1.0)"
PKP-01,119477.89,454000.7,2537.7,2213.57,3.09,60.27,2.599,2530.5,2603.5,2207.25,2271.65,64.4,21.711,ok,"TVD converted from deviation survey; porosity from density-porosity equation (rho_ma=2.65, rho_fl=1.0)"
PKP-01,119477.85,454000.68,2537.6,2213.48,2.53,60.12,2.6082,2530.5,2603.5,2207.25,2271.65,64.4,21.711,ok,"TVD converted from deviation survey; porosity from density-porosity equation (rho_ma=2.65, rho_fl=1.0)"
PKP-01,119477.81,454000.66,2537.5,2213.4,2.3,60.37,2.6121,2530.5,2603.5,2207.25,2271.65,64.4,21.711,ok,"TVD converted from deviation survey; porosity from density-porosity equation (rho_ma=2.65, rho_fl=1.0)"
PKP-01,119477.77,454000.64,2537.4,2213.31,2.41,60.67,2.6102,2530.5,2603.5,2207.25,2271.65,64.4,21.711,ok,"TVD converted from deviation survey; porosity from density-porosity equation (rho_ma=2.65, rho_fl=1.0)"
PKP-01,119477.72,454000.61,2537.3,2213.22,2.74,61.03,2.6048,2530.5,2603.5,2207.25,2271.65,64.4,21.712,ok,"TVD converted from deviation survey; porosity from density-porosity equation (rho_ma=2.65, rho_fl=1.0)"
PKP-01,119477.68,454000.59,2537.2,2213.13,3.09,61.54,2.599,2530.5,2603.5,2207.25,2271.65,64.4,21.712,ok,"TVD converted from deviation survey; porosity from density-porosity equation (rho_ma=2.65, rho_fl=1.0)"
PKP-01,119477.64,454000.57,2537.1,2213.04,3.31,61.99,2.5953,2530.5,2603.5,2207.25,2271.65,64.4,21.712,ok,"TVD converted from deviation survey; porosity from density-porosity equation (rho_ma=2.65, rho_fl=1.0)"
PKP-01,119477.6,454000.55,2537.0,2212.96,3.36,62.16,2.5945,2530.5,2603.5,2207.25,2271.65,64.4,21.712,ok,"TVD converted from deviation survey; porosity from density-porosity equation (rho_ma=2.65, rho_fl=1.0)"
PKP-01,119477.55,454000.53,2536.9,2212.87,3.39,61.99,2.594,2530.5,2603.5,2207.25,2271.65,64.4,21.712,ok,"TVD converted from deviation survey; porosity from density-porosity equation (rho_ma=2.65, rho_fl=1.0)"
PKP-01,119477.51,454000.51,2536.8,2212.78,3.51,61.5,2.5921,2530.5,2603.5,2207.25,2271.65,64.4,21.712,ok,"TVD converted from deviation survey; porosity from density-porosity equation (rho_ma=2.65, rho_fl=1.0)"
PKP-01,119477.47,454000.49,2536.7,2212.69,3.61,60.75,2.5905,2530.5,2603.5,2207.25,2271.65,64.4,21.712,ok,"TVD converted from deviation survey; porosity from density-porosity equation (rho_ma=2.65, rho_fl=1.0)"
PKP-01,119477.42,454000.47,2536.6,2212.6,3.67,59.88,2.5895,2530.5,2603.5,2207.25,2271.65,64.4,21.712,ok,"TVD converted from deviation survey; porosity from density-porosity equation (rho_ma=2.65, rho_fl=1.0)"
PKP-01,119477.38,454000.45,2536.5,2212.52,3.69,59.11,2.5892,2530.5,2603.5,2207.25,2271.65,64.4,21.712,ok,"TVD converted from deviation survey; porosity from density-porosity equation (rho_ma=2.65, rho_fl=1.0)"
PKP-01,119477.34,454000.43,2536.4,2212.43,3.63,58.66,2.5901,2530.5,2603.5,2207.25,2271.65,64.4,21.712,ok,"TVD converted from deviation survey; porosity from density-porosity equation (rho_ma=2.65, rho_fl=1.0)"
PKP-01,119477.3,454000.4,2536.3,2212.34,3.55,58.7,2.5915,2530.5,2603.5,2207.25,2271.65,64.4,21.712,ok,"TVD converted from deviation survey; porosity from density-porosity equation (rho_ma=2.65, rho_fl=1.0)"
PKP-01,119477.25,454000.38,2536.2,2212.25,3.46,59.3,2.5928,2530.5,2603.5,2207.25,2271.65,64.4,21.712,ok,"TVD converted from deviation survey; porosity from density-porosity equation (rho_ma=2.65, rho_fl=1.0)"
PKP-01,119477.21,454000.36,2536.1,2212.17,3.31,60.37,2.5953,2530.5,2603.5,2207.25,2271.65,64.4,21.712,ok,"TVD converted from deviation survey; porosity from density-porosity equation (rho_ma=2.65, rho_fl=1.0)"
PKP-01,119477.17,454000.34,2536.0,2212.08,3.11,61.71,2.5987,2530.5,2603.5,2207.25,2271.65,64.4,21.712,ok,"TVD converted from deviation survey; porosity from density-porosity equation (rho_ma=2.65, rho_fl=1.0)"
PKP-01,119477.12,454000.32,2535.9,2211.99,2.97,63.01,2.6011,2530.5,2603.5,2207.25,2271.65,64.4,21.712,ok,"TVD converted from deviation survey; porosity from density-porosity equation (rho_ma=2.65, rho_fl=1.0)"
PKP-01,119477.08,454000.3,2535.8,2211.9,2.96,63.75,2.6012,2530.5,2603.5,2207.25,2271.65,64.4,21.712,ok,"TVD converted from deviation survey; porosity from density-porosity equation (rho_ma=2.65, rho_fl=1.0)"
PKP-01,119477.04,454000.28,2535.7,2211.81,3.1,63.51,2.5989,2530.5,2603.5,2207.25,2271.65,64.4,21.712,ok,"TVD converted from deviation survey; porosity from density-porosity equation (rho_ma=2.65, rho_fl=1.0)"
PKP-01,119477.0,454000.26,2535.6,2211.73,3.34,62.24,2.5949,2530.5,2603.5,2207.25,2271.65,64.4,21.712,ok,"TVD converted from deviation survey; porosity from density-porosity equation (rho_ma=2.65, rho_fl=1.0)"
PKP-01,119476.95,454000.24,2535.5,2211.64,3.62,60.29,2.5903,2530.5,2603.5,2207.25,2271.65,64.4,21.712,ok,"TVD converted from deviation survey; porosity from density-porosity equation (rho_ma=2.65, rho_fl=1.0)"
PKP-01,119476.91,454000.21,2535.4,2211.55,3.87,58.34,2.5861,2530.5,2603.5,2207.25,2271.65,64.4,21.712,ok,"TVD converted from deviation survey; porosity from density-porosity equation (rho_ma=2.65, rho_fl=1.0)"
PKP-01,119476.87,454000.19,2535.3,2211.46,4.1,57.32,2.5824,2530.5,2603.5,2207.25,2271.65,64.4,21.712,ok,"TVD converted from deviation survey; porosity from density-porosity equation (rho_ma=2.65, rho_fl=1.0)"
PKP-01,119476.82,454000.17,2535.2,2211.37,4.24,57.9,2.5801,2530.5,2603.5,2207.25,2271.65,64.4,21.712,ok,"TVD converted from deviation survey; porosity from density-porosity equation (rho_ma=2.65, rho_fl=1.0)"
PKP-01,119476.78,454000.15,2535.1,2211.29,4.26,59.96,2.5797,2530.5,2603.5,2207.25,2271.65,64.4,21.712,ok,"TVD converted from deviation survey; porosity from density-porosity equation (rho_ma=2.65, rho_fl=1.0)"
PKP-01,119476.74,454000.13,2535.0,2211.2,4.21,62.57,2.5805,2530.5,2603.5,2207.25,2271.65,64.4,21.713,ok,"TVD converted from deviation survey; porosity from density-porosity equation (rho_ma=2.65, rho_fl=1.0)"
PKP-01,119476.7,454000.11,2534.9,2211.11,4.18,64.83,2.5811,2530.5,2603.5,2207.25,2271.65,64.4,21.713,ok,"TVD converted from deviation survey; porosity from density-porosity equation (rho_ma=2.65, rho_fl=1.0)"
PKP-01,119476.65,454000.09,2534.8,2211.02,4.18,66.26,2.5811,2530.5,2603.5,2207.25,2271.65,64.4,21.713,ok,"TVD converted from deviation survey; porosity from density-porosity equation (rho_ma=2.65, rho_fl=1.0)"
PKP-01,119476.61,454000.07,2534.7,2210.94,4.26,66.72,2.5798,2530.5,2603.5,2207.25,2271.65,64.4,21.713,ok,"TVD converted from deviation survey; porosity from density-porosity equation (rho_ma=2.65, rho_fl=1.0)"
PKP-01,119476.57,454000.04,2534.6,2210.85,4.46,66.43,2.5764,2530.5,2603.5,2207.25,2271.65,64.4,21.713,ok,"TVD converted from deviation survey; porosity from density-porosity equation (rho_ma=2.65, rho_fl=1.0)"
PKP-01,119476.52,454000.02,2534.5,2210.76,4.7,65.67,2.5725,2530.5,2603.5,2207.25,2271.65,64.4,21.713,ok,"TVD converted from deviation survey; porosity from density-porosity equation (rho_ma=2.65, rho_fl=1.0)"
PKP-01,119476.48,454000.0,2534.4,2210.67,4.82,64.61,2.5704,2530.5,2603.5,2207.25,2271.65,64.4,21.713,ok,"TVD converted from deviation survey; porosity from density-porosity equation (rho_ma=2.65, rho_fl=1.0)"
PKP-01,119476.44,453999.98,2534.3,2210.58,4.77,63.62,2.5712,2530.5,2603.5,2207.25,2271.65,64.4,21.713,ok,"TVD converted from deviation survey; porosity from density-porosity equation (rho_ma=2.65, rho_fl=1.0)"
PKP-01,119476.4,453999.96,2534.2,2210.5,4.6,63.16,2.5741,2530.5,2603.5,2207.25,2271.65,64.4,21.713,ok,"TVD converted from deviation survey; porosity from density-porosity equation (rho_ma=2.65, rho_fl=1.0)"
PKP-01,119476.35,453999.94,2534.1,2210.41,4.41,63.42,2.5772,2530.5,2603.5,2207.25,2271.65,64.4,21.713,ok,"TVD converted from deviation survey; porosity from density-porosity equation (rho_ma=2.65, rho_fl=1.0)"
PKP-01,119476.31,453999.92,2534.0,2210.32,4.27,64.36,2.5795,2530.5,2603.5,2207.25,2271.65,64.4,21.713,ok,"TVD converted from deviation survey; porosity from density-porosity equation (rho_ma=2.65, rho_fl=1.0)"
PKP-01,119476.27,453999.9,2533.9,2210.23,4.14,65.53,2.5817,2530.5,2603.5,2207.25,2271.65,64.4,21.713,ok,"TVD converted from deviation survey; porosity from density-porosity equation (rho_ma=2.65, rho_fl=1.0)"
PKP-01,119476.22,453999.88,2533.8,2210.14,3.94,66.12,2.5851,2530.5,2603.5,2207.25,2271.65,64.4,21.713,ok,"TVD converted from deviation survey; porosity from density-porosity equation (rho_ma=2.65, rho_fl=1.0)"
PKP-01,119476.18,453999.85,2533.7,2210.06,3.71,65.83,2.5888,2530.5,2603.5,2207.25,2271.65,64.4,21.713,ok,"TVD converted from deviation survey; porosity from density-porosity equation (rho_ma=2.65, rho_fl=1.0)"
PKP-01,119476.14,453999.83,2533.6,2209.97,3.72,65.09,2.5887,2530.5,2603.5,2207.25,2271.65,64.4,21.713,ok,"TVD converted from deviation survey; porosity from density-porosity equation (rho_ma=2.65, rho_fl=1.0)"
PKP-01,119476.1,453999.81,2533.5,2209.88,4.23,64.49,2.5802,2530.5,2603.5,2207.25,2271.65,64.4,21.713,ok,"TVD converted from deviation survey; porosity from density-porosity equation (rho_ma=2.65, rho_fl=1.0)"
PKP-01,119476.05,453999.79,2533.4,2209.79,5.17,64.55,2.5647,2530.5,2603.5,2207.25,2271.65,64.4,21.713,ok,"TVD converted from deviation survey; porosity from density-porosity equation (rho_ma=2.65, rho_fl=1.0)"
PKP-01,119476.01,453999.77,2533.3,2209.71,6.05,65.38,2.5502,2530.5,2603.5,2207.25,2271.65,64.4,21.713,ok,"TVD converted from deviation survey; porosity from density-porosity equation (rho_ma=2.65, rho_fl=1.0)"
PKP-01,119475.97,453999.75,2533.2,2209.62,6.47,66.34,2.5433,2530.5,2603.5,2207.25,2271.65,64.4,21.713,ok,"TVD converted from deviation survey; porosity from density-porosity equation (rho_ma=2.65, rho_fl=1.0)"
PKP-01,119475.92,453999.73,2533.1,2209.53,6.46,66.65,2.5435,2530.5,2603.5,2207.25,2271.65,64.4,21.713,ok,"TVD converted from deviation survey; porosity from density-porosity equation (rho_ma=2.65, rho_fl=1.0)"
PKP-01,119475.88,453999.71,2533.0,2209.44,6.32,65.98,2.5458,2530.5,2603.5,2207.25,2271.65,64.4,21.713,ok,"TVD converted from deviation survey; porosity from density-porosity equation (rho_ma=2.65, rho_fl=1.0)"
PKP-01,119475.84,453999.69,2532.9,2209.35,6.31,64.68,2.5458,2530.5,2603.5,2207.25,2271.65,64.4,21.713,ok,"TVD converted from deviation survey; porosity from density-porosity equation (rho_ma=2.65, rho_fl=1.0)"
PKP-01,119475.8,453999.66,2532.8,2209.27,6.53,63.6,2.5423,2530.5,2603.5,2207.25,2271.65,64.4,21.713,ok,"TVD converted from deviation survey; porosity from density-porosity equation (rho_ma=2.65, rho_fl=1.0)"
PKP-01,119475.75,453999.64,2532.7,2209.18,6.85,63.46,2.537,2530.5,2603.5,2207.25,2271.65,64.4,21.714,ok,"TVD converted from deviation survey; porosity from density-porosity equation (rho_ma=2.65, rho_fl=1.0)"
PKP-01,119475.71,453999.62,2532.6,2209.09,7.07,64.28,2.5333,2530.5,2603.5,2207.25,2271.65,64.4,21.714,ok,"TVD converted from deviation survey; porosity from density-porosity equation (rho_ma=2.65, rho_fl=1.0)"
PKP-01,119475.67,453999.6,2532.5,2209.0,7.08,65.65,2.5332,2530.5,2603.5,2207.25,2271.65,64.4,21.714,ok,"TVD converted from deviation survey; porosity from density-porosity equation (rho_ma=2.65, rho_fl=1.0)"
PKP-01,119475.62,453999.58,2532.4,2208.92,6.95,66.94,2.5353,2530.5,2603.5,2207.25,2271.65,64.4,21.714,ok,"TVD converted from deviation survey; porosity from density-porosity equation (rho_ma=2.65, rho_fl=1.0)"
PKP-01,119475.58,453999.56,2532.3,2208.83,6.78,67.59,2.5382,2530.5,2603.5,2207.25,2271.65,64.4,21.714,ok,"TVD converted from deviation survey; porosity from density-porosity equation (rho_ma=2.65, rho_fl=1.0)"
PKP-01,119475.54,453999.54,2532.2,2208.74,6.6,67.54,2.5412,2530.5,2603.5,2207.25,2271.65,64.4,21.714,ok,"TVD converted from deviation survey; porosity from density-porosity equation (rho_ma=2.65, rho_fl=1.0)"
PKP-01,119475.5,453999.52,2532.1,2208.65,6.41,67.28,2.5443,2530.5,2603.5,2207.25,2271.65,64.4,21.714,ok,"TVD converted from deviation survey; porosity from density-porosity equation (rho_ma=2.65, rho_fl=1.0)"
PKP-01,119475.45,453999.5,2532.0,2208.56,6.17,67.36,2.5481,2530.5,2603.5,2207.25,2271.65,64.4,21.714,ok,"TVD converted from deviation survey; porosity from density-porosity equation (rho_ma=2.65, rho_fl=1.0)"
PKP-01,119475.41,453999.47,2531.9,2208.48,5.94,67.87,2.552,2530.5,2603.5,2207.25,2271.65,64.4,21.714,ok,"TVD converted from deviation survey; porosity from density-porosity equation (rho_ma=2.65, rho_fl=1.0)"
PKP-01,119475.37,453999.45,2531.8,2208.39,5.8,68.48,2.5543,2530.5,2603.5,2207.25,2271.65,64.4,21.714,ok,"TVD converted from deviation survey; porosity from density-porosity equation (rho_ma=2.65, rho_fl=1.0)"
PKP-01,119475.32,453999.43,2531.7,2208.3,5.79,68.98,2.5545,2530.5,2603.5,2207.25,2271.65,64.4,21.714,ok,"TVD converted from deviation survey; porosity from density-porosity equation (rho_ma=2.65, rho_fl=1.0)"
PKP-01,119475.28,453999.41,2531.6,2208.21,6.01,69.38,2.5508,2530.5,2603.5,2207.25,2271.65,64.4,21.714,ok,"TVD converted from deviation survey; porosity from density-porosity equation (rho_ma=2.65, rho_fl=1.0)"
PKP-01,119475.24,453999.39,2531.5,2208.12,6.43,69.67,2.5438,2530.5,2603.5,2207.25,2271.65,64.4,21.714,ok,"TVD converted from deviation survey; porosity from density-porosity equation (rho_ma=2.65, rho_fl=1.0)"
PKP-01,119475.2,453999.37,2531.4,2208.04,6.78,69.71,2.5381,2530.5,2603.5,2207.25,2271.65,64.4,21.714,ok,"TVD converted from deviation survey; porosity from density-porosity equation (rho_ma=2.65, rho_fl=1.0)"
PKP-01,119475.15,453999.35,2531.3,2207.95,6.77,69.55,2.5382,2530.5,2603.5,2207.25,2271.65,64.4,21.714,ok,"TVD converted from deviation survey; porosity from density-porosity equation (rho_ma=2.65, rho_fl=1.0)"
PKP-01,119475.11,453999.33,2531.2,2207.86,6.31,69.33,2.5458,2530.5,2603.5,2207.25,2271.65,64.4,21.714,ok,"TVD converted from deviation survey; porosity from density-porosity equation (rho_ma=2.65, rho_fl=1.0)"
PKP-01,119475.07,453999.3,2531.1,2207.77,5.64,68.92,2.557,2530.5,2603.5,2207.25,2271.65,64.4,21.714,ok,"TVD converted from deviation survey; porosity from density-porosity equation (rho_ma=2.65, rho_fl=1.0)"
PKP-01,119475.03,453999.28,2531.0,2207.69,5.15,68.36,2.565,2530.5,2603.5,2207.25,2271.65,64.4,21.714,ok,"TVD converted from deviation survey; porosity from density-porosity equation (rho_ma=2.65, rho_fl=1.0)"
PKP-01,119474.98,453999.26,2530.9,2207.6,4.78,67.96,2.5712,2530.5,2603.5,2207.25,2271.65,64.4,21.714,ok,"TVD converted from deviation survey; porosity from density-porosity equation (rho_ma=2.65, rho_fl=1.0)"
PKP-01,119474.94,453999.24,2530.8,2207.51,4.25,67.73,2.5798,2530.5,2603.5,2207.25,2271.65,64.4,21.714,ok,"TVD converted from deviation survey; porosity from density-porosity equation (rho_ma=2.65, rho_fl=1.0)"
PKP-01,119474.9,453999.22,2530.7,2207.42,3.54,67.2,2.5915,2530.5,2603.5,2207.25,2271.65,64.4,21.714,ok,"TVD converted from deviation survey; porosity from density-porosity equation (rho_ma=2.65, rho_fl=1.0)"
PKP-01,119474.85,453999.2,2530.6,2207.33,2.63,65.92,2.6067,2530.5,2603.5,2207.25,2271.65,64.4,21.714,ok,"TVD converted from deviation survey; porosity from density-porosity equation (rho_ma=2.65, rho_fl=1.0)"
PKP-01,119474.81,453999.18,2530.5,2207.25,1.68,64.13,2.6223,2530.5,2603.5,2207.25,2271.65,64.4,21.714,ok,"TVD converted from deviation survey; porosity from density-porosity equation (rho_ma=2.65, rho_fl=1.0)"
